match_id,batter,batsman_runs
335982,AA Noffke,9
335982,B Akhil,0
335982,BB McCullum,158
335982,CL White,6
335982,DJ Hussey,12
335982,JH Kallis,8
335982,MV Boucher,7
335982,Mohammad Hafeez,5
335982,P Kumar,18
335982,R Dravid,2
335982,RT Ponting,20
335982,SB Joshi,3
335982,SC Ganguly,10
335982,V Kohli,1
335982,W Jaffer,6
335982,Z Khan,3
335983,IK Pathan,3
335983,JDP Oram,13
335983,JR Hopes,71
335983,K Goel,24
335983,KC Sangakkara,54
335983,MEK Hussey,116
335983,ML Hayden,25
335983,MS Dhoni,2
335983,PA Patel,15
335983,S Badrinath,31
335983,SK Raina,32
335983,SM Katich,21
335983,Yuvraj Singh,23
335984,D Salunkhe,26
335984,DS Lehmann,1
335984,G Gambhir,58
335984,M Kaif,9
335984,M Rawat,2
335984,RA Jadeja,29
335984,S Dhawan,52
335984,SK Trivedi,3
335984,SK Warne,14
335984,SR Watson,21
335984,T Kohli,7
335984,V Sehwag,12
335984,YK Pathan,10
335985,AM Nayar,20
335985,B Akhil,3
335985,DJ Thornely,0
335985,Harbhajan Singh,2
335985,JH Kallis,25
335985,L Ronchi,8
335985,LRPL Taylor,23
335985,MV Boucher,39
335985,PR Shah,19
335985,R Dravid,32
335985,RV Uthappa,48
335985,S Chanderpaul,16
335985,SM Pollock,28
335985,ST Jayasuriya,29
335985,V Kohli,23
335986,A Symonds,32
335986,AC Gilchrist,23
335986,AS Yadav,10
335986,BB McCullum,5
335986,DJ Hussey,38
335986,LR Shukla,4
335986,Mohammad Hafeez,13
335986,RG Sharma,0
335986,RP Singh,1
335986,RT Ponting,0
335986,SB Bangar,14
335986,SB Styris,6
335986,SC Ganguly,14
335986,VVS Laxman,0
335986,WP Saha,10
335986,WPUJC Vaas,0
335986,Y Venugopal Rao,14
335987,B Lee,0
335987,DPMD Jayawardene,2
335987,DS Lehmann,17
335987,IK Pathan,12
335987,JR Hopes,16
335987,K Goel,26
335987,KC Sangakkara,20
335987,Kamran Akmal,15
335987,M Kaif,5
335987,PP Chawla,24
335987,RA Jadeja,36
335987,S Sohal,4
335987,SR Watson,76
335987,WA Mota,1
335987,YK Pathan,7
335987,Yuvraj Singh,57
335988,A Symonds,12
335988,AC Gilchrist,8
335988,AS Yadav,12
335988,G Gambhir,12
335988,RG Sharma,66
335988,RP Singh,1
335988,S Dhawan,25
335988,SB Bangar,8
335988,Shahid Afridi,2
335988,V Sehwag,94
335988,VVS Laxman,2
335988,WPUJC Vaas,12
335988,Y Venugopal Rao,14
335989,A Nehra,1
335989,AM Nayar,45
335989,DJ Bravo,24
335989,Harbhajan Singh,28
335989,JDP Oram,5
335989,L Ronchi,2
335989,MA Khote,9
335989,MEK Hussey,5
335989,ML Hayden,81
335989,MS Dhoni,30
335989,PA Patel,14
335989,RV Uthappa,43
335989,S Badrinath,2
335989,SK Raina,53
335989,SM Pollock,17
335989,ST Jayasuriya,20
335990,A Symonds,117
335990,AC Gilchrist,13
335990,AS Yadav,16
335990,D Salunkhe,1
335990,GC Smith,71
335990,Kamran Akmal,12
335990,M Kaif,34
335990,Pankaj Singh,4
335990,RA Jadeja,1
335990,RG Sharma,36
335990,SK Warne,22
335990,SR Watson,4
335990,Shahid Afridi,10
335990,VVS Laxman,16
335990,YK Pathan,61
335991,A Nehra,2
335991,AM Nayar,2
335991,B Lee,16
335991,DJ Bravo,23
335991,DPMD Jayawardene,12
335991,DS Kulkarni,2
335991,Harbhajan Singh,0
335991,IK Pathan,6
335991,K Goel,18
335991,KC Sangakkara,94
335991,L Ronchi,11
335991,MA Khote,8
335991,PP Chawla,0
335991,RR Sarwan,7
335991,RV Uthappa,21
335991,S Sohal,0
335991,S Sreesanth,0
335991,SM Pollock,22
335991,SS Tiwary,17
335991,ST Jayasuriya,1
335991,VRV Singh,4
335991,Yuvraj Singh,18
335992,GC Smith,49
335992,JH Kallis,11
335992,LRPL Taylor,44
335992,M Kaif,4
335992,M Rawat,0
335992,MV Boucher,4
335992,P Kumar,34
335992,R Dravid,0
335992,R Vinay Kumar,1
335992,S Chanderpaul,2
335992,SB Joshi,3
335992,SR Watson,61
335992,V Kohli,13
335992,YK Pathan,21
335992,Z Khan,17
335993,AB Agarkar,11
335993,BB McCullum,24
335993,DJ Hussey,0
335993,I Sharma,4
335993,LR Shukla,42
335993,M Kartik,3
335993,ML Hayden,70
335993,MS Dhoni,43
335993,Mohammad Hafeez,16
335993,PA Patel,21
335993,RT Ponting,0
335993,SC Ganguly,12
335993,WP Saha,27
335994,AC Gilchrist,109
335994,AM Nayar,34
335994,AM Rahane,0
335994,DJ Bravo,34
335994,L Ronchi,13
335994,MA Khote,7
335994,RV Uthappa,6
335994,SM Pollock,31
335994,ST Jayasuriya,18
335994,VVS Laxman,37
335995,B Lee,1
335995,DPMD Jayawardene,15
335995,G Gambhir,18
335995,IK Pathan,10
335995,K Goel,1
335995,KC Sangakkara,4
335995,KD Karthik,24
335995,MF Maharoof,18
335995,MK Tiwary,39
335995,R Bhatia,17
335995,S Dhawan,0
335995,SM Katich,75
335995,Shoaib Malik,19
335995,TM Srivastava,7
335995,V Sehwag,6
335995,VY Mahesh,6
335995,Yuvraj Singh,40
335996,B Akhil,2
335996,B Chipli,8
335996,DW Steyn,1
335996,JH Kallis,14
335996,LRPL Taylor,53
335996,MEK Hussey,47
335996,ML Hayden,13
335996,MS Dhoni,65
335996,MV Boucher,4
335996,P Kumar,6
335996,PA Patel,21
335996,R Dravid,0
335996,SK Raina,28
335996,V Kohli,12
335996,W Jaffer,50
335996,Z Khan,8
335997,AB Agarkar,2
335997,AM Rahane,4
335997,BB McCullum,1
335997,DB Das,29
335997,DJ Bravo,64
335997,DJ Hussey,17
335997,LR Shukla,40
335997,M Kartik,10
335997,MK Pandey,0
335997,Mohammad Hafeez,2
335997,RT Ponting,19
335997,RV Uthappa,37
335997,SC Ganguly,4
335997,ST Jayasuriya,18
335998,G Gambhir,86
335998,JH Kallis,54
335998,KD Karthik,2
335998,LRPL Taylor,29
335998,MK Tiwary,11
335998,MV Boucher,31
335998,P Kumar,6
335998,R Bhatia,8
335998,R Dravid,38
335998,S Dhawan,50
335998,Shoaib Malik,6
335998,V Kohli,1
335998,V Sehwag,24
335998,W Jaffer,10
335999,AC Gilchrist,6
335999,D Kalyankrishna,3
335999,DNT Zoysa,1
335999,DPMD Jayawardene,45
335999,HH Gibbs,7
335999,KC Sangakkara,3
335999,RG Sharma,76
335999,RP Singh,2
335999,RR Sarwan,15
335999,SB Bangar,3
335999,SE Marsh,84
335999,Shahid Afridi,13
335999,VVS Laxman,48
335999,Y Venugopal Rao,1
335999,Yuvraj Singh,14
336000,AB Agarkar,20
336000,AB Dinda,1
336000,BJ Hodge,1
336000,DB Das,11
336000,DJ Hussey,42
336000,GC Smith,2
336000,I Sharma,1
336000,LR Shukla,2
336000,M Kaif,21
336000,M Rawat,1
336000,RA Jadeja,33
336000,SA Asnodkar,60
336000,SC Ganguly,51
336000,SK Warne,7
336000,SR Watson,0
336000,Salman Butt,7
336000,Sohail Tanvir,3
336000,Umar Gul,2
336000,WP Saha,1
336000,YK Pathan,55
336001,AB de Villiers,26
336001,G Gambhir,50
336001,JA Morkel,28
336001,MS Dhoni,32
336001,PA Patel,21
336001,S Badrinath,11
336001,S Dhawan,19
336001,S Vidyut,54
336001,SK Raina,3
336001,SP Fleming,13
336001,V Sehwag,71
336002,AC Gilchrist,46
336002,AS Yadav,8
336002,B Akhil,27
336002,CL White,31
336002,DB Ravi Teja,7
336002,HH Gibbs,47
336002,JH Kallis,31
336002,LPC Silva,0
336002,Misbah-ul-Haq,34
336002,R Dravid,31
336002,RG Sharma,17
336002,RP Singh,1
336002,V Kohli,9
336002,W Jaffer,5
336002,WPUJC Vaas,0
336002,Y Venugopal Rao,26
336003,AB Agarkar,1
336003,BJ Hodge,1
336003,DB Das,5
336003,DJ Hussey,71
336003,DPMD Jayawardene,10
336003,IK Pathan,24
336003,JR Hopes,18
336003,K Goel,6
336003,KC Sangakkara,28
336003,LR Shukla,7
336003,Mohammad Hafeez,13
336003,PP Chawla,21
336003,SC Ganguly,5
336003,SE Marsh,40
336003,WP Saha,59
336003,Yuvraj Singh,17
336004,AB de Villiers,21
336004,AM Nayar,2
336004,DJ Bravo,2
336004,DJ Thornely,30
336004,G Gambhir,1
336004,GD McGrath,0
336004,KD Karthik,28
336004,Mohammad Asif,0
336004,PJ Sangwan,2
336004,R Bhatia,9
336004,RR Raje,6
336004,RV Uthappa,22
336004,S Dhawan,1
336004,SM Pollock,33
336004,SS Tiwary,9
336004,ST Jayasuriya,34
336004,Shoaib Malik,24
336004,V Sehwag,40
336004,VY Mahesh,3
336004,YV Takawale,14
336005,GC Smith,35
336005,JA Morkel,42
336005,Joginder Sharma,0
336005,M Muralitharan,0
336005,M Ntini,11
336005,MS Dhoni,1
336005,MS Gony,1
336005,PA Patel,0
336005,S Badrinath,15
336005,S Vidyut,5
336005,SA Asnodkar,32
336005,SK Raina,27
336005,SP Fleming,0
336005,SR Watson,14
336005,YK Pathan,8
336006,A Kumble,3
336006,CL White,0
336006,DPMD Jayawardene,17
336006,DT Patil,4
336006,DW Steyn,1
336006,IK Pathan,17
336006,JH Kallis,0
336006,JR Hopes,5
336006,Misbah-ul-Haq,8
336006,P Kumar,0
336006,R Dravid,66
336006,RR Sarwan,31
336006,SE Marsh,39
336006,V Kohli,34
336006,W Jaffer,0
336006,Yuvraj Singh,1
336006,Z Khan,0
336007,AC Gilchrist,54
336007,HH Gibbs,10
336007,JA Morkel,29
336007,Joginder Sharma,16
336007,MS Dhoni,23
336007,MS Gony,15
336007,PA Patel,4
336007,RG Sharma,23
336007,S Anirudha,1
336007,S Badrinath,0
336007,SB Styris,36
336007,SK Raina,32
336007,SP Fleming,14
336007,Shahid Afridi,20
336008,AM Nayar,12
336008,DJ Bravo,1
336008,GC Smith,5
336008,M Kaif,4
336008,M Rawat,1
336008,MM Patel,0
336008,RA Jadeja,0
336008,RV Uthappa,34
336008,SA Asnodkar,39
336008,SK Trivedi,1
336008,SK Warne,7
336008,SR Watson,32
336008,ST Jayasuriya,18
336008,Sohail Tanvir,6
336008,YK Pathan,1
336008,YV Takawale,27
336009,AB de Villiers,0
336009,CK Kapugedera,8
336009,G Gambhir,80
336009,JA Morkel,30
336009,KD Karthik,6
336009,MK Tiwary,5
336009,MS Dhoni,33
336009,MS Gony,13
336009,S Badrinath,8
336009,S Dhawan,59
336009,S Vidyut,40
336009,SK Raina,1
336009,SP Fleming,44
336009,Shoaib Malik,2
336009,V Sehwag,23
336010,A Chopra,2
336010,BJ Hodge,10
336010,CL White,30
336010,DJ Hussey,26
336010,J Arunkumar,22
336010,LR Shukla,11
336010,M Kartik,17
336010,MV Boucher,50
336010,P Kumar,4
336010,R Dravid,5
336010,S Chanderpaul,7
336010,SC Ganguly,20
336010,T Taibu,15
336010,Umar Gul,6
336010,WP Saha,17
336011,AC Gilchrist,61
336011,DB Ravi Teja,6
336011,GC Smith,40
336011,HH Gibbs,19
336011,M Kaif,17
336011,PP Ojha,1
336011,RG Sharma,5
336011,RP Singh,2
336011,SB Bangar,3
336011,SB Styris,13
336011,SR Watson,5
336011,Shahid Afridi,1
336011,Y Venugopal Rao,23
336011,YK Pathan,68
336012,B Akhil,5
336012,CL White,26
336012,MV Boucher,18
336012,Misbah-ul-Haq,0
336012,P Kumar,8
336012,R Dravid,11
336012,R Vinay Kumar,23
336012,RV Uthappa,19
336012,SP Goswami,20
336012,SR Tendulkar,40
336012,ST Jayasuriya,54
336012,V Kohli,0
336013,DPMD Jayawardene,8
336013,IK Pathan,40
336013,JA Morkel,7
336013,JR Hopes,14
336013,K Goel,1
336013,MS Dhoni,60
336013,PP Chawla,17
336013,RR Sarwan,20
336013,S Badrinath,64
336013,S Vidyut,8
336013,SE Marsh,58
336013,SK Raina,26
336013,SP Fleming,1
336013,U Kaul,0
336013,VRV Singh,0
336013,Yuvraj Singh,2
336014,A Chopra,24
336014,AC Gilchrist,24
336014,DB Ravi Teja,10
336014,DJ Hussey,57
336014,HH Gibbs,5
336014,LR Shukla,14
336014,RG Sharma,33
336014,RP Singh,6
336014,SB Bangar,2
336014,SB Styris,5
336014,SC Ganguly,91
336014,Salman Butt,4
336014,T Taibu,9
336014,WPUJC Vaas,9
336014,Y Venugopal Rao,71
336015,A Mishra,4
336015,AB de Villiers,20
336015,AD Mascarenhas,9
336015,G Gambhir,31
336015,GC Smith,24
336015,KD Karthik,13
336015,M Kaif,1
336015,M Rawat,5
336015,MF Maharoof,39
336015,NK Patel,4
336015,RA Jadeja,6
336015,S Dhawan,3
336015,SK Warne,11
336015,SR Watson,74
336015,TM Dilshan,18
336015,V Sehwag,17
336015,VY Mahesh,0
336015,YK Pathan,8
336016,A Kumble,0
336016,CL White,10
336016,J Arunkumar,1
336016,JR Hopes,27
336016,LA Pomersbach,34
336016,MV Boucher,39
336016,Misbah-ul-Haq,21
336016,P Kumar,5
336016,R Dravid,29
336016,R Vinay Kumar,1
336016,SE Marsh,74
336016,V Kohli,21
336016,Z Khan,1
336017,A Chopra,13
336017,A Mishra,31
336017,AB de Villiers,7
336017,DJ Hussey,31
336017,G Gambhir,10
336017,Iqbal Abdulla,1
336017,LR Shukla,10
336017,MF Maharoof,10
336017,MK Tiwary,9
336017,PJ Sangwan,0
336017,S Dhawan,7
336017,SC Ganguly,7
336017,Salman Butt,48
336017,T Taibu,7
336017,TM Dilshan,25
336017,V Sehwag,0
336017,VY Mahesh,3
336017,WP Saha,5
336018,CK Kapugedera,0
336018,JA Morkel,5
336018,MS Dhoni,43
336018,RV Uthappa,16
336018,S Badrinath,53
336018,S Vidyut,16
336018,SK Raina,1
336018,SP Fleming,26
336018,SR Tendulkar,12
336018,ST Jayasuriya,114
336019,D Salunkhe,6
336019,JR Hopes,51
336019,Kamran Akmal,24
336019,LA Pomersbach,1
336019,M Kaif,1
336019,M Rawat,23
336019,NK Patel,57
336019,Pankaj Singh,1
336019,SE Marsh,115
336019,SR Watson,22
336019,YK Pathan,39
336019,Younis Khan,3
336019,Yuvraj Singh,49
336020,AC Gilchrist,14
336020,DB Ravi Teja,9
336020,DP Vijaykumar,1
336020,G Gambhir,79
336020,HH Gibbs,22
336020,MF Maharoof,19
336020,MK Tiwary,4
336020,PM Sarvesh Kumar,1
336020,PP Ojha,0
336020,RG Sharma,35
336020,RP Singh,1
336020,S Dhawan,68
336020,SB Styris,29
336020,Shahid Afridi,33
336020,TM Dilshan,16
336020,V Sehwag,0
336020,Y Venugopal Rao,34
336021,A Chopra,1
336021,AB Agarkar,15
336021,AB Dinda,1
336021,DJ Hussey,2
336021,DJ Thornely,1
336021,I Sharma,4
336021,LR Shukla,0
336021,Mohammad Hafeez,5
336021,RV Uthappa,9
336021,SC Ganguly,15
336021,SR Tendulkar,0
336021,ST Jayasuriya,48
336021,Salman Butt,13
336021,Shoaib Akhtar,2
336021,WP Saha,1
336022,DPMD Jayawardene,36
336022,G Gambhir,40
336022,JR Hopes,4
336022,LA Pomersbach,25
336022,MF Maharoof,0
336022,S Dhawan,8
336022,SE Marsh,2
336022,Shoaib Malik,1
336022,TM Dilshan,8
336022,V Sehwag,51
336022,Yuvraj Singh,23
336023,A Kumble,8
336023,Abdur Razzak,0
336023,CL White,10
336023,DT Patil,9
336023,GC Smith,75
336023,J Arunkumar,0
336023,JH Kallis,20
336023,Misbah-ul-Haq,0
336023,P Kumar,0
336023,R Dravid,75
336023,SA Asnodkar,50
336023,SR Watson,46
336023,V Kohli,3
336023,Z Khan,1
336024,AC Gilchrist,13
336024,AM Nayar,38
336024,DB Ravi Teja,37
336024,DJ Bravo,30
336024,DJ Thornely,8
336024,DNT Zoysa,10
336024,H Das,2
336024,LPC Silva,17
336024,PR Shah,10
336024,RG Sharma,6
336024,RP Singh,3
336024,RR Raje,1
336024,RV Uthappa,7
336024,SR Tendulkar,23
336024,ST Jayasuriya,36
336024,Shahid Afridi,0
336024,Y Venugopal Rao,57
336024,YV Takawale,5
336025,DB Das,27
336025,DJ Hussey,0
336025,LR Shukla,13
336025,Mohammad Hafeez,6
336025,PA Patel,19
336025,SC Ganguly,2
336025,SP Fleming,32
336025,Salman Butt,73
336025,WP Saha,15
336026,AB de Villiers,21
336026,B Akhil,3
336026,B Chipli,2
336026,CL White,1
336026,G Gambhir,39
336026,JH Kallis,25
336026,KD Karthik,6
336026,MF Maharoof,13
336026,Misbah-ul-Haq,47
336026,P Kumar,2
336026,R Dravid,9
336026,S Dhawan,16
336026,SP Goswami,52
336026,TM Dilshan,4
336026,V Sehwag,47
336026,Z Khan,4
336027,AB Agarkar,5
336027,DB Das,31
336027,DJ Hussey,11
336027,GC Smith,24
336027,I Sharma,2
336027,LR Shukla,15
336027,M Kaif,34
336027,Mohammad Hafeez,4
336027,SA Asnodkar,5
336027,SC Ganguly,32
336027,SR Watson,19
336027,Salman Butt,24
336027,Sohail Tanvir,13
336027,Umar Gul,7
336027,WP Saha,11
336027,YK Pathan,48
336028,A Nehra,0
336028,AM Nayar,27
336028,CRD Fernando,2
336028,DPMD Jayawardene,1
336028,DR Smith,20
336028,IK Pathan,9
336028,JR Hopes,0
336028,LA Pomersbach,79
336028,PR Shah,5
336028,RV Uthappa,9
336028,SD Chitnis,15
336028,SE Marsh,81
336028,SM Pollock,0
336028,SR Tendulkar,65
336028,ST Jayasuriya,20
336028,VS Yeligati,2
336028,Yuvraj Singh,7
336029,A Kumble,2
336029,B Akhil,6
336029,JA Morkel,1
336029,JH Kallis,5
336029,L Balaji,0
336029,M Ntini,0
336029,MS Dhoni,4
336029,MS Gony,4
336029,MV Boucher,17
336029,Misbah-ul-Haq,4
336029,P Kumar,21
336029,PA Patel,24
336029,R Dravid,47
336029,R Vinay Kumar,0
336029,S Badrinath,1
336029,S Vidyut,0
336029,SK Raina,21
336029,SP Fleming,45
336029,SP Goswami,10
336029,V Kohli,10
336031,AC Gilchrist,50
336031,DPMD Jayawardene,14
336031,HH Gibbs,44
336031,KC Sangakkara,50
336031,LA Pomersbach,13
336031,LPC Silva,23
336031,PP Chawla,16
336031,RG Sharma,50
336031,SB Styris,1
336031,SE Marsh,60
336031,Y Venugopal Rao,2
336031,Yuvraj Singh,17
336032,AM Nayar,1
336032,DR Smith,17
336032,G Gambhir,19
336032,KD Karthik,56
336032,MF Maharoof,20
336032,MK Tiwary,36
336032,PR Shah,0
336032,RV Uthappa,46
336032,S Dhawan,27
336032,SD Chitnis,3
336032,SM Pollock,16
336032,SR Tendulkar,18
336032,ST Jayasuriya,66
336032,TM Dilshan,0
336032,V Sehwag,18
336033,A Mukund,0
336033,GC Smith,91
336033,JA Morkel,71
336033,Kamran Akmal,53
336033,M Kaif,10
336033,MS Dhoni,12
336033,MS Gony,2
336033,PA Patel,54
336033,S Badrinath,1
336033,SA Asnodkar,41
336033,SK Raina,45
336033,SP Fleming,7
336033,T Kohli,3
336033,YK Pathan,6
336034,AC Gilchrist,10
336034,AS Yadav,3
336034,B Chipli,10
336034,HH Gibbs,5
336034,JH Kallis,6
336034,MV Boucher,16
336034,Misbah-ul-Haq,3
336034,P Kumar,8
336034,R Dravid,26
336034,RG Sharma,57
336034,SB Bangar,17
336034,SB Styris,2
336034,Shahid Afridi,1
336034,V Kohli,38
336034,VVS Laxman,52
336034,W Jaffer,44
336035,A Chopra,2
336035,DB Das,0
336035,DJ Hussey,12
336035,DPMD Jayawardene,11
336035,I Sharma,0
336035,IK Pathan,7
336035,JR Hopes,13
336035,KC Sangakkara,64
336035,LR Shukla,5
336035,PP Chawla,0
336035,SC Ganguly,86
336035,SE Marsh,40
336035,Salman Butt,24
336035,TM Srivastava,1
336035,Umar Gul,24
336035,WP Saha,13
336035,Yuvraj Singh,27
336036,AM Nayar,25
336036,DR Smith,8
336036,Kamran Akmal,18
336036,M Kaif,12
336036,MK Pandey,3
336036,NK Patel,40
336036,RA Jadeja,23
336036,RR Raje,1
336036,RV Uthappa,3
336036,SA Asnodkar,17
336036,SM Pollock,0
336036,SR Tendulkar,30
336036,SR Watson,18
336036,ST Jayasuriya,38
336036,YK Pathan,2
336036,YV Takawale,24
336037,AC Gilchrist,5
336037,AS Yadav,0
336037,DB Ravi Teja,40
336037,HH Gibbs,8
336037,JA Morkel,12
336037,MS Dhoni,37
336037,PA Patel,20
336037,PP Ojha,1
336037,RP Singh,10
336037,SB Styris,20
336037,SK Raina,54
336037,SP Fleming,14
336037,Shahid Afridi,1
336037,Y Venugopal Rao,46
336038,A Mishra,2
336038,G Gambhir,11
336038,GC Smith,25
336038,GD McGrath,4
336038,KD Karthik,10
336038,M Kaif,12
336038,M Rawat,2
336038,MF Maharoof,6
336038,MK Tiwary,0
336038,Mohammad Asif,3
336038,RA Jadeja,7
336038,S Dhawan,5
336038,SA Asnodkar,39
336038,SK Trivedi,1
336038,SK Warne,0
336038,SR Watson,52
336038,Sohail Tanvir,5
336038,TM Dilshan,33
336038,V Sehwag,3
336038,VY Mahesh,3
336038,YK Pathan,45
336039,DPMD Jayawardene,8
336039,IK Pathan,3
336039,JR Hopes,2
336039,KC Sangakkara,3
336039,PA Patel,51
336039,PP Chawla,12
336039,RR Powar,28
336039,S Sreesanth,0
336039,S Vidyut,6
336039,SE Marsh,23
336039,SK Raina,55
336039,WA Mota,25
336039,Yuvraj Singh,4
336040,CK Kapugedera,8
336040,JA Morkel,16
336040,Kamran Akmal,6
336040,M Kaif,12
336040,MS Dhoni,29
336040,NK Patel,2
336040,PA Patel,38
336040,RA Jadeja,0
336040,S Badrinath,6
336040,S Vidyut,16
336040,SA Asnodkar,28
336040,SK Raina,43
336040,SK Warne,9
336040,SR Watson,28
336040,Sohail Tanvir,9
336040,YK Pathan,56
392181,A Flintoff,24
392181,AM Nayar,35
392181,DJ Bravo,5
392181,Harbhajan Singh,4
392181,JDP Oram,8
392181,JP Duminy,9
392181,Joginder Sharma,16
392181,ML Hayden,44
392181,MS Dhoni,36
392181,PA Patel,0
392181,S Badrinath,0
392181,S Dhawan,22
392181,SK Raina,8
392181,SR Tendulkar,59
392181,ST Jayasuriya,26
392181,T Thushara,1
392181,Z Khan,2
392182,AD Mascarenhas,0
392182,B Akhil,9
392182,GC Smith,2
392182,JD Ryder,0
392182,KP Pietersen,32
392182,Kamran Khan,3
392182,LRPL Taylor,0
392182,M Rawat,4
392182,MM Patel,0
392182,NK Patel,4
392182,P Kumar,8
392182,R Dravid,66
392182,R Vinay Kumar,8
392182,RA Jadeja,11
392182,RV Uthappa,3
392182,SA Asnodkar,0
392182,SK Warne,3
392182,T Henderson,11
392182,V Kohli,3
392182,YK Pathan,11
392183,DPMD Jayawardene,6
392183,G Gambhir,15
392183,IK Pathan,6
392183,K Goel,38
392183,KC Sangakkara,8
392183,RS Bopara,22
392183,V Sehwag,38
392183,Yuvraj Singh,16
392184,A Chopra,11
392184,AB Agarkar,7
392184,AB Dinda,2
392184,AC Gilchrist,13
392184,BB McCullum,1
392184,BJ Hodge,31
392184,CH Gayle,10
392184,HH Gibbs,43
392184,I Sharma,9
392184,LR Shukla,8
392184,M Kartik,10
392184,MC Henriques,6
392184,RG Sharma,36
392184,SC Ganguly,1
392184,VVS Laxman,10
392185,A Flintoff,22
392185,A Kumble,1
392185,DW Steyn,0
392185,JA Morkel,5
392185,JH Kallis,24
392185,KP Pietersen,0
392185,LRPL Taylor,1
392185,ML Hayden,65
392185,MS Dhoni,16
392185,P Kumar,0
392185,PA Patel,30
392185,R Bishnoi,0
392185,R Dravid,20
392185,R Vinay Kumar,5
392185,RV Uthappa,20
392185,SK Raina,28
392185,V Kohli,11
392186,BB McCullum,21
392186,BJ Hodge,10
392186,CH Gayle,44
392186,DPMD Jayawardene,31
392186,IK Pathan,32
392186,K Goel,0
392186,KC Sangakkara,26
392186,PP Chawla,3
392186,RS Bopara,15
392186,T Kohli,1
392186,Yuvraj Singh,38
392188,A Kumble,1
392188,AC Gilchrist,71
392188,DB Ravi Teja,8
392188,FH Edwards,3
392188,HH Gibbs,13
392188,JD Ryder,0
392188,JH Kallis,15
392188,KP Pietersen,11
392188,KV Sharma,1
392188,P Kumar,14
392188,R Bishnoi,1
392188,R Dravid,48
392188,RG Sharma,52
392188,RV Uthappa,12
392188,SB Styris,14
392188,V Kohli,50
392188,VVS Laxman,5
392188,Y Venugopal Rao,9
392189,A Flintoff,16
392189,AB de Villiers,105
392189,G Gambhir,0
392189,JA Morkel,13
392189,Joginder Sharma,4
392189,KD Karthik,18
392189,M Muralitharan,0
392189,MK Tiwary,9
392189,ML Hayden,57
392189,MS Dhoni,5
392189,MS Gony,6
392189,PA Patel,16
392189,S Badrinath,7
392189,SK Raina,41
392189,TM Dilshan,50
392189,V Sehwag,6
392190,AB Agarkar,1
392190,AD Mascarenhas,27
392190,AS Raut,21
392190,BB McCullum,4
392190,BJ Hodge,5
392190,CH Gayle,54
392190,GC Smith,15
392190,I Sharma,1
392190,LR Shukla,13
392190,PC Valthaty,5
392190,RA Jadeja,22
392190,RJ Quiney,6
392190,SB Bangar,2
392190,SC Ganguly,46
392190,SK Warne,2
392190,YK Pathan,60
392190,Yashpal Singh,20
392191,A Kumble,5
392191,DPMD Jayawardene,1
392191,JD Ryder,32
392191,JH Kallis,62
392191,K Goel,19
392191,KC Sangakkara,26
392191,KP Pietersen,0
392191,LRPL Taylor,35
392191,P Kumar,13
392191,Pankaj Singh,0
392191,R Dravid,10
392191,R Vinay Kumar,1
392191,RS Bopara,84
392191,RV Uthappa,0
392191,V Kohli,2
392191,Yuvraj Singh,30
392192,AC Gilchrist,35
392192,AM Nayar,10
392192,DB Ravi Teja,9
392192,DJ Bravo,21
392192,DR Smith,35
392192,FH Edwards,1
392192,HH Gibbs,58
392192,Harbhajan Singh,20
392192,JP Duminy,47
392192,PP Ojha,0
392192,PR Shah,1
392192,RG Sharma,3
392192,RP Singh,4
392192,S Dhawan,3
392192,SR Tendulkar,36
392192,ST Jayasuriya,1
392192,VVS Laxman,0
392192,Y Venugopal Rao,9
392192,Z Khan,4
392194,AB de Villiers,21
392194,B Akhil,8
392194,G Gambhir,16
392194,JH Kallis,0
392194,KD Karthik,12
392194,KP Pietersen,37
392194,LRPL Taylor,31
392194,M Manhas,23
392194,MV Boucher,36
392194,Pankaj Singh,1
392194,RV Uthappa,3
392194,TM Dilshan,67
392194,V Kohli,22
392194,V Sehwag,7
392195,AD Mascarenhas,4
392195,AS Raut,1
392195,DPMD Jayawardene,7
392195,GC Smith,2
392195,IK Pathan,39
392195,KC Sangakkara,60
392195,M Rawat,4
392195,PP Chawla,6
392195,RA Jadeja,37
392195,RJ Quiney,7
392195,RS Bopara,11
392195,SA Asnodkar,3
392195,SK Warne,34
392195,WA Mota,1
392195,YK Pathan,10
392195,Yuvraj Singh,2
392196,AA Bilakhia,12
392196,AC Gilchrist,44
392196,DR Smith,12
392196,HH Gibbs,69
392196,JA Morkel,13
392196,JDP Oram,41
392196,ML Hayden,49
392196,MS Dhoni,22
392196,PA Patel,0
392196,RG Sharma,18
392196,S Badrinath,8
392196,SK Raina,25
392196,VVS Laxman,4
392197,AB Dinda,0
392197,AM Nayar,3
392197,AN Ghosh,0
392197,BAW Mendis,0
392197,BB McCullum,1
392197,BJ Hodge,24
392197,CH Gayle,12
392197,DJ Bravo,3
392197,Harbhajan Singh,18
392197,I Sharma,6
392197,JP Duminy,18
392197,LR Shukla,6
392197,S Dhawan,12
392197,SC Ganguly,34
392197,SR Tendulkar,68
392197,SS Tiwary,4
392197,ST Jayasuriya,52
392197,Yashpal Singh,8
392198,A Mishra,0
392198,AB de Villiers,50
392198,DL Vettori,29
392198,G Gambhir,8
392198,GC Smith,44
392198,KD Karthik,4
392198,M Manhas,23
392198,PC Valthaty,1
392198,PJ Sangwan,1
392198,RA Jadeja,16
392198,RJ Quiney,4
392198,SA Asnodkar,11
392198,SK Warne,0
392198,TM Dilshan,7
392198,V Sehwag,16
392198,YK Pathan,62
392199,AB Agarkar,6
392199,BB McCullum,0
392199,BJ Hodge,17
392199,CH Gayle,40
392199,JH Kallis,23
392199,KP Pietersen,13
392199,LR Shukla,2
392199,MK Pandey,2
392199,MN van Wyk,43
392199,MV Boucher,25
392199,RE van der Merwe,9
392199,SC Ganguly,1
392199,SP Goswami,43
392199,V Kohli,19
392199,WP Saha,21
392200,AM Nayar,15
392200,DJ Bravo,15
392200,DPMD Jayawardene,7
392200,Harbhajan Singh,6
392200,IK Pathan,7
392200,JP Duminy,59
392200,K Goel,12
392200,KC Sangakkara,45
392200,PP Chawla,0
392200,RR Powar,10
392200,RS Bopara,6
392200,S Dhawan,3
392200,SR Tendulkar,1
392200,SS Tiwary,6
392200,ST Jayasuriya,0
392200,WA Mota,5
392200,Yuvraj Singh,10
392201,AA Bilakhia,22
392201,AB de Villiers,5
392201,AC Gilchrist,8
392201,DR Smith,48
392201,G Gambhir,17
392201,HH Gibbs,0
392201,KD Karthik,41
392201,M Manhas,3
392201,PP Ojha,1
392201,RG Sharma,17
392201,RP Singh,2
392201,Shoaib Ahmed,0
392201,TL Suman,23
392201,TM Dilshan,52
392201,V Sehwag,20
392201,Y Venugopal Rao,16
392202,AD Mascarenhas,8
392202,GC Smith,2
392202,JA Morkel,4
392202,JDP Oram,2
392202,M Rawat,8
392202,ML Hayden,1
392202,MM Patel,0
392202,MS Dhoni,22
392202,PA Patel,3
392202,RA Jadeja,37
392202,RJ Quiney,28
392202,S Badrinath,29
392202,SA Asnodkar,10
392202,SK Raina,98
392202,SK Trivedi,2
392202,SK Warne,3
392202,YK Pathan,20
392203,AM Nayar,10
392203,AM Rahane,10
392203,BB McCullum,5
392203,BJ Hodge,73
392203,CH Gayle,7
392203,GR Napier,15
392203,Harbhajan Singh,6
392203,JP Duminy,52
392203,LR Shukla,6
392203,MN van Wyk,32
392203,SC Ganguly,0
392203,SR Tendulkar,34
392203,ST Jayasuriya,6
392203,WP Saha,8
392203,Z Khan,2
392204,A Kumble,1
392204,DPMD Jayawardene,19
392204,IK Pathan,12
392204,JD Ryder,2
392204,JH Kallis,27
392204,K Goel,20
392204,KC Sangakkara,17
392204,KP Appanna,0
392204,MV Boucher,2
392204,P Kumar,9
392204,PP Chawla,3
392204,R Bishnoi,18
392204,RE van der Merwe,35
392204,RV Uthappa,19
392204,SM Katich,3
392204,SP Goswami,10
392204,TM Srivastava,0
392204,V Kohli,16
392204,Yuvraj Singh,50
392205,AA Bilakhia,1
392205,AC Gilchrist,39
392205,AS Raut,36
392205,DR Smith,7
392205,GC Smith,0
392205,HH Gibbs,8
392205,LA Carseldine,39
392205,NV Ojha,0
392205,RA Jadeja,12
392205,RG Sharma,38
392205,SA Asnodkar,0
392205,SK Warne,21
392205,SM Harwood,3
392205,TL Suman,41
392205,YK Pathan,24
392206,A Mishra,11
392206,AB de Villiers,0
392206,DA Warner,51
392206,G Gambhir,13
392206,JA Morkel,6
392206,JDP Oram,3
392206,KD Karthik,52
392206,L Balaji,2
392206,M Manhas,0
392206,M Muralitharan,3
392206,M Vijay,14
392206,ML Hayden,30
392206,MS Dhoni,6
392206,PJ Sangwan,0
392206,R Bhatia,2
392206,S Badrinath,45
392206,SB Jakati,13
392206,SK Raina,32
392206,TM Dilshan,13
392207,BB McCullum,19
392207,BJ Hodge,70
392207,CH Gayle,17
392207,DPMD Jayawardene,52
392207,IK Pathan,19
392207,KC Sangakkara,0
392207,MN van Wyk,18
392207,S Sohal,25
392207,SC Ganguly,22
392207,SM Katich,34
392207,Yuvraj Singh,14
392208,AM Nayar,29
392208,AM Rahane,0
392208,DJ Bravo,50
392208,JH Kallis,69
392208,JP Duminy,1
392208,RV Uthappa,66
392208,SR Tendulkar,11
392208,ST Jayasuriya,52
392208,W Jaffer,7
392209,AC Gilchrist,0
392209,DR Smith,49
392209,HH Gibbs,0
392209,JA Morkel,4
392209,M Vijay,31
392209,ML Hayden,43
392209,MS Dhoni,58
392209,PP Ojha,0
392209,RG Sharma,21
392209,RJ Harris,1
392209,RP Singh,2
392209,SK Raina,32
392209,Shoaib Ahmed,1
392209,TL Suman,17
392209,VVS Laxman,0
392209,Y Venugopal Rao,2
392210,AS Raut,1
392210,DPMD Jayawardene,9
392210,GC Smith,77
392210,IK Pathan,19
392210,K Goel,1
392210,KC Sangakkara,11
392210,LA Carseldine,16
392210,NV Ojha,68
392210,PP Chawla,6
392210,RA Jadeja,33
392210,RR Powar,6
392210,S Sohal,0
392210,S Sreesanth,4
392210,SM Katich,10
392210,YK Pathan,12
392210,Yuvraj Singh,48
392211,BB McCullum,35
392211,BJ Hodge,10
392211,DA Warner,36
392211,G Gambhir,71
392211,MC Henriques,30
392211,MN van Wyk,74
392211,TM Dilshan,42
392211,WP Saha,1
392212,AC Gilchrist,25
392212,AM Nayar,1
392212,DB Ravi Teja,4
392212,DJ Bravo,13
392212,DR Smith,16
392212,DS Kulkarni,7
392212,HH Gibbs,0
392212,Harbhajan Singh,0
392212,JP Duminy,52
392212,PR Shah,29
392212,RG Sharma,38
392212,RJ Harris,5
392212,RR Raje,11
392212,SR Tendulkar,2
392212,SS Tiwary,3
392212,ST Jayasuriya,5
392212,TL Suman,20
392212,Y Venugopal Rao,28
392213,D du Preez,10
392213,GC Smith,20
392213,JH Kallis,10
392213,LA Carseldine,9
392213,MV Boucher,6
392213,NV Ojha,52
392213,P Kumar,7
392213,R Dravid,0
392213,R Vinay Kumar,12
392213,RA Jadeja,1
392213,RE van der Merwe,15
392213,RV Uthappa,17
392213,V Kohli,15
392213,W Jaffer,8
392213,YK Pathan,22
392214,DPMD Jayawardene,44
392214,JA Morkel,2
392214,K Goel,14
392214,ML Hayden,89
392214,MS Dhoni,56
392214,S Badrinath,0
392214,S Sohal,2
392214,SK Raina,32
392214,SM Katich,50
392214,Yuvraj Singh,58
392215,AB de Villiers,50
392215,AM Nayar,18
392215,AM Rahane,12
392215,DA Warner,21
392215,DJ Bravo,35
392215,DS Kulkarni,1
392215,G Gambhir,19
392215,Harbhajan Singh,10
392215,JP Duminy,0
392215,KD Karthik,5
392215,L Ronchi,0
392215,PR Shah,11
392215,RR Raje,1
392215,SR Tendulkar,15
392215,TM Dilshan,17
392216,A Symonds,60
392216,AC Gilchrist,20
392216,B Lee,14
392216,DPMD Jayawardene,43
392216,HH Gibbs,13
392216,IK Pathan,10
392216,KC Sangakkara,25
392216,PP Chawla,8
392216,RG Sharma,9
392216,S Sohal,30
392216,SM Katich,9
392216,TL Suman,27
392216,WA Mota,3
392216,Y Venugopal Rao,32
392216,Yuvraj Singh,18
392217,AS Raut,7
392217,GC Smith,30
392217,JDP Oram,1
392217,LA Carseldine,9
392217,M Vijay,10
392217,ML Hayden,48
392217,NV Ojha,0
392217,RA Jadeja,27
392217,S Badrinath,59
392217,SA Asnodkar,26
392217,SK Raina,13
392217,SK Warne,21
392217,SM Harwood,6
392217,YK Pathan,7
392218,A Kumble,7
392218,AM Rahane,62
392218,JH Kallis,12
392218,JP Duminy,59
392218,LRPL Taylor,16
392218,MV Boucher,48
392218,R Dravid,10
392218,R Vinay Kumar,7
392218,RE van der Merwe,3
392218,RV Uthappa,4
392218,SR Tendulkar,0
392218,ST Jayasuriya,29
392218,V Kohli,20
392219,AB Agarkar,39
392219,AB de Villiers,40
392219,BB McCullum,6
392219,BJ Hodge,0
392219,DA Warner,36
392219,G Gambhir,18
392219,KD Karthik,17
392219,M Kartik,11
392219,MC Henriques,2
392219,MN van Wyk,0
392219,SC Ganguly,44
392219,TM Dilshan,1
392219,WP Saha,0
392219,Yashpal Singh,13
392220,A Symonds,30
392220,AC Gilchrist,10
392220,AS Raut,1
392220,DB Ravi Teja,7
392220,DR Smith,47
392220,GC Smith,1
392220,LA Carseldine,8
392220,M Morkel,8
392220,MM Patel,5
392220,NV Ojha,16
392220,RA Jadeja,19
392220,RG Sharma,9
392220,SA Asnodkar,44
392220,SK Trivedi,1
392220,SK Warne,0
392220,TL Suman,29
392220,WPUJC Vaas,20
392220,Y Venugopal Rao,12
392220,YK Pathan,6
392221,AD Mathews,16
392221,AN Ghosh,7
392221,BB McCullum,84
392221,DJ Hussey,43
392221,JD Ryder,22
392221,JH Kallis,32
392221,LRPL Taylor,81
392221,MV Boucher,13
392221,R Dravid,12
392221,RV Uthappa,7
392221,SC Ganguly,4
392221,WP Saha,10
392222,AM Rahane,1
392222,B Lee,8
392222,DJ Bravo,70
392222,IK Pathan,0
392222,K Goel,20
392222,KC Sangakkara,8
392222,LA Pomersbach,5
392222,S Sohal,43
392222,S Sreesanth,1
392222,SM Katich,0
392222,SR Tendulkar,41
392222,ST Jayasuriya,4
392222,WA Mota,4
392222,Yuvraj Singh,12
392223,A Mishra,2
392223,A Symonds,41
392223,AB de Villiers,44
392223,AC Gilchrist,64
392223,DA Warner,4
392223,DB Ravi Teja,27
392223,DR Smith,1
392223,G Gambhir,19
392223,KD Karthik,44
392223,PP Ojha,0
392223,R Bhatia,0
392223,RG Sharma,6
392223,RP Singh,0
392223,Shoaib Ahmed,0
392223,TL Suman,3
392223,TM Dilshan,37
392223,V Sehwag,11
392223,WPUJC Vaas,10
392223,Y Venugopal Rao,1
392224,B Akhil,0
392224,JA Morkel,9
392224,JDP Oram,7
392224,JH Kallis,0
392224,L Balaji,0
392224,LRPL Taylor,46
392224,M Muralitharan,4
392224,M Vijay,5
392224,ML Hayden,60
392224,MS Dhoni,18
392224,MV Boucher,5
392224,P Kumar,12
392224,R Dravid,8
392224,R Vinay Kumar,6
392224,RE van der Merwe,3
392224,RV Uthappa,6
392224,S Badrinath,2
392224,SB Jakati,7
392224,SK Raina,13
392224,V Kohli,38
392225,AM Nayar,35
392225,AM Rahane,3
392225,C Nanda,0
392225,DJ Bravo,1
392225,DS Kulkarni,1
392225,GC Smith,19
392225,Harbhajan Singh,7
392225,J Botha,2
392225,JP Duminy,4
392225,NV Ojha,1
392225,RA Jadeja,42
392225,RJ Quiney,51
392225,SD Chitnis,6
392225,SL Malinga,0
392225,SR Tendulkar,40
392225,ST Jayasuriya,16
392225,YK Pathan,17
392225,YV Takawale,18
392226,A Nehra,1
392226,AB de Villiers,11
392226,DL Vettori,1
392226,G Gambhir,8
392226,IK Pathan,21
392226,KC Sangakkara,43
392226,KD Karthik,32
392226,LA Pomersbach,9
392226,M Manhas,26
392226,MF Maharoof,3
392226,PJ Sangwan,5
392226,R Bhatia,0
392226,S Sohal,3
392226,SM Katich,20
392226,TM Dilshan,10
392226,V Sehwag,9
392226,Yuvraj Singh,18
392227,AM Nayar,33
392227,DJ Bravo,5
392227,Harbhajan Singh,1
392227,JP Duminy,62
392227,ML Hayden,60
392227,MS Dhoni,23
392227,PA Patel,0
392227,S Badrinath,22
392227,SK Raina,20
392227,SR Tendulkar,11
392227,ST Jayasuriya,30
392228,A Symonds,18
392228,AC Gilchrist,43
392228,BB McCullum,20
392228,BJ Hodge,48
392228,DJ Hussey,43
392228,HH Gibbs,28
392228,Mashrafe Mortaza,2
392228,RG Sharma,32
392228,SC Ganguly,33
392228,TL Suman,31
392228,WP Saha,7
392228,Y Venugopal Rao,7
392229,A Symonds,25
392229,AC Gilchrist,23
392229,B Lee,0
392229,DB Ravi Teja,10
392229,HH Gibbs,26
392229,IK Pathan,17
392229,KC Sangakkara,56
392229,LA Pomersbach,1
392229,PP Chawla,1
392229,RG Sharma,42
392229,RJ Harris,2
392229,RP Singh,0
392229,S Sohal,9
392229,SM Katich,11
392229,TL Suman,0
392229,WA Mota,12
392229,Y Venugopal Rao,0
392229,Yuvraj Singh,20
392230,A Singh,0
392230,AB de Villiers,79
392230,AS Raut,11
392230,G Gambhir,8
392230,GC Smith,0
392230,J Botha,37
392230,KD Karthik,23
392230,MM Patel,23
392230,NV Ojha,9
392230,RA Jadeja,24
392230,RJ Quiney,6
392230,SK Trivedi,6
392230,SK Warne,6
392230,TM Dilshan,33
392230,V Sehwag,2
392230,YK Pathan,1
392231,BB McCullum,81
392231,BJ Hodge,71
392231,DJ Hussey,3
392231,GJ Bailey,30
392231,JA Morkel,21
392231,MS Dhoni,40
392231,PA Patel,25
392231,SC Ganguly,4
392231,SK Raina,52
392231,WP Saha,25
392232,AB McDonald,3
392232,AB de Villiers,28
392232,DL Vettori,4
392232,G Gambhir,27
392232,JH Kallis,58
392232,KD Karthik,31
392232,LRPL Taylor,25
392232,M Manhas,0
392232,MF Maharoof,18
392232,MV Boucher,10
392232,R Dravid,38
392232,RV Uthappa,1
392232,V Sehwag,0
392232,Y Nagar,20
392233,A Singh,1
392233,AB Agarkar,13
392233,BB McCullum,9
392233,BJ Hodge,6
392233,DJ Hussey,9
392233,J Botha,8
392233,LR Shukla,48
392233,MM Patel,5
392233,NK Patel,14
392233,NV Ojha,22
392233,RA Jadeja,14
392233,RJ Quiney,1
392233,SA Asnodkar,4
392233,SC Ganguly,0
392233,SK Warne,18
392233,SS Shaikh,6
392233,T Henderson,0
392233,YK Pathan,9
392233,Yashpal Singh,6
392234,B Lee,6
392234,GJ Bailey,15
392234,IK Pathan,14
392234,JDP Oram,17
392234,KC Sangakkara,7
392234,L Balaji,2
392234,LA Pomersbach,26
392234,M Muralitharan,1
392234,MS Dhoni,2
392234,MS Gony,7
392234,PA Patel,32
392234,PP Chawla,4
392234,R Ashwin,8
392234,RR Powar,7
392234,S Badrinath,4
392234,S Sohal,3
392234,SK Raina,20
392234,SM Katich,8
392234,T Thushara,1
392234,WA Mota,5
392234,Yuvraj Singh,6
392235,A Mishra,13
392235,AB de Villiers,6
392235,AM Nayar,4
392235,AM Rahane,56
392235,DA Warner,15
392235,G Gambhir,47
392235,Harbhajan Singh,12
392235,JP Duminy,9
392235,KD Karthik,0
392235,Mohammad Ashraful,2
392235,PR Shah,12
392235,R Bhatia,2
392235,SR Tendulkar,46
392235,ST Jayasuriya,0
392235,TM Dilshan,24
392235,V Sehwag,50
392236,A Symonds,18
392236,AA Bilakhia,16
392236,AC Gilchrist,15
392236,HH Gibbs,60
392236,JH Kallis,5
392236,LRPL Taylor,1
392236,MK Pandey,114
392236,R Dravid,6
392236,RE van der Merwe,23
392236,RG Sharma,12
392236,RJ Harris,4
392236,TL Suman,12
392236,V Kohli,19
392236,Y Venugopal Rao,8
392237,A Mishra,0
392237,A Symonds,24
392237,AA Bilakhia,10
392237,AB de Villiers,26
392237,AC Gilchrist,85
392237,DA Warner,0
392237,G Gambhir,0
392237,HH Gibbs,0
392237,KD Karthik,9
392237,PJ Sangwan,0
392237,R Bhatia,4
392237,RG Sharma,5
392237,TL Suman,24
392237,TM Dilshan,65
392237,V Sehwag,39
392238,JA Morkel,20
392238,JDP Oram,9
392238,JH Kallis,9
392238,LRPL Taylor,17
392238,MK Pandey,48
392238,ML Hayden,26
392238,MS Dhoni,28
392238,PA Patel,36
392238,R Dravid,44
392238,RE van der Merwe,2
392238,S Badrinath,1
392238,SK Raina,20
392238,V Kohli,24
392239,A Kumble,1
392239,A Symonds,33
392239,AA Bilakhia,6
392239,AC Gilchrist,0
392239,HH Gibbs,53
392239,JH Kallis,15
392239,LRPL Taylor,27
392239,MK Pandey,4
392239,MV Boucher,5
392239,P Kumar,2
392239,R Dravid,9
392239,R Vinay Kumar,8
392239,RE van der Merwe,32
392239,RG Sharma,24
392239,RJ Harris,9
392239,RV Uthappa,17
392239,TL Suman,10
392239,V Kohli,7
392239,Y Venugopal Rao,0
419106,A Symonds,5
419106,AC Gilchrist,54
419106,AD Mathews,65
419106,Anirudh Singh,14
419106,BJ Hodge,13
419106,CA Pujara,10
419106,HH Gibbs,19
419106,Jaskaran Singh,4
419106,MK Tiwary,0
419106,OA Shah,58
419106,RG Sharma,13
419106,SC Ganguly,0
419106,TL Suman,7
419106,VVS Laxman,22
419106,WPUJC Vaas,0
419107,A Uniyal,0
419107,AA Jhunjhunwala,14
419107,AD Mascarenhas,9
419107,AP Tare,23
419107,AT Rayudu,55
419107,GC Smith,26
419107,Harbhajan Singh,8
419107,NV Ojha,12
419107,P Dogra,41
419107,R McLaren,11
419107,R Sathish,6
419107,SK Warne,1
419107,SR Tendulkar,17
419107,SS Tiwary,53
419107,ST Jayasuriya,23
419107,YK Pathan,100
419108,AB de Villiers,7
419108,DPMD Jayawardene,0
419108,G Gambhir,72
419108,IK Pathan,21
419108,KC Sangakkara,17
419108,KD Karthik,20
419108,M Kaif,6
419108,M Manhas,31
419108,MF Maharoof,1
419108,MS Bisla,2
419108,PP Chawla,5
419108,RR Powar,3
419108,RS Bopara,56
419108,S Sreesanth,15
419108,TM Dilshan,0
419108,V Sehwag,8
419108,YA Abdulla,0
419108,Yuvraj Singh,4
419109,BJ Hodge,50
419109,CA Pujara,5
419109,EJG Morgan,10
419109,JH Kallis,65
419109,MK Pandey,0
419109,MK Tiwary,50
419109,OA Shah,2
419109,P Kumar,3
419109,R Dravid,21
419109,RE van der Merwe,1
419109,RV Uthappa,20
419109,SC Ganguly,23
419109,SP Goswami,8
419109,V Kohli,2
419110,A Symonds,50
419110,AC Gilchrist,38
419110,HH Gibbs,45
419110,JA Morkel,42
419110,JM Kemp,22
419110,L Balaji,15
419110,M Muralitharan,1
419110,M Vijay,3
419110,ML Hayden,17
419110,MS Dhoni,42
419110,R Ashwin,0
419110,RG Sharma,19
419110,S Badrinath,5
419110,S Tyagi,3
419110,SK Raina,6
419110,TL Suman,10
419110,VVS Laxman,12
419111,A Uniyal,4
419111,AA Jhunjhunwala,53
419111,AB de Villiers,15
419111,AD Mascarenhas,3
419111,G Gambhir,9
419111,GC Smith,18
419111,KD Karthik,23
419111,M Manhas,11
419111,NV Ojha,24
419111,P Dogra,29
419111,SA Asnodkar,5
419111,TM Dilshan,0
419111,V Sehwag,75
419111,YK Pathan,0
419112,DPMD Jayawardene,26
419112,IK Pathan,3
419112,JH Kallis,89
419112,MK Pandey,38
419112,MS Bisla,75
419112,RS Bopara,77
419112,RV Uthappa,51
419112,V Kohli,16
419112,Yuvraj Singh,9
419113,AD Mathews,6
419113,BJ Hodge,0
419113,I Sharma,6
419113,LR Shukla,19
419113,M Kartik,21
419113,M Vijay,33
419113,MK Tiwary,8
419113,ML Hayden,1
419113,MS Dhoni,66
419113,OA Shah,5
419113,RS Gavaskar,2
419113,S Badrinath,43
419113,SC Ganguly,11
419113,SE Bond,1
419113,SK Raina,18
419113,WP Saha,22
419114,A Mishra,3
419114,AB de Villiers,11
419114,AP Tare,17
419114,AT Rayudu,34
419114,DJ Bravo,9
419114,DP Nannes,3
419114,KA Pollard,10
419114,KD Karthik,16
419114,M Manhas,1
419114,MF Maharoof,28
419114,PJ Sangwan,4
419114,S Ladda,0
419114,SR Tendulkar,63
419114,SS Tiwary,61
419114,ST Jayasuriya,7
419114,TM Dilshan,17
419114,V Sehwag,26
419115,AA Jhunjhunwala,5
419115,DR Martyn,19
419115,JH Kallis,44
419115,M Morkel,2
419115,MJ Lumb,10
419115,MK Pandey,42
419115,MM Patel,0
419115,NV Ojha,16
419115,P Dogra,3
419115,S Narwal,0
419115,SK Trivedi,0
419115,SK Warne,4
419115,YK Pathan,26
419116,A Mishra,6
419116,AB de Villiers,2
419116,DA Warner,6
419116,JA Morkel,0
419116,JM Kemp,4
419116,KD Karthik,19
419116,M Manhas,32
419116,M Vijay,14
419116,ML Hayden,93
419116,PA Patel,6
419116,R Bhatia,21
419116,S Badrinath,14
419116,SK Raina,49
419116,TM Dilshan,15
419116,V Sehwag,74
419117,A Symonds,53
419117,AB Barath,7
419117,AC Gilchrist,33
419117,Anirudh Singh,0
419117,Bipul Sharma,8
419117,DPMD Jayawardene,14
419117,HH Gibbs,23
419117,IK Pathan,60
419117,Jaskaran Singh,3
419117,KC Sangakkara,0
419117,MS Bisla,0
419117,PP Chawla,9
419117,RG Sharma,1
419117,RP Singh,4
419117,RS Bopara,38
419117,S Sreesanth,12
419117,TL Suman,26
419117,VVS Laxman,10
419117,WPUJC Vaas,16
419117,Yuvraj Singh,4
419118,AA Jhunjhunwala,45
419118,AC Voges,37
419118,BJ Hodge,36
419118,CA Pujara,29
419118,FY Fazal,31
419118,MJ Lumb,0
419118,MK Tiwary,11
419118,MM Patel,4
419118,NV Ojha,27
419118,OA Shah,19
419118,P Dogra,0
419118,SC Ganguly,33
419118,SK Warne,1
419118,WP Saha,1
419118,YK Pathan,15
419119,AP Tare,9
419119,AT Rayudu,3
419119,DJ Bravo,1
419119,EJG Morgan,7
419119,Harbhajan Singh,4
419119,JH Kallis,66
419119,KA Pollard,21
419119,MK Pandey,40
419119,R Sathish,24
419119,RV Uthappa,23
419119,SR Tendulkar,25
419119,SS Tiwary,25
419119,ST Jayasuriya,2
419119,V Kohli,17
419119,Z Khan,23
419120,A Mishra,0
419120,A Symonds,35
419120,AB de Villiers,27
419120,AC Gilchrist,24
419120,DA Warner,57
419120,DP Nannes,1
419120,HH Gibbs,31
419120,KD Karthik,46
419120,M Manhas,8
419120,MC Henriques,11
419120,MD Mishra,1
419120,RG Sharma,45
419120,S Ladda,0
419120,TL Suman,29
419120,UT Yadav,3
419120,V Sehwag,3
419120,WPUJC Vaas,3
419120,Y Nagar,1
419120,Y Venugopal Rao,1
419121,DPMD Jayawardene,9
419121,IK Pathan,39
419121,J Theron,0
419121,JA Morkel,13
419121,KC Sangakkara,15
419121,M Kaif,14
419121,M Vijay,0
419121,ML Hayden,33
419121,MS Bisla,7
419121,MS Gony,2
419121,PA Patel,57
419121,PP Chawla,8
419121,R Ashwin,2
419121,RR Powar,2
419121,RS Bopara,1
419121,S Badrinath,2
419121,SK Raina,23
419121,Yuvraj Singh,47
419122,AD Mathews,3
419122,CH Gayle,75
419122,KA Pollard,7
419122,OA Shah,31
419122,R Sathish,21
419122,S Dhawan,23
419122,SC Ganguly,31
419122,SR Tendulkar,71
419122,SS Tiwary,30
419123,EJG Morgan,1
419123,GJ Bailey,18
419123,JA Morkel,19
419123,JH Kallis,19
419123,L Balaji,0
419123,M Vijay,3
419123,MK Pandey,20
419123,ML Hayden,32
419123,MV Boucher,11
419123,PA Patel,1
419123,R Ashwin,11
419123,R Dravid,14
419123,RV Uthappa,68
419123,S Badrinath,31
419123,SK Raina,9
419123,V Kohli,24
419124,AC Voges,45
419124,DPMD Jayawardene,23
419124,FY Fazal,45
419124,IK Pathan,1
419124,J Theron,2
419124,KC Sangakkara,29
419124,M Kaif,8
419124,MJ Lumb,41
419124,MS Bisla,35
419124,NV Ojha,13
419124,P Dogra,1
419124,PP Chawla,8
419124,RS Bopara,25
419124,S Sreesanth,0
419124,SJ Srivastava,0
419124,YK Pathan,28
419124,Yuvraj Singh,15
419125,DJ Bravo,11
419125,KA Pollard,20
419125,ML Hayden,20
419125,PA Patel,8
419125,R McLaren,1
419125,R Sathish,5
419125,S Badrinath,55
419125,S Dhawan,56
419125,SK Raina,83
419125,SR Tendulkar,72
419125,SS Tiwary,2
419126,A Symonds,22
419126,AC Gilchrist,1
419126,FY Fazal,8
419126,HH Gibbs,25
419126,MJ Lumb,45
419126,NV Ojha,14
419126,R Sharma,10
419126,RG Sharma,49
419126,RP Singh,1
419126,TL Suman,9
419126,VVS Laxman,10
419126,WPUJC Vaas,8
419126,Y Venugopal Rao,2
419126,YK Pathan,73
419127,AD Mathews,19
419127,B Lee,7
419127,CH Gayle,14
419127,DJ Hussey,3
419127,DPMD Jayawardene,16
419127,IK Pathan,22
419127,K Goel,17
419127,KC Sangakkara,30
419127,MK Tiwary,75
419127,MS Bisla,22
419127,Mandeep Singh,4
419127,RS Bopara,0
419127,SC Ganguly,50
419127,Yuvraj Singh,24
419128,A Kumble,1
419128,AB McDonald,18
419128,AB de Villiers,45
419128,DA Warner,33
419128,DW Steyn,8
419128,EJG Morgan,17
419128,JH Kallis,27
419128,KD Karthik,17
419128,KM Jadhav,50
419128,MK Pandey,39
419128,MV Boucher,2
419128,P Kumar,0
419128,R Dravid,1
419128,R Vinay Kumar,2
419128,RV Uthappa,15
419128,V Kohli,38
419128,V Sehwag,12
419129,AA Jhunjhunwala,11
419129,AC Voges,20
419129,FY Fazal,17
419129,JA Morkel,28
419129,KB Arun Karthik,3
419129,M Vijay,42
419129,MJ Lumb,30
419129,ML Hayden,19
419129,MS Dhoni,21
419129,NV Ojha,80
419129,P Dogra,5
419129,S Badrinath,25
419129,S Narwal,2
419129,SK Raina,14
419129,SW Tait,1
419129,T Thushara,2
419129,YK Pathan,8
419130,A Symonds,1
419130,AC Gilchrist,0
419130,AT Rayudu,6
419130,DJ Bravo,23
419130,HH Gibbs,27
419130,Harbhajan Singh,49
419130,Jaskaran Singh,1
419130,KA Pollard,1
419130,KAJ Roach,10
419130,MD Mishra,13
419130,R McLaren,13
419130,R Sathish,3
419130,RG Sharma,45
419130,RP Singh,1
419130,S Dhawan,8
419130,SR Tendulkar,55
419130,SS Tiwary,4
419130,TL Suman,15
419130,Y Venugopal Rao,7
419131,AB Agarkar,17
419131,AD Mathews,24
419131,CH Gayle,30
419131,CK Langeveldt,0
419131,DA Warner,107
419131,DJ Hussey,29
419131,G Gambhir,1
419131,KD Karthik,0
419131,KM Jadhav,4
419131,M Kartik,1
419131,MK Tiwary,0
419131,Mandeep Singh,0
419131,PD Collingwood,53
419131,SC Ganguly,5
419131,V Sehwag,8
419131,WP Saha,20
419132,AT Rayudu,9
419132,B Lee,3
419132,DJ Bravo,8
419132,DPMD Jayawardene,20
419132,Harbhajan Singh,1
419132,IK Pathan,18
419132,K Goel,1
419132,KA Pollard,20
419132,MS Bisla,11
419132,PP Chawla,22
419132,R Sathish,17
419132,RS Bopara,1
419132,S Dhawan,50
419132,SE Marsh,57
419132,SJ Srivastava,1
419132,SR Tendulkar,11
419132,SS Tiwary,31
419132,VS Malik,6
419132,Yuvraj Singh,2
419133,CL White,21
419133,JA Morkel,1
419133,JH Kallis,52
419133,KP Pietersen,23
419133,M Vijay,78
419133,MK Pandey,5
419133,ML Hayden,12
419133,MS Dhoni,14
419133,RV Uthappa,21
419133,S Badrinath,7
419133,SK Raina,40
419133,V Kohli,34
419134,AA Jhunjhunwala,2
419134,AB McDonald,14
419134,AC Voges,15
419134,DA Warner,4
419134,FY Fazal,0
419134,G Gambhir,43
419134,KD Karthik,69
419134,KM Jadhav,10
419134,MJ Lumb,0
419134,NV Ojha,27
419134,P Dogra,20
419134,PD Collingwood,16
419134,S Narwal,12
419134,SK Trivedi,7
419134,SK Warne,0
419134,SW Tait,11
419134,V Sehwag,19
419134,YK Pathan,24
419135,A Symonds,45
419135,AB Agarkar,8
419135,AC Gilchrist,9
419135,AD Mathews,4
419135,CA Pujara,17
419135,CH Gayle,4
419135,DJ Hussey,31
419135,HH Gibbs,50
419135,MD Mishra,29
419135,MK Tiwary,5
419135,RG Sharma,2
419135,SC Ganguly,88
419135,TL Suman,15
419135,WP Saha,10
419136,B Lee,1
419136,CL White,6
419136,IK Pathan,16
419136,JH Kallis,9
419136,KC Sangakkara,45
419136,KP Pietersen,66
419136,MK Pandey,29
419136,MS Bisla,28
419136,RS Bopara,42
419136,RV Uthappa,22
419136,SE Marsh,2
419136,V Kohli,42
419136,Yuvraj Singh,36
419137,AA Jhunjhunwala,7
419137,AS Raut,2
419137,FY Fazal,4
419137,JA Morkel,62
419137,M Vijay,127
419137,MJ Lumb,37
419137,ML Hayden,34
419137,MS Dhoni,0
419137,NV Ojha,94
419137,S Badrinath,4
419137,SK Raina,13
419137,SR Watson,60
419137,YK Pathan,4
419138,A Symonds,21
419138,AC Gilchrist,19
419138,AT Rayudu,55
419138,DJ Bravo,2
419138,HH Gibbs,17
419138,Jaskaran Singh,0
419138,KA Pollard,21
419138,MD Mishra,5
419138,PP Ojha,2
419138,R Sharma,5
419138,RG Sharma,11
419138,RJ Harris,13
419138,S Dhawan,14
419138,SR Tendulkar,35
419138,SS Tiwary,44
419138,TL Suman,11
419138,VVS Laxman,4
419139,AD Mathews,17
419139,CH Gayle,88
419139,DJ Hussey,11
419139,DPMD Jayawardene,110
419139,KC Sangakkara,38
419139,MK Tiwary,35
419139,MS Bisla,18
419139,SC Ganguly,36
419139,Yuvraj Singh,33
419140,A Kumble,1
419140,A Mithun,5
419140,CL White,4
419140,DA Warner,33
419140,DL Vettori,19
419140,G Gambhir,1
419140,JH Kallis,54
419140,KD Karthik,6
419140,KM Jadhav,7
419140,KP Appanna,1
419140,KP Pietersen,16
419140,LRPL Taylor,22
419140,PD Collingwood,75
419140,R Dravid,14
419140,R Vinay Kumar,3
419140,RV Uthappa,12
419140,V Kohli,13
419140,V Sehwag,35
419141,A Symonds,15
419141,AA Bilakhia,2
419141,AA Jhunjhunwala,11
419141,AC Gilchrist,34
419141,AP Dole,4
419141,AS Raut,0
419141,Anirudh Singh,9
419141,DR Smith,4
419141,FY Fazal,36
419141,M Morkel,7
419141,MJ Lumb,15
419141,NV Ojha,1
419141,RG Sharma,73
419141,RJ Harris,1
419141,RP Singh,3
419141,SK Trivedi,9
419141,SK Warne,1
419141,SR Watson,58
419141,VVS Laxman,6
419141,YK Pathan,5
419142,AN Ahmed,4
419142,AT Rayudu,3
419142,DJ Bravo,2
419142,Harbhajan Singh,33
419142,KA Pollard,5
419142,M Vijay,14
419142,MEK Hussey,14
419142,ML Hayden,35
419142,MS Dhoni,31
419142,R McLaren,1
419142,R Sathish,4
419142,S Badrinath,30
419142,S Dhawan,16
419142,SK Raina,23
419142,SR Tendulkar,45
419142,SS Tiwary,14
419143,Bipul Sharma,1
419143,DPMD Jayawardene,44
419143,IK Pathan,24
419143,KC Sangakkara,9
419143,MJ Lumb,83
419143,MS Bisla,20
419143,NV Ojha,44
419143,PP Chawla,10
419143,RS Bopara,8
419143,YK Pathan,21
419143,Yuvraj Singh,28
419144,A Mishra,4
419144,AD Mathews,46
419144,BB McCullum,6
419144,CH Gayle,40
419144,DA Warner,0
419144,DL Vettori,12
419144,G Gambhir,47
419144,KD Karthik,20
419144,KM Jadhav,5
419144,MF Maharoof,2
419144,MK Tiwary,26
419144,PD Collingwood,2
419144,R Bhatia,2
419144,SC Ganguly,56
419144,V Sehwag,64
419145,A Symonds,53
419145,AC Gilchrist,32
419145,CL White,13
419145,JH Kallis,68
419145,LRPL Taylor,1
419145,MD Mishra,9
419145,MK Pandey,1
419145,R Dravid,26
419145,RG Sharma,6
419145,RV Uthappa,2
419145,TL Suman,78
419145,V Kohli,58
419146,AB Barath,33
419146,AT Rayudu,33
419146,DPMD Jayawardene,31
419146,Harbhajan Singh,9
419146,IK Pathan,15
419146,JP Duminy,35
419146,KA Pollard,18
419146,KC Sangakkara,56
419146,R McLaren,0
419146,R Sathish,20
419146,RS Sodhi,4
419146,S Dhawan,2
419146,SR Tendulkar,29
419146,SS Tiwary,4
419146,Yuvraj Singh,15
419146,Z Khan,0
419147,A Symonds,27
419147,AC Gilchrist,7
419147,DE Bollinger,2
419147,DR Smith,13
419147,M Vijay,23
419147,MD Mishra,21
419147,MEK Hussey,8
419147,ML Hayden,19
419147,MS Dhoni,7
419147,R Ashwin,5
419147,RG Sharma,8
419147,S Badrinath,6
419147,SK Raina,52
419147,T Thushara,8
419147,TL Suman,55
419148,AB Agarkar,6
419148,AB Dinda,0
419148,AD Mathews,1
419148,BAW Mendis,1
419148,BB McCullum,45
419148,CA Pujara,16
419148,CH Gayle,34
419148,I Sharma,0
419148,JH Kallis,8
419148,LRPL Taylor,14
419148,MK Tiwary,0
419148,R Dravid,52
419148,RV Uthappa,50
419148,S Sriram,27
419148,SC Ganguly,33
419148,WP Saha,13
419149,A Mishra,10
419149,A Nehra,1
419149,AB Barath,2
419149,DA Warner,6
419149,DL Vettori,2
419149,DPMD Jayawardene,38
419149,G Gambhir,26
419149,IK Pathan,12
419149,KC Sangakkara,33
419149,KD Karthik,17
419149,M Manhas,26
419149,MF Maharoof,0
419149,PD Collingwood,4
419149,R Bhatia,1
419149,V Sehwag,0
419149,Yuvraj Singh,21
419150,AA Jhunjhunwala,22
419150,AC Voges,28
419150,AP Dole,30
419150,AS Raut,20
419150,AT Rayudu,0
419150,FY Fazal,10
419150,JP Duminy,31
419150,KA Pollard,25
419150,MJ Lumb,8
419150,NV Ojha,0
419150,R Sathish,1
419150,SR Tendulkar,89
419150,SR Watson,1
419150,SS Tiwary,15
419150,ST Jayasuriya,1
419150,YK Pathan,10
419151,A Kumble,2
419151,A Symonds,19
419151,AC Gilchrist,0
419151,B Sumanth,6
419151,CL White,4
419151,DW Steyn,0
419151,HH Gibbs,12
419151,JH Kallis,27
419151,KP Appanna,1
419151,LRPL Taylor,1
419151,MD Mishra,41
419151,MK Pandey,0
419151,R Dravid,49
419151,R Vinay Kumar,4
419151,RG Sharma,51
419151,RJ Harris,13
419151,RV Uthappa,34
419151,TL Suman,0
419151,V Kohli,3
419152,A Mishra,12
419152,AB McDonald,33
419152,AB de Villiers,4
419152,AT Rayudu,24
419152,C Madan,15
419152,DA Warner,31
419152,G Gambhir,17
419152,JP Duminy,21
419152,KA Pollard,45
419152,KD Karthik,11
419152,PD Collingwood,2
419152,PJ Sangwan,6
419152,SR Tendulkar,30
419152,SS Tiwary,38
419152,V Sehwag,20
419153,AB Agarkar,9
419153,AD Mathews,48
419153,BB McCullum,0
419153,CH Gayle,7
419153,DJ Hussey,0
419153,Iqbal Abdulla,0
419153,LR Shukla,17
419153,M Vijay,50
419153,MK Tiwary,27
419153,ML Hayden,0
419153,SC Ganguly,10
419153,SK Raina,78
419153,WP Saha,1
419154,AA Jhunjhunwala,13
419154,AC Voges,28
419154,AG Paunikar,0
419154,AS Raut,32
419154,JH Kallis,0
419154,KP Pietersen,62
419154,LRPL Taylor,10
419154,MJ Lumb,9
419154,MK Pandey,14
419154,NV Ojha,7
419154,R Dravid,5
419154,RV Uthappa,26
419154,SR Watson,22
419154,V Kohli,14
419154,YK Pathan,11
419155,DA Warner,0
419155,DE Bollinger,16
419155,G Gambhir,57
419155,JA Morkel,1
419155,KD Karthik,13
419155,L Balaji,3
419155,M Manhas,25
419155,M Vijay,17
419155,MEK Hussey,15
419155,ML Hayden,1
419155,MS Dhoni,0
419155,R Ashwin,6
419155,S Badrinath,30
419155,SK Raina,15
419155,TM Dilshan,1
419155,V Sehwag,4
419156,A Symonds,4
419156,AC Gilchrist,9
419156,B Sumanth,6
419156,DPMD Jayawardene,93
419156,IK Pathan,1
419156,KC Sangakkara,52
419156,MD Mishra,20
419156,MR Marsh,15
419156,RG Sharma,68
419156,SE Marsh,0
419156,TL Suman,43
419156,Yuvraj Singh,20
419157,A Kumble,1
419157,AM Nayar,9
419157,AT Rayudu,46
419157,DW Steyn,0
419157,JH Kallis,14
419157,JP Duminy,42
419157,KA Pollard,20
419157,KP Pietersen,21
419157,LRPL Taylor,9
419157,MK Pandey,16
419157,Pankaj Singh,1
419157,R Dravid,16
419157,R McLaren,40
419157,R Vinay Kumar,10
419157,RV Uthappa,4
419157,SR Tendulkar,19
419157,V Kohli,37
419158,AC Voges,8
419158,AJ Finch,21
419158,AS Raut,2
419158,BB McCullum,6
419158,CA Pujara,45
419158,CH Gayle,0
419158,FY Fazal,13
419158,NV Ojha,18
419158,P Dogra,8
419158,SC Ganguly,75
419158,SK Trivedi,4
419158,SK Warne,3
419158,SR Watson,44
419158,YK Pathan,8
419159,DPMD Jayawardene,21
419159,IK Pathan,44
419159,JA Morkel,14
419159,KC Sangakkara,33
419159,M Vijay,13
419159,ML Hayden,5
419159,MS Dhoni,54
419159,S Badrinath,53
419159,SE Marsh,88
419159,SK Raina,46
419159,Yuvraj Singh,1
419160,A Mishra,4
419160,A Nehra,22
419160,A Symonds,54
419160,AC Gilchrist,10
419160,B Sumanth,7
419160,DA Warner,5
419160,G Gambhir,4
419160,KD Karthik,1
419160,M Manhas,23
419160,MD Mishra,25
419160,MR Marsh,13
419160,PD Collingwood,51
419160,R Sharma,14
419160,RG Sharma,11
419160,TL Suman,5
419160,TM Dilshan,11
419160,V Sehwag,8
419160,WPUJC Vaas,3
419161,AP Tare,1
419161,AT Rayudu,27
419161,BB McCullum,57
419161,DJ Bravo,5
419161,DJ Hussey,20
419161,JP Duminy,19
419161,R McLaren,0
419161,R Sathish,11
419161,S Dhawan,10
419161,SC Ganguly,42
419161,SS Tiwary,46
419161,STR Binny,8
419162,A Kumble,1
419162,AM Nayar,22
419162,AT Rayudu,40
419162,DW Steyn,5
419162,JH Kallis,11
419162,JP Duminy,3
419162,KA Pollard,33
419162,KP Pietersen,19
419162,LRPL Taylor,31
419162,MK Pandey,5
419162,P Kumar,1
419162,R Dravid,23
419162,R Vinay Kumar,8
419162,RV Uthappa,26
419162,S Dhawan,12
419162,SR Tendulkar,9
419162,SS Tiwary,52
419162,V Kohli,9
419163,A Symonds,23
419163,AC Gilchrist,15
419163,B Sumanth,16
419163,HH Gibbs,18
419163,Harmeet Singh,0
419163,JA Morkel,4
419163,M Vijay,15
419163,MD Mishra,2
419163,ML Hayden,8
419163,MS Dhoni,30
419163,PP Ojha,1
419163,R Ashwin,6
419163,RG Sharma,2
419163,RJ Harris,15
419163,RP Singh,0
419163,S Anirudha,24
419163,S Badrinath,37
419163,SK Raina,2
419163,TL Suman,4
419164,A Symonds,2
419164,AC Gilchrist,4
419164,Anirudh Singh,40
419164,DR Smith,5
419164,JH Kallis,19
419164,KP Pietersen,29
419164,MD Mishra,0
419164,PP Ojha,0
419164,R Dravid,35
419164,R Sharma,0
419164,RG Sharma,0
419164,RJ Harris,3
419164,Y Venugopal Rao,24
419165,AM Nayar,27
419165,AT Rayudu,21
419165,CRD Fernando,2
419165,Harbhajan Singh,1
419165,JA Morkel,15
419165,JP Duminy,6
419165,KA Pollard,27
419165,M Vijay,26
419165,ML Hayden,17
419165,MS Dhoni,22
419165,S Anirudha,6
419165,S Badrinath,14
419165,S Dhawan,0
419165,SK Raina,57
419165,SL Malinga,1
419165,SR Tendulkar,48
419165,SS Tiwary,0
419165,Z Khan,1
501198,EJG Morgan,6
501198,G Gambhir,1
501198,Iqbal Abdulla,3
501198,JA Morkel,15
501198,JH Kallis,54
501198,LR Shukla,14
501198,M Vijay,4
501198,MK Tiwary,27
501198,MS Bisla,27
501198,MS Dhoni,29
501198,R Bhatia,0
501198,S Anirudha,64
501198,SB Styris,5
501198,SK Raina,33
501198,YK Pathan,11
501199,A Mishra,2
501199,AG Paunikar,20
501199,B Chipli,6
501199,DB Ravi Teja,28
501199,DT Christian,26
501199,DW Steyn,7
501199,I Sharma,1
501199,IR Jaggi,25
501199,J Botha,67
501199,JP Duminy,14
501199,KC Sangakkara,0
501199,LRPL Taylor,21
501199,R Dravid,28
501199,S Dhawan,24
501200,AB de Villiers,54
501200,AUK Pathan,12
501200,BB McCullum,45
501200,BJ Hodge,27
501200,DPMD Jayawardene,18
501200,MA Agarwal,33
501200,PA Patel,1
501200,RA Jadeja,23
501200,RV Gomez,0
501200,SS Tiwary,26
501200,TM Dilshan,1
501200,V Kohli,23
501200,VVS Laxman,36
501201,AB Dinda,0
501201,AJ Finch,8
501201,AT Rayudu,14
501201,DA Warner,1
501201,DJ Jacobs,1
501201,IK Pathan,0
501201,M Morkel,0
501201,NV Ojha,29
501201,RE van der Merwe,8
501201,RG Sharma,27
501201,SR Tendulkar,46
501201,UBT Chand,0
501201,UT Yadav,0
501201,V Sehwag,19
501201,Y Venugopal Rao,26
501202,AC Gilchrist,1
501202,AM Nayar,12
501202,GC Smith,0
501202,JD Ryder,31
501202,KD Karthik,0
501202,M Manhas,35
501202,NJ Rimmington,1
501202,P Kumar,3
501202,PC Valthaty,6
501202,PP Chawla,15
501202,R McLaren,51
501202,RV Uthappa,22
501202,SE Marsh,1
501202,Sunny Singh,12
501202,Yuvraj Singh,21
501203,A Mishra,12
501203,B Chipli,48
501203,DB Ravi Teja,14
501203,DT Christian,25
501203,DW Steyn,13
501203,G Gambhir,29
501203,I Sharma,1
501203,IR Jaggi,3
501203,JH Kallis,53
501203,JP Duminy,6
501203,KC Sangakkara,16
501203,MK Tiwary,30
501203,MS Bisla,19
501203,S Dhawan,7
501203,YK Pathan,22
501204,AG Paunikar,5
501204,AJ Finch,11
501204,AL Menaria,22
501204,AM Rahane,18
501204,DA Warner,54
501204,IK Pathan,9
501204,J Botha,39
501204,LRPL Taylor,18
501204,NV Ojha,0
501204,R Dravid,38
501204,RE van der Merwe,2
501204,UBT Chand,2
501204,V Sehwag,4
501204,Y Venugopal Rao,60
501205,AB de Villiers,38
501205,AT Rayudu,63
501205,AUK Pathan,0
501205,DJ Jacobs,22
501205,MA Agarwal,0
501205,SR Tendulkar,55
501205,SS Tiwary,16
501205,TM Dilshan,59
501205,V Kohli,12
501206,AC Gilchrist,19
501206,AM Nayar,0
501206,KD Karthik,21
501206,M Vijay,74
501206,MS Dhoni,43
501206,PC Valthaty,120
501206,S Anirudha,0
501206,S Badrinath,66
501206,SE Marsh,12
501206,SK Raina,0
501206,Sunny Singh,20
501207,BB McCullum,0
501207,BJ Hodge,39
501207,DPMD Jayawardene,2
501207,GC Smith,24
501207,JD Ryder,17
501207,M Manhas,12
501207,MD Mishra,37
501207,PA Patel,21
501207,R Sharma,10
501207,R Vinay Kumar,1
501207,RA Jadeja,47
501207,RP Singh,0
501207,RV Gomez,26
501207,RV Uthappa,31
501207,S Sreesanth,1
501207,VVS Laxman,0
501207,WD Parnell,1
501207,Yuvraj Singh,8
501208,AB de Villiers,0
501208,B Chipli,61
501208,CA Pujara,25
501208,DL Vettori,3
501208,DT Christian,0
501208,JJ van der Wath,0
501208,JP Duminy,22
501208,KC Sangakkara,36
501208,MA Agarwal,16
501208,R Ninan,3
501208,S Aravind,2
501208,S Dhawan,11
501208,S Sohal,38
501208,SS Tiwary,7
501208,TM Dilshan,7
501208,V Kohli,71
501208,Z Khan,0
501209,AG Paunikar,9
501209,AL Menaria,27
501209,G Gambhir,75
501209,J Botha,12
501209,JH Kallis,80
501209,LRPL Taylor,35
501209,MS Bisla,1
501209,R Dravid,35
501209,SR Watson,22
501210,AT Rayudu,53
501210,BB McCullum,81
501210,BJ Hodge,11
501210,DJ Jacobs,12
501210,DPMD Jayawardene,56
501210,RA Jadeja,25
501210,SR Tendulkar,100
501211,AB de Villiers,65
501211,AUK Pathan,14
501211,CA Pujara,2
501211,DL Vettori,2
501211,JA Morkel,9
501211,JJ van der Wath,14
501211,M Vijay,31
501211,MA Agarwal,7
501211,MEK Hussey,83
501211,MS Dhoni,22
501211,S Badrinath,5
501211,SK Raina,29
501211,SS Tiwary,14
501211,TM Dilshan,0
501211,V Kohli,35
501212,A Mishra,0
501212,AC Gilchrist,61
501212,AM Nayar,13
501212,B Chipli,14
501212,DB Ravi Teja,10
501212,DT Christian,30
501212,DW Steyn,1
501212,JP Duminy,18
501212,KC Sangakkara,35
501212,KD Karthik,3
501212,MS Gony,0
501212,PC Valthaty,75
501212,S Dhawan,45
501212,S Sohal,7
501213,AJ Finch,25
501213,DA Warner,46
501213,GC Smith,12
501213,IK Pathan,14
501213,JD Ryder,60
501213,JR Hopes,13
501213,M Manhas,20
501213,MD Mishra,7
501213,MS Wade,3
501213,NV Ojha,11
501213,RV Uthappa,4
501213,V Sehwag,37
501213,WD Parnell,10
501213,Y Venugopal Rao,31
501213,Yuvraj Singh,66
501214,A Singh,0
501214,AG Paunikar,15
501214,AL Menaria,21
501214,AM Rahane,6
501214,AS Raut,11
501214,FY Fazal,3
501214,G Gambhir,35
501214,JH Kallis,0
501214,LRPL Taylor,6
501214,MK Tiwary,30
501214,MS Bisla,9
501214,SK Trivedi,0
501214,SK Warne,3
501214,SR Watson,11
501214,SW Tait,0
501215,BB McCullum,47
501215,BJ Hodge,19
501215,DPMD Jayawardene,16
501215,JA Morkel,9
501215,M Vijay,28
501215,MEK Hussey,8
501215,MS Dhoni,14
501215,PA Patel,34
501215,RA Jadeja,16
501215,S Badrinath,19
501215,SK Raina,50
501216,AJ Finch,0
501216,B Chipli,5
501216,CL White,31
501216,DA Warner,51
501216,DT Christian,8
501216,IK Pathan,5
501216,JR Hopes,17
501216,KC Sangakkara,49
501216,M Morkel,8
501216,NV Ojha,2
501216,S Dhawan,8
501216,S Sohal,62
501216,V Sehwag,12
501216,Y Nagar,23
501216,Y Venugopal Rao,21
501218,A Symonds,16
501218,AC Thomas,0
501218,AT Rayudu,37
501218,JD Ryder,12
501218,JEC Franklin,6
501218,M Kartik,11
501218,M Manhas,0
501218,MD Mishra,12
501218,R Sharma,13
501218,RG Sharma,20
501218,RV Uthappa,45
501218,SB Wagh,2
501218,SR Tendulkar,35
501218,TD Paine,2
501218,WD Parnell,9
501218,Yuvraj Singh,0
501219,B Lee,1
501219,BB McCullum,23
501219,BJ Hodge,2
501219,DPMD Jayawardene,25
501219,EJG Morgan,10
501219,G Gambhir,3
501219,Iqbal Abdulla,12
501219,JH Kallis,6
501219,KM Jadhav,12
501219,L Balaji,1
501219,MK Tiwary,46
501219,MS Bisla,16
501219,PA Patel,9
501219,R Bhatia,10
501219,R Vinay Kumar,11
501219,RA Jadeja,29
501219,RR Powar,3
501219,RV Gomez,10
501219,Shakib Al Hasan,2
501219,YK Pathan,8
501220,AC Gilchrist,28
501220,AL Menaria,34
501220,AM Nayar,1
501220,AS Raut,25
501220,DH Yagnik,10
501220,KD Karthik,21
501220,LRPL Taylor,0
501220,PC Valthaty,46
501220,PP Chawla,4
501220,R Dravid,8
501220,R McLaren,2
501220,SA Asnodkar,9
501220,SE Marsh,71
501220,SK Warne,5
501220,SR Watson,24
501220,STR Binny,30
501220,Sunny Singh,5
501221,A Symonds,31
501221,AT Rayudu,27
501221,DE Bollinger,0
501221,JA Morkel,3
501221,Joginder Sharma,0
501221,KA Pollard,0
501221,M Vijay,12
501221,MEK Hussey,41
501221,MS Dhoni,3
501221,R Ashwin,0
501221,R Sathish,0
501221,RG Sharma,87
501221,S Anirudha,9
501221,S Badrinath,71
501221,S Randiv,2
501221,SK Raina,5
501221,SR Tendulkar,5
501222,BJ Haddin,18
501222,CH Gayle,102
501222,EJG Morgan,6
501222,G Gambhir,48
501222,JH Kallis,40
501222,TM Dilshan,38
501222,V Kohli,30
501222,YK Pathan,46
501223,AC Gilchrist,42
501223,AJ Finch,3
501223,AM Nayar,17
501223,DA Warner,77
501223,DJ Hussey,20
501223,KD Karthik,6
501223,NV Ojha,19
501223,PC Valthaty,14
501223,RJ Harris,1
501223,SE Marsh,95
501223,Sunny Singh,2
501223,V Sehwag,77
501223,Y Nagar,11
501223,Y Venugopal Rao,28
501224,A Mishra,25
501224,A Symonds,44
501224,AT Rayudu,7
501224,B Chipli,6
501224,CL White,1
501224,DB Ravi Teja,1
501224,DJ Jacobs,32
501224,DT Christian,21
501224,DW Steyn,4
501224,I Sharma,1
501224,KA Pollard,0
501224,KC Sangakkara,34
501224,RG Sharma,56
501224,S Dhawan,25
501224,S Sohal,5
501224,SR Tendulkar,28
501225,BJ Hodge,8
501225,DPMD Jayawardene,13
501225,J Botha,14
501225,KM Jadhav,5
501225,LRPL Taylor,2
501225,M Muralitharan,5
501225,NLTC Perera,1
501225,PA Patel,32
501225,R Dravid,44
501225,R Vinay Kumar,5
501225,RA Jadeja,22
501225,RP Singh,1
501225,RV Gomez,0
501225,SR Watson,49
501225,VVS Laxman,8
501226,AC Thomas,1
501226,JA Morkel,0
501226,JD Ryder,15
501226,JE Taylor,2
501226,M Kartik,1
501226,M Manhas,20
501226,M Vijay,31
501226,MD Mishra,9
501226,MEK Hussey,61
501226,MK Pandey,12
501226,MS Dhoni,26
501226,NL McCullum,15
501226,R Sharma,1
501226,RV Uthappa,0
501226,S Anirudha,7
501226,S Badrinath,11
501226,SK Raina,2
501226,Yuvraj Singh,34
501227,A Mithun,0
501227,AB de Villiers,5
501227,CA Pujara,7
501227,CH Gayle,26
501227,DA Warner,7
501227,DL Vettori,18
501227,IK Pathan,13
501227,J Syed Mohammad,13
501227,JR Hopes,54
501227,MS Wade,8
501227,NV Ojha,16
501227,SS Tiwary,18
501227,TM Dilshan,0
501227,V Kohli,56
501227,V Sehwag,25
501227,Y Nagar,0
501227,Y Venugopal Rao,24
501228,JD Ryder,19
501228,JE Taylor,1
501228,M Manhas,0
501228,M Vijay,31
501228,MD Mishra,2
501228,MEK Hussey,9
501228,MK Pandey,10
501228,MR Marsh,11
501228,RV Uthappa,31
501228,S Badrinath,63
501228,SK Raina,34
501228,Yuvraj Singh,62
501229,A Mishra,0
501229,B Chipli,4
501229,BB McCullum,0
501229,BJ Hodge,0
501229,CL White,31
501229,DB Ravi Teja,8
501229,DPMD Jayawardene,4
501229,DT Christian,9
501229,KC Sangakkara,65
501229,KM Jadhav,0
501229,MS Gony,0
501229,NLTC Perera,22
501229,PA Patel,0
501229,R Vinay Kumar,18
501229,RA Jadeja,23
501229,RP Singh,0
501229,RV Gomez,0
501229,S Dhawan,4
501229,S Sohal,1
501229,S Sreesanth,0
501230,B Lee,1
501230,DA Warner,2
501230,EJG Morgan,0
501230,G Gambhir,18
501230,IK Pathan,9
501230,JH Kallis,11
501230,JR Hopes,25
501230,L Balaji,3
501230,M Morkel,6
501230,MK Tiwary,61
501230,NV Ojha,1
501230,RN ten Doeschate,19
501230,SP Goswami,22
501230,TR Birt,8
501230,UT Yadav,1
501230,V Sehwag,34
501230,Y Nagar,19
501230,Y Venugopal Rao,19
501230,YK Pathan,5
501231,A Symonds,17
501231,AG Murtaza,2
501231,AL Menaria,4
501231,AT Rayudu,11
501231,DJ Jacobs,15
501231,Harbhajan Singh,10
501231,J Botha,45
501231,KA Pollard,4
501231,LRPL Taylor,13
501231,R Dravid,5
501231,R Sathish,7
501231,RG Sharma,13
501231,SL Malinga,1
501231,SR Tendulkar,7
501231,SR Watson,26
501232,AB de Villiers,26
501232,CH Gayle,49
501232,Harpreet Singh,1
501232,JD Ryder,51
501232,M Kaif,8
501232,M Manhas,3
501232,MK Pandey,19
501232,RV Uthappa,23
501232,SS Tiwary,14
501232,TD Paine,8
501232,TM Dilshan,15
501232,V Kohli,67
501232,Yuvraj Singh,41
501233,B Akhil,13
501233,BB McCullum,7
501233,BJ Hodge,27
501233,DA Warner,3
501233,DPMD Jayawardene,18
501233,IK Pathan,13
501233,M Klinger,2
501233,NV Ojha,0
501233,PA Patel,1
501233,R Vinay Kumar,11
501233,RA Jadeja,31
501233,RE van der Merwe,2
501233,RP Singh,1
501233,RR Powar,0
501233,S Sreesanth,0
501233,TR Birt,20
501233,V Sehwag,80
501233,Y Nagar,22
501233,Y Venugopal Rao,1
501234,AC Gilchrist,26
501234,AM Nayar,0
501234,Bipul Sharma,16
501234,DJ Hussey,15
501234,EJG Morgan,28
501234,G Gambhir,45
501234,JH Kallis,1
501234,KD Karthik,42
501234,MK Tiwary,34
501234,P Kumar,2
501234,PC Valthaty,7
501234,SE Marsh,5
501235,AL Menaria,29
501235,AM Rahane,15
501235,Harpreet Singh,13
501235,J Botha,12
501235,JD Ryder,18
501235,LRPL Taylor,47
501235,M Manhas,24
501235,MK Pandey,30
501235,NL McCullum,11
501235,R Dravid,18
501235,R Sharma,0
501235,RV Uthappa,35
501235,SR Watson,12
501235,Yuvraj Singh,7
501236,A Mishra,2
501236,B Chipli,17
501236,CL White,13
501236,DT Christian,1
501236,I Sharma,1
501236,JA Morkel,19
501236,JP Duminy,17
501236,KC Sangakkara,15
501236,M Vijay,3
501236,MEK Hussey,46
501236,MS Dhoni,21
501236,S Anirudha,3
501236,S Badrinath,5
501236,S Dhawan,19
501236,S Sohal,56
501236,SK Raina,59
501237,A Symonds,4
501237,AC Gilchrist,0
501237,AM Nayar,14
501237,AT Rayudu,51
501237,Bipul Sharma,1
501237,DJ Hussey,1
501237,DJ Jacobs,10
501237,KA Pollard,20
501237,KD Karthik,1
501237,P Kumar,2
501237,PC Valthaty,33
501237,PP Chawla,10
501237,RG Sharma,18
501237,RJ Harris,1
501237,SE Marsh,61
501237,SR Tendulkar,51
501238,BB McCullum,37
501238,BJ Hodge,24
501238,DA Warner,13
501238,DPMD Jayawardene,7
501238,IK Pathan,5
501238,M Klinger,18
501238,NV Ojha,13
501238,PA Patel,37
501238,RE van der Merwe,2
501238,TR Birt,27
501238,V Sehwag,15
501238,Y Nagar,18
501238,Y Venugopal Rao,40
501239,A Mishra,9
501239,B Chipli,12
501239,CL White,13
501239,DB Ravi Teja,30
501239,DT Christian,1
501239,EJG Morgan,14
501239,G Gambhir,35
501239,JH Kallis,30
501239,KC Sangakkara,0
501239,MK Tiwary,33
501239,S Dhawan,54
501239,S Sohal,26
501239,YK Pathan,47
501240,AL Menaria,2
501240,AM Rahane,4
501240,DH Yagnik,1
501240,J Botha,8
501240,LRPL Taylor,20
501240,M Vijay,5
501240,MEK Hussey,79
501240,R Dravid,66
501240,SK Raina,61
501240,SR Watson,32
501240,STR Binny,7
501241,A Symonds,3
501241,AA Jhunjhunwala,10
501241,AC Blizzard,6
501241,AT Rayudu,27
501241,GC Smith,6
501241,Harbhajan Singh,9
501241,JD Ryder,0
501241,KA Pollard,28
501241,M Manhas,0
501241,MK Pandey,59
501241,R Sharma,0
501241,RG Sharma,12
501241,RV Uthappa,34
501241,SB Wagh,0
501241,SR Tendulkar,24
501241,TL Suman,36
501241,Yuvraj Singh,20
501242,B Lee,1
501242,BB McCullum,1
501242,BJ Hodge,35
501242,DPMD Jayawardene,55
501242,EJG Morgan,66
501242,G Gambhir,0
501242,JH Kallis,45
501242,M Klinger,29
501242,MK Tiwary,1
501242,MV Boucher,5
501242,PA Patel,21
501242,R Bhatia,1
501242,RA Jadeja,8
501242,RV Gomez,1
501242,YK Pathan,17
501243,AJ Finch,0
501243,B Chipli,1
501243,DB Ravi Teja,2
501243,DT Christian,27
501243,I Malhotra,7
501243,IK Pathan,12
501243,JP Duminy,55
501243,JR Hopes,17
501243,KC Sangakkara,44
501243,NV Ojha,7
501243,S Dhawan,29
501243,TR Birt,4
501243,V Sehwag,119
501243,Y Nagar,7
501243,Y Venugopal Rao,3
501244,A Mithun,6
501244,AB de Villiers,27
501244,AC Gilchrist,0
501244,AM Nayar,1
501244,AUK Pathan,0
501244,CH Gayle,107
501244,KD Karthik,20
501244,L Ablish,0
501244,M Kaif,3
501244,P Kumar,15
501244,PC Valthaty,21
501244,PP Chawla,5
501244,R McLaren,28
501244,RJ Harris,17
501244,SE Marsh,4
501244,SS Tiwary,13
501244,Sunny Singh,4
501244,TM Dilshan,16
501244,V Kohli,27
501245,EJG Morgan,5
501245,G Gambhir,16
501245,JA Morkel,30
501245,JH Kallis,21
501245,M Vijay,5
501245,MEK Hussey,15
501245,MK Tiwary,15
501245,S Badrinath,54
501245,SK Raina,4
501246,A Symonds,4
501246,AB Agarkar,7
501246,AC Blizzard,37
501246,AT Rayudu,59
501246,CA Ingram,1
501246,DA Warner,1
501246,IK Pathan,23
501246,JR Hopes,55
501246,KA Pollard,9
501246,M Morkel,10
501246,NV Ojha,1
501246,RG Sharma,49
501246,S Nadeem,0
501246,SR Tendulkar,14
501246,V Sehwag,2
501246,Y Nagar,0
501246,Y Venugopal Rao,37
501247,BB McCullum,22
501247,BJ Hodge,5
501247,CH Gayle,44
501247,DPMD Jayawardene,3
501247,M Klinger,24
501247,P Parameswaran,1
501247,PA Patel,19
501247,R Vinay Kumar,3
501247,RA Jadeja,23
501247,RR Powar,8
501247,RV Gomez,7
501247,TM Dilshan,52
501247,V Kohli,27
501248,AA Jhunjhunwala,0
501248,AC Gilchrist,3
501248,CJ Ferguson,6
501248,DJ Hussey,4
501248,JD Ryder,15
501248,KD Karthik,30
501248,MK Pandey,28
501248,MR Marsh,2
501248,Mandeep Singh,6
501248,P Kumar,3
501248,PC Valthaty,23
501248,RJ Harris,4
501248,RV Uthappa,22
501248,SD Chitnis,9
501248,SE Marsh,32
501248,SJ Srivastava,1
501248,Yuvraj Singh,35
501249,A Singh,1
501249,AL Menaria,2
501249,AM Rahane,52
501249,AS Raut,19
501249,DH Yagnik,3
501249,J Botha,14
501249,JA Morkel,5
501249,LRPL Taylor,6
501249,M Vijay,53
501249,MEK Hussey,46
501249,MS Dhoni,41
501249,R Dravid,20
501249,SK Raina,43
501249,SK Warne,0
501249,SR Watson,11
501250,A Mishra,0
501250,B Chipli,18
501250,CJ Ferguson,15
501250,DB Ravi Teja,30
501250,DT Christian,10
501250,DW Steyn,11
501250,JD Ryder,35
501250,JP Duminy,30
501250,KC Sangakkara,12
501250,MK Pandey,49
501250,RV Uthappa,1
501250,S Dhawan,24
501250,S Sohal,0
501250,SC Ganguly,32
501250,Yuvraj Singh,2
501251,A Symonds,8
501251,AC Blizzard,15
501251,AC Gilchrist,28
501251,AT Rayudu,13
501251,Bipul Sharma,6
501251,DJ Hussey,0
501251,DS Kulkarni,2
501251,Harbhajan Singh,12
501251,KA Pollard,17
501251,KD Karthik,31
501251,MM Patel,0
501251,Mandeep Singh,8
501251,P Kumar,2
501251,PC Valthaty,14
501251,RG Sharma,5
501251,RJ Harris,6
501251,SE Marsh,43
501251,SJ Srivastava,3
501251,SR Tendulkar,6
501251,TL Suman,4
501252,AL Menaria,8
501252,AM Rahane,17
501252,AS Raut,5
501252,CH Gayle,70
501252,DH Yagnik,2
501252,J Botha,19
501252,LRPL Taylor,13
501252,R Dravid,37
501252,SR Watson,34
501252,TM Dilshan,38
501252,V Kohli,39
501253,AB McDonald,8
501253,CA Ingram,7
501253,DA Warner,21
501253,IK Pathan,44
501253,JR Hopes,8
501253,M Vijay,35
501253,MEK Hussey,5
501253,MS Dhoni,63
501253,NV Ojha,25
501253,S Badrinath,55
501253,SK Raina,14
501253,Y Nagar,1
501253,Y Venugopal Rao,30
501254,AC Gilchrist,9
501254,BB McCullum,32
501254,BJ Hodge,4
501254,DJ Hussey,21
501254,DPMD Jayawardene,76
501254,KD Karthik,69
501254,Mandeep Singh,15
501254,OA Shah,23
501254,PA Patel,0
501254,PC Valthaty,17
501254,R Vinay Kumar,1
501254,RA Jadeja,17
501254,RV Gomez,2
501254,SE Marsh,42
501255,AB de Villiers,13
501255,CH Gayle,38
501255,EJG Morgan,2
501255,G Gambhir,7
501255,JH Kallis,17
501255,KB Arun Karthik,1
501255,LA Pomersbach,16
501255,M Kaif,15
501255,MK Tiwary,19
501255,MV Boucher,1
501255,SS Tiwary,1
501255,V Kohli,15
501255,YK Pathan,36
501256,A Mishra,18
501256,A Symonds,8
501256,AC Blizzard,1
501256,AT Rayudu,2
501256,B Chipli,10
501256,DT Christian,18
501256,Harbhajan Singh,17
501256,JP Duminy,8
501256,KA Pollard,24
501256,KC Sangakkara,27
501256,MJ Lumb,0
501256,RG Sharma,4
501256,S Dhawan,27
501256,S Sohal,20
501256,SR Tendulkar,37
501256,TL Suman,14
501257,AC Gilchrist,9
501257,DA Warner,29
501257,DJ Hussey,3
501257,IK Pathan,3
501257,JR Hopes,7
501257,KD Karthik,27
501257,M Morkel,16
501257,Mandeep Singh,11
501257,NV Ojha,28
501257,PC Valthaty,62
501257,PP Chawla,1
501257,RJ Harris,2
501257,S Sriram,4
501257,SE Marsh,46
501257,TR Birt,16
501257,VR Aaron,0
501257,Y Nagar,10
501257,Y Venugopal Rao,16
501258,AA Chavan,1
501258,AL Menaria,31
501258,AM Rahane,8
501258,BB McCullum,29
501258,BJ Hodge,33
501258,DPMD Jayawardene,6
501258,FY Fazal,16
501258,JDP Oram,0
501258,ND Doshi,0
501258,PA Patel,21
501258,PR Shah,5
501258,R Dravid,1
501258,SK Warne,2
501258,SR Watson,20
501258,SW Tait,10
501259,B Chipli,5
501259,B Kumar,1
501259,CJ Ferguson,11
501259,DT Christian,14
501259,JD Ryder,18
501259,JP Duminy,23
501259,KC Sangakkara,25
501259,M Manhas,0
501259,MK Pandey,23
501259,MR Marsh,37
501259,RV Uthappa,4
501259,S Dhawan,28
501259,S Sohal,34
501259,SC Ganguly,0
501259,WD Parnell,16
501259,Yuvraj Singh,23
501260,A Mithun,10
501260,AB de Villiers,34
501260,AC Gilchrist,106
501260,AUK Pathan,7
501260,CH Gayle,0
501260,CK Langeveldt,8
501260,DJ Hussey,0
501260,JJ van der Wath,4
501260,KB Arun Karthik,6
501260,M Kaif,15
501260,PC Valthaty,20
501260,S Aravind,11
501260,SE Marsh,79
501260,SS Tiwary,6
501260,V Kohli,11
501261,BB McCullum,33
501261,BJ Hodge,51
501261,JA Morkel,13
501261,KM Jadhav,1
501261,M Vijay,16
501261,MEK Hussey,32
501261,MS Dhoni,9
501261,OA Shah,3
501261,PA Patel,6
501261,RA Jadeja,19
501261,S Badrinath,13
501261,SK Raina,19
501261,WP Saha,46
501261,Y Gnaneswara Rao,19
501262,CJ Ferguson,16
501262,G Gambhir,54
501262,JD Ryder,1
501262,MK Pandey,16
501262,MK Tiwary,24
501262,R Bhatia,1
501262,RV Uthappa,12
501262,S Rana,18
501262,SC Ganguly,18
501262,SP Goswami,6
501262,WD Parnell,1
501262,YK Pathan,29
501262,Yuvraj Singh,24
501263,AT Rayudu,2
501263,Harbhajan Singh,1
501263,JEC Franklin,11
501263,KA Pollard,20
501263,R Dravid,43
501263,RG Sharma,58
501263,SR Tendulkar,31
501263,SR Watson,89
501263,TL Suman,5
501264,AC Gilchrist,51
501264,AM Nayar,3
501264,BA Bhatt,0
501264,CL White,15
501264,DB Ravi Teja,60
501264,JP Duminy,12
501264,KD Karthik,11
501264,Mandeep Singh,7
501264,P Kumar,0
501264,PC Valthaty,5
501264,PP Chawla,13
501264,R McLaren,9
501264,RJ Harris,0
501264,S Dhawan,95
501264,SE Marsh,13
501265,CA Ingram,13
501265,DA Warner,19
501265,MS Wade,11
501265,NV Ojha,8
501265,Y Venugopal Rao,0
501266,AB de Villiers,0
501266,CH Gayle,75
501266,DJ Bravo,5
501266,JA Morkel,5
501266,M Vijay,6
501266,MEK Hussey,4
501266,MS Dhoni,70
501266,R Ashwin,2
501266,S Badrinath,0
501266,SK Raina,4
501266,SS Tiwary,13
501266,V Kohli,31
501266,WP Saha,22
501267,AT Rayudu,17
501267,G Gambhir,8
501267,Harbhajan Singh,30
501267,JEC Franklin,45
501267,JH Kallis,59
501267,KA Pollard,18
501267,MK Tiwary,35
501267,R Bhatia,11
501267,RG Sharma,10
501267,RN ten Doeschate,18
501267,SP Goswami,1
501267,SR Tendulkar,38
501267,Shakib Al Hasan,1
501267,TL Suman,4
501267,YK Pathan,36
501268,AB de Villiers,11
501268,CH Gayle,8
501268,JA Morkel,28
501268,LA Pomersbach,29
501268,M Vijay,5
501268,MA Agarwal,34
501268,MEK Hussey,0
501268,MS Dhoni,29
501268,S Badrinath,34
501268,SK Raina,73
501268,SS Tiwary,9
501268,V Kohli,70
501269,AC Blizzard,51
501269,AT Rayudu,12
501269,B Lee,2
501269,G Gambhir,4
501269,Harbhajan Singh,11
501269,JEC Franklin,29
501269,JH Kallis,7
501269,KA Pollard,3
501269,MK Tiwary,4
501269,R Bhatia,2
501269,RN ten Doeschate,70
501269,SP Goswami,0
501269,SR Tendulkar,36
501269,Shakib Al Hasan,26
501269,TL Suman,2
501269,YK Pathan,26
501270,AB de Villiers,21
501270,AC Blizzard,10
501270,AN Ahmed,18
501270,AT Rayudu,0
501270,CH Gayle,89
501270,Harbhajan Singh,13
501270,JEC Franklin,16
501270,KA Pollard,3
501270,LA Pomersbach,4
501270,MA Agarwal,41
501270,R Sathish,18
501270,RG Sharma,13
501270,SL Malinga,7
501270,SR Tendulkar,40
501270,SS Tiwary,8
501270,V Kohli,8
501271,A Mithun,11
501271,AB de Villiers,18
501271,CH Gayle,0
501271,DJ Bravo,6
501271,DL Vettori,0
501271,J Syed Mohammad,2
501271,JA Morkel,2
501271,LA Pomersbach,2
501271,M Vijay,95
501271,MA Agarwal,10
501271,MEK Hussey,63
501271,MS Dhoni,22
501271,SK Raina,8
501271,SS Tiwary,42
501271,V Kohli,35
501271,Z Khan,21
548306,AT Rayudu,18
548306,DE Bollinger,3
548306,DJ Bravo,19
548306,F du Plessis,3
548306,JA Morkel,3
548306,JEC Franklin,25
548306,M Vijay,10
548306,MS Dhoni,4
548306,R Ashwin,3
548306,RA Jadeja,3
548306,RE Levi,50
548306,RG Sharma,0
548306,S Badrinath,10
548306,SB Jakati,6
548306,SK Raina,36
548306,SR Tendulkar,16
548307,AJ Finch,30
548307,B Lee,9
548307,BB McCullum,9
548307,DB Das,18
548307,G Gambhir,16
548307,GJ Maxwell,3
548307,IK Pathan,42
548307,Iqbal Abdulla,1
548307,JH Kallis,4
548307,LR Shukla,26
548307,MK Tiwary,0
548307,R Bhatia,7
548307,V Sehwag,20
548307,YK Pathan,0
548308,AT Rayudu,1
548308,B Kumar,2
548308,CJ Ferguson,12
548308,Harbhajan Singh,16
548308,JEC Franklin,32
548308,KA Pollard,8
548308,KD Karthik,32
548308,M Kartik,14
548308,MK Pandey,0
548308,MM Patel,1
548308,MN Samuels,4
548308,PP Ojha,0
548308,RE Levi,0
548308,RG Sharma,1
548308,RV Uthappa,36
548308,SA Yadav,0
548308,SC Ganguly,3
548308,SL Malinga,5
548308,SPD Smith,39
548308,WD Parnell,11
548309,AC Gilchrist,27
548309,AL Menaria,0
548309,AM Nayar,10
548309,AM Rahane,98
548309,BJ Hodge,21
548309,Bipul Sharma,18
548309,DJ Hussey,13
548309,Harmeet Singh,1
548309,JP Faulkner,11
548309,KK Cooper,11
548309,Mandeep Singh,34
548309,OA Shah,14
548309,P Kumar,10
548309,PC Valthaty,13
548309,PP Chawla,10
548309,R Dravid,28
548309,SE Marsh,7
548310,AB McDonald,30
548310,AB de Villiers,64
548310,AJ Finch,25
548310,CA Pujara,11
548310,DAJ Bracewell,12
548310,DL Vettori,3
548310,GJ Maxwell,3
548310,HV Patel,0
548310,IK Pathan,24
548310,M Morkel,2
548310,MA Agarwal,16
548310,NV Ojha,33
548310,R Vinay Kumar,18
548310,SS Tiwary,1
548310,V Kohli,8
548310,V Sehwag,0
548310,Y Nagar,16
548310,Y Venugopal Rao,18
548311,Ankit Sharma,15
548311,B Chipli,10
548311,CL White,23
548311,DB Ravi Teja,0
548311,DJ Bravo,43
548311,DJ Harris,15
548311,DT Christian,2
548311,DW Steyn,5
548311,F du Plessis,39
548311,JA Morkel,2
548311,M Vijay,2
548311,MS Dhoni,7
548311,MS Gony,4
548311,PA Patel,20
548311,RA Jadeja,48
548311,S Badrinath,25
548311,S Dhawan,21
548311,SK Raina,16
548312,AL Menaria,40
548312,AM Rahane,0
548312,B Lee,25
548312,BB McCullum,2
548312,BJ Hodge,44
548312,DB Das,12
548312,G Gambhir,0
548312,Iqbal Abdulla,1
548312,JH Kallis,5
548312,KK Cooper,5
548312,LR Shukla,8
548312,MK Tiwary,59
548312,OA Shah,23
548312,R Bhatia,8
548312,R Dravid,26
548312,SP Goswami,23
548312,SP Narine,0
548312,YK Pathan,15
548313,AC Gilchrist,6
548313,AD Mascarenhas,5
548313,AM Nayar,24
548313,Bipul Sharma,35
548313,CJ Ferguson,3
548313,DJ Hussey,18
548313,JD Ryder,8
548313,JP Faulkner,3
548313,MK Pandey,12
548313,MN Samuels,46
548313,Mandeep Singh,24
548313,P Kumar,1
548313,PC Valthaty,1
548313,PP Chawla,16
548313,R Sharma,0
548313,RV Uthappa,40
548313,SC Ganguly,20
548313,SPD Smith,25
548314,A Mishra,0
548314,AT Rayudu,19
548314,Ankit Sharma,1
548314,B Chipli,1
548314,CL White,30
548314,DB Ravi Teja,4
548314,DT Christian,39
548314,DW Steyn,2
548314,JEC Franklin,7
548314,KA Pollard,24
548314,KC Sangakkara,14
548314,KD Karthik,7
548314,PA Patel,1
548314,RE Levi,3
548314,RG Sharma,73
548314,S Dhawan,41
548314,TL Suman,5
548315,AB de Villiers,10
548315,B Lee,8
548315,CA Pujara,6
548315,CH Gayle,2
548315,DL Vettori,20
548315,G Gambhir,64
548315,HV Patel,10
548315,JH Kallis,22
548315,LR Shukla,5
548315,MA Agarwal,5
548315,MK Tiwary,2
548315,MS Bisla,46
548315,R Bhatia,4
548315,R Vinay Kumar,25
548315,RN ten Doeschate,3
548315,SS Tiwary,18
548315,Shakib Al Hasan,4
548315,V Kohli,6
548315,YK Pathan,1
548315,Z Khan,11
548316,DJ Bravo,22
548316,DPMD Jayawardene,20
548316,F du Plessis,15
548316,JA Morkel,2
548316,KP Pietersen,43
548316,MS Dhoni,11
548316,NV Ojha,14
548316,R Ashwin,8
548316,RA Jadeja,13
548316,S Badrinath,15
548316,SB Jakati,1
548316,SK Raina,17
548316,V Sehwag,33
548317,A Singh,0
548317,AA Chavan,4
548317,AL Menaria,20
548317,AM Rahane,40
548317,AT Rayudu,47
548317,GB Hogg,2
548317,Harbhajan Singh,18
548317,J Botha,2
548317,JEC Franklin,2
548317,KA Pollard,64
548317,KD Karthik,0
548317,KK Cooper,14
548317,OA Shah,76
548317,R Dravid,3
548317,RE Levi,29
548317,RG Sharma,21
548317,SK Trivedi,5
548317,SP Goswami,0
548317,TL Suman,10
548318,AB de Villiers,4
548318,CA Pujara,0
548318,CH Gayle,68
548318,DJ Bravo,25
548318,DL Vettori,1
548318,F du Plessis,71
548318,JA Morkel,28
548318,M Vijay,11
548318,MA Agarwal,45
548318,MS Dhoni,41
548318,R Vinay Kumar,6
548318,RA Jadeja,4
548318,RR Bhatkal,0
548318,SK Raina,23
548318,SS Tiwary,8
548318,V Kohli,57
548319,A Nehra,2
548319,AB Dinda,2
548319,AC Gilchrist,21
548319,AD Mathews,11
548319,JD Ryder,7
548319,M Manhas,31
548319,MK Pandey,0
548319,MN Samuels,2
548319,Mandeep Singh,10
548319,PC Valthaty,0
548319,PP Chawla,21
548319,R Sharma,2
548319,RV Uthappa,17
548319,SC Ganguly,16
548319,SE Marsh,64
548319,SPD Smith,13
548320,AL Menaria,1
548320,AM Rahane,19
548320,BJ Hodge,12
548320,G Gambhir,11
548320,J Botha,6
548320,JH Kallis,31
548320,MK Tiwary,24
548320,MS Bisla,29
548320,OA Shah,31
548320,R Dravid,28
548320,RN ten Doeschate,7
548320,SP Goswami,24
548320,Shakib Al Hasan,16
548320,YK Pathan,7
548321,A Mishra,6
548321,AA Jhunjhunwala,4
548321,Ankit Sharma,1
548321,B Chipli,25
548321,DPMD Jayawardene,6
548321,DT Christian,19
548321,DW Steyn,2
548321,IK Pathan,5
548321,JP Duminy,4
548321,KC Sangakkara,1
548321,KP Pietersen,103
548321,LRPL Taylor,13
548321,NV Ojha,1
548321,PA Patel,45
548321,S Dhawan,44
548321,V Sehwag,7
548321,Y Nagar,23
548322,DJ Bravo,5
548322,F du Plessis,43
548322,JA Morkel,3
548322,JD Ryder,73
548322,M Vijay,8
548322,MN Samuels,8
548322,MS Dhoni,26
548322,RA Jadeja,44
548322,RV Uthappa,10
548322,SC Ganguly,16
548322,SK Raina,20
548322,SPD Smith,44
548323,AC Gilchrist,5
548323,AD Mascarenhas,0
548323,BA Bhatt,6
548323,Bipul Sharma,12
548323,DB Das,35
548323,DJ Hussey,32
548323,G Gambhir,22
548323,Harmeet Singh,14
548323,JH Kallis,1
548323,MK Tiwary,20
548323,MS Bisla,27
548323,Mandeep Singh,38
548323,P Dogra,6
548323,P Kumar,0
548323,PP Chawla,13
548323,R Bhatia,3
548323,RN ten Doeschate,11
548323,SE Marsh,1
548323,Shakib Al Hasan,4
548323,YK Pathan,0
548324,AB de Villiers,6
548324,AM Rahane,103
548324,BJ Hodge,1
548324,CH Gayle,8
548324,DL Vettori,1
548324,M Kaif,14
548324,M Muralitharan,6
548324,MA Agarwal,34
548324,OA Shah,60
548324,R Dravid,25
548324,R Vinay Kumar,11
548324,S Aravind,14
548324,SS Tiwary,17
548324,V Kohli,22
548324,Z Khan,0
548325,AT Rayudu,4
548325,CJ McKay,8
548325,DJ Jacobs,0
548325,DPMD Jayawardene,17
548325,Harbhajan Singh,33
548325,KA Pollard,1
548325,KD Karthik,3
548325,KP Pietersen,9
548325,LRPL Taylor,11
548325,MM Patel,1
548325,NV Ojha,13
548325,PP Ojha,3
548325,RE Levi,1
548325,RG Sharma,29
548325,RP Singh,0
548325,V Sehwag,32
548326,AL Menaria,22
548326,AM Rahane,44
548326,BJ Hodge,48
548326,DH Yagnik,9
548326,DT Christian,29
548326,J Botha,14
548326,JP Duminy,58
548326,KC Sangakkara,44
548326,OA Shah,12
548326,R Dravid,42
548326,S Dhawan,52
548327,AB de Villiers,33
548327,AD Mathews,10
548327,CH Gayle,81
548327,JD Ryder,34
548327,M Manhas,6
548327,MA Agarwal,9
548327,MN Samuels,34
548327,RV Uthappa,69
548327,SC Ganguly,6
548327,SPD Smith,16
548327,SS Tiwary,36
548327,TM Dilshan,4
548327,V Kohli,16
548328,AC Gilchrist,40
548328,AD Mascarenhas,9
548328,BB McCullum,15
548328,DJ Hussey,10
548328,G Gambhir,66
548328,JH Kallis,30
548328,MS Bisla,11
548328,Mandeep Singh,6
548328,P Dogra,6
548328,PC Valthaty,8
548328,PP Chawla,9
548328,SE Marsh,33
548329,CL White,65
548329,DA Warner,109
548329,DJ Harris,19
548329,JP Duminy,13
548329,KC Sangakkara,4
548329,NV Ojha,64
548329,S Dhawan,84
548329,V Sehwag,4
548330,AD Mathews,27
548330,B Kumar,2
548330,DJ Bravo,12
548330,F du Plessis,58
548330,JD Ryder,9
548330,M Kartik,4
548330,MK Pandey,13
548330,MN Samuels,26
548330,MS Dhoni,28
548330,RA Jadeja,7
548330,RV Uthappa,8
548330,S Badrinath,57
548330,SC Ganguly,24
548330,SK Raina,0
548330,SPD Smith,23
548331,AB McDonald,8
548331,AB de Villiers,52
548331,Azhar Mahmood,33
548331,CH Gayle,87
548331,DA Miller,8
548331,DJ Hussey,41
548331,DL Vettori,2
548331,MA Agarwal,1
548331,Mandeep Singh,20
548331,N Saini,14
548331,PC Valthaty,6
548331,PP Chawla,7
548331,SE Marsh,26
548331,SS Tiwary,4
548331,V Kohli,4
548332,AL Menaria,36
548332,AM Rahane,15
548332,BJ Hodge,3
548332,DJ Bravo,16
548332,F du Plessis,73
548332,MS Dhoni,15
548332,OA Shah,52
548332,R Dravid,26
548332,S Badrinath,15
548332,SK Raina,26
548333,AD Mathews,6
548333,DPMD Jayawardene,7
548333,IK Pathan,15
548333,JD Ryder,86
548333,KP Pietersen,32
548333,LRPL Taylor,12
548333,M Morkel,1
548333,NV Ojha,11
548333,P Negi,8
548333,RV Uthappa,10
548333,SC Ganguly,41
548333,SPD Smith,34
548333,V Sehwag,57
548333,Y Nagar,24
548334,AT Rayudu,3
548334,Azhar Mahmood,10
548334,DA Miller,5
548334,DJ Hussey,21
548334,Harbhajan Singh,4
548334,JEC Franklin,79
548334,KA Pollard,7
548334,KD Karthik,35
548334,Mandeep Singh,24
548334,N Saini,30
548334,NLTC Perera,4
548334,RG Sharma,2
548334,SE Marsh,68
548334,SR Tendulkar,23
548335,A Mishra,1
548335,Ankit Sharma,1
548335,BB McCullum,10
548335,CL White,10
548335,DB Das,9
548335,DW Steyn,7
548335,G Gambhir,30
548335,IR Jaggi,3
548335,JH Kallis,23
548335,JP Duminy,16
548335,KC Sangakkara,12
548335,MK Tiwary,30
548335,MS Bisla,10
548335,PA Patel,23
548335,S Dhawan,50
548335,YK Pathan,6
548336,AB de Villiers,59
548336,AM Rahane,13
548336,BJ Hodge,10
548336,CH Gayle,4
548336,GB Hogg,13
548336,KK Cooper,8
548336,MA Agarwal,15
548336,OA Shah,10
548336,R Dravid,58
548336,SP Goswami,1
548336,STR Binny,20
548336,TM Dilshan,76
548336,V Kohli,16
548337,DPMD Jayawardene,18
548337,JD Ryder,0
548337,KP Pietersen,27
548337,LRPL Taylor,9
548337,MK Pandey,80
548337,RV Uthappa,60
548337,SC Ganguly,1
548337,V Sehwag,87
548339,AT Rayudu,34
548339,DA Miller,34
548339,DJ Hussey,68
548339,Harbhajan Singh,0
548339,JEC Franklin,22
548339,KA Pollard,3
548339,KD Karthik,3
548339,Mandeep Singh,22
548339,N Saini,17
548339,RG Sharma,50
548339,RJ Peterson,16
548339,SE Marsh,17
548339,SR Tendulkar,34
548341,AC Thomas,12
548341,B Kumar,7
548341,CL White,78
548341,IR Jaggi,10
548341,JD Ryder,7
548341,JP Duminy,26
548341,KC Sangakkara,12
548341,M Manhas,22
548341,MK Pandey,21
548341,MN Samuels,3
548341,PA Patel,24
548341,RV Uthappa,29
548341,S Dhawan,16
548341,SC Ganguly,23
548341,SPD Smith,26
548342,AC Blizzard,0
548342,AT Rayudu,62
548342,DPMD Jayawardene,55
548342,Harbhajan Singh,15
548342,IK Pathan,0
548342,KA Pollard,16
548342,KD Karthik,40
548342,KP Pietersen,50
548342,LRPL Taylor,15
548342,NV Ojha,5
548342,RG Sharma,12
548342,RJ Peterson,2
548342,RP Singh,1
548342,SL Malinga,11
548342,SR Tendulkar,7
548342,V Sehwag,73
548342,Y Nagar,0
548343,Azhar Mahmood,18
548343,Bipul Sharma,7
548343,DA Miller,19
548343,DJ Bravo,30
548343,DJ Hussey,7
548343,F du Plessis,29
548343,JA Morkel,8
548343,KMDN Kulasekara,5
548343,MS Dhoni,1
548343,Mandeep Singh,56
548343,N Saini,6
548343,P Kumar,6
548343,PP Chawla,0
548343,R Ashwin,7
548343,RA Jadeja,17
548343,S Badrinath,25
548343,SE Marsh,32
548343,SK Raina,15
548343,WP Saha,6
548344,AB de Villiers,0
548344,BB McCullum,43
548344,CH Gayle,86
548344,DL Vettori,4
548344,G Gambhir,93
548344,JH Kallis,41
548344,MA Agarwal,10
548344,MK Tiwary,1
548344,R Vinay Kumar,0
548344,SS Tiwary,19
548344,TM Dilshan,1
548344,V Kohli,18
548344,YK Pathan,7
548345,AM Rahane,84
548345,BJ Hodge,22
548345,DPMD Jayawardene,6
548345,IK Pathan,7
548345,KP Pietersen,5
548345,LRPL Taylor,25
548345,NV Ojha,11
548345,OA Shah,1
548345,R Dravid,40
548345,V Sehwag,63
548345,Y Nagar,27
548346,A Ashish Reddy,10
548346,A Mishra,1
548346,AT Rayudu,19
548346,B Chipli,1
548346,CL White,0
548346,DT Christian,5
548346,DW Steyn,3
548346,IR Jaggi,2
548346,JEC Franklin,13
548346,JP Duminy,25
548346,KD Karthik,2
548346,PA Patel,19
548346,RE Levi,0
548346,RG Sharma,42
548346,RJ Peterson,1
548346,S Dhawan,29
548346,SR Tendulkar,14
548346,V Pratap Singh,0
548347,BB McCullum,2
548347,DB Das,11
548347,DJ Bravo,12
548347,F du Plessis,3
548347,G Gambhir,63
548347,JA Morkel,13
548347,JH Kallis,26
548347,MEK Hussey,18
548347,MK Tiwary,13
548347,MS Dhoni,34
548347,RA Jadeja,9
548347,SK Raina,44
548347,YK Pathan,12
548348,BB Samantray,2
548348,CL White,74
548348,JP Duminy,4
548348,KC Sangakkara,82
548348,M Manhas,7
548348,MJ Clarke,41
548348,MK Pandey,0
548348,MN Samuels,1
548348,PA Patel,0
548348,RV Uthappa,26
548348,S Dhawan,13
548348,SC Ganguly,45
548348,SPD Smith,47
548349,AA Chavan,7
548349,AL Menaria,2
548349,AM Rahane,42
548349,BJ Hodge,1
548349,DPMD Jayawardene,0
548349,KP Pietersen,36
548349,LRPL Taylor,6
548349,NV Ojha,11
548349,OA Shah,1
548349,R Dravid,57
548349,SP Goswami,18
548349,SR Watson,8
548349,V Sehwag,73
548349,Y Nagar,9
548350,AB McDonald,9
548350,AB de Villiers,17
548350,AM Nayar,2
548350,AUK Pathan,2
548350,Azhar Mahmood,2
548350,CH Gayle,71
548350,DJ Hussey,45
548350,MA Agarwal,7
548350,Mandeep Singh,43
548350,N Saini,50
548350,P Dogra,3
548350,PP Chawla,6
548350,SE Marsh,8
548350,SS Tiwary,1
548350,V Kohli,45
548351,AT Rayudu,1
548351,B Kumar,10
548351,Harbhajan Singh,0
548351,JD Ryder,9
548351,JEC Franklin,25
548351,KD Karthik,18
548351,M Manhas,42
548351,MJ Clarke,14
548351,NLTC Perera,0
548351,PP Ojha,1
548351,RG Sharma,3
548351,RJ Peterson,13
548351,RV Uthappa,18
548351,SC Ganguly,16
548351,SL Malinga,14
548351,SPD Smith,2
548351,SR Tendulkar,34
548351,WD Parnell,2
548352,A Ashish Reddy,3
548352,AA Jhunjhunwala,1
548352,CL White,77
548352,DJ Bravo,12
548352,DT Christian,27
548352,F du Plessis,42
548352,JA Morkel,13
548352,KC Sangakkara,1
548352,M Vijay,14
548352,MS Dhoni,34
548352,PA Patel,1
548352,RA Jadeja,4
548352,S Badrinath,1
548352,S Dhawan,36
548352,SK Raina,32
548353,AD Mathews,35
548353,B Kumar,11
548353,BB McCullum,42
548353,DB Das,15
548353,G Gambhir,56
548353,JH Kallis,1
548353,LR Shukla,0
548353,M Manhas,1
548353,MJ Clarke,1
548353,MK Pandey,17
548353,MK Tiwary,6
548353,RV Uthappa,17
548353,SC Ganguly,36
548353,SPD Smith,14
548353,WD Parnell,1
548353,YK Pathan,11
548354,AL Menaria,34
548354,AM Nayar,9
548354,AM Rahane,5
548354,Azhar Mahmood,24
548354,BJ Hodge,36
548354,DJ Hussey,8
548354,Gurkeerat Singh,23
548354,J Botha,14
548354,Mandeep Singh,7
548354,N Saini,2
548354,P Kumar,7
548354,PP Chawla,5
548354,R Dravid,46
548354,RJ Harris,3
548354,SE Marsh,34
548354,SR Watson,36
548354,STR Binny,0
548355,AT Rayudu,0
548355,DJ Bravo,40
548355,DR Smith,24
548355,F du Plessis,9
548355,Harbhajan Singh,0
548355,JA Morkel,3
548355,JEC Franklin,1
548355,KD Karthik,11
548355,M Vijay,41
548355,MS Dhoni,25
548355,R Ashwin,0
548355,RA Jadeja,9
548355,RG Sharma,60
548355,RJ Peterson,0
548355,RP Singh,1
548355,S Badrinath,1
548355,SK Raina,36
548355,SL Malinga,0
548355,SR Tendulkar,74
548356,AB de Villiers,47
548356,AUK Pathan,4
548356,CH Gayle,26
548356,CL White,45
548356,DJ Harris,47
548356,J Syed Mohammad,4
548356,KC Sangakkara,10
548356,MA Agarwal,18
548356,S Dhawan,73
548356,TM Dilshan,71
548356,V Kohli,9
548357,BB McCullum,56
548357,DA Warner,21
548357,DB Das,1
548357,DPMD Jayawardene,30
548357,G Gambhir,36
548357,IK Pathan,36
548357,JH Kallis,30
548357,LRPL Taylor,16
548357,MK Tiwary,8
548357,NV Ojha,2
548357,S Nadeem,0
548357,V Sehwag,23
548357,VR Aaron,1
548357,Y Nagar,10
548357,YK Pathan,7
548358,AD Mathews,11
548358,AL Menaria,18
548358,AM Rahane,0
548358,AP Majumdar,30
548358,M Manhas,11
548358,MJ Clarke,16
548358,OA Shah,4
548358,R Dravid,14
548358,RV Uthappa,13
548358,SC Ganguly,14
548358,SPD Smith,18
548358,SR Watson,90
548358,WD Parnell,2
548359,A Ashish Reddy,8
548359,A Mishra,8
548359,AA Jhunjhunwala,19
548359,Azhar Mahmood,14
548359,CL White,8
548359,DA Miller,28
548359,DJ Harris,30
548359,DJ Hussey,16
548359,J Theron,7
548359,KC Sangakkara,4
548359,Mandeep Singh,75
548359,N Saini,2
548359,PA Patel,17
548359,PA Reddy,24
548359,S Dhawan,8
548359,SD Chitnis,6
548359,SE Marsh,22
548360,AT Rayudu,22
548360,CH Gayle,82
548360,DR Smith,2
548360,Harbhajan Singh,20
548360,JEC Franklin,1
548360,KA Pollard,21
548360,KD Karthik,44
548360,RG Sharma,0
548360,SR Tendulkar,24
548360,TM Dilshan,19
548360,V Kohli,36
548361,AL Menaria,6
548361,AM Rahane,17
548361,BJ Hodge,33
548361,DH Yagnik,10
548361,DJ Bravo,10
548361,J Botha,12
548361,JA Morkel,18
548361,M Vijay,0
548361,MEK Hussey,19
548361,MS Dhoni,10
548361,R Dravid,4
548361,RA Jadeja,16
548361,S Anirudha,18
548361,SK Raina,23
548361,SR Watson,5
548361,STR Binny,27
548362,AB de Villiers,9
548362,AC Thomas,7
548362,AD Mathews,4
548362,AP Majumdar,31
548362,B Kumar,2
548362,CH Gayle,57
548362,K Upadhyay,11
548362,MD Mishra,4
548362,MJ Clarke,13
548362,MK Pandey,0
548362,R Sharma,0
548362,RV Uthappa,38
548362,SPD Smith,24
548362,SS Tiwary,36
548362,TM Dilshan,53
548362,V Kohli,9
548363,DB Das,4
548363,G Gambhir,0
548363,HH Gibbs,66
548363,JH Kallis,79
548363,MK Tiwary,27
548363,MS Bisla,1
548363,RG Sharma,109
548363,SR Tendulkar,2
548363,YK Pathan,40
548364,DA Warner,8
548364,DPMD Jayawardene,8
548364,IK Pathan,13
548364,M Vijay,48
548364,MEK Hussey,38
548364,NV Ojha,3
548364,SK Raina,28
548364,V Sehwag,4
548364,Y Nagar,44
548364,Y Venugopal Rao,27
548365,A Nehra,9
548365,AD Mathews,23
548365,AM Rahane,61
548365,AP Majumdar,9
548365,B Kumar,3
548365,BJ Hodge,14
548365,CJ Ferguson,23
548365,J Botha,7
548365,JD Ryder,1
548365,M Kartik,8
548365,R Dravid,21
548365,R Sharma,0
548365,RV Uthappa,6
548365,SC Ganguly,2
548365,SPD Smith,37
548365,SR Watson,58
548365,STR Binny,6
548366,Azhar Mahmood,31
548366,CL White,67
548366,DJ Hussey,65
548366,DT Christian,24
548366,Gurkeerat Singh,29
548366,KC Sangakkara,1
548366,Mandeep Singh,28
548366,N Saini,3
548366,PA Patel,18
548366,PP Chawla,8
548366,S Dhawan,71
548366,SD Chitnis,11
548366,SE Marsh,11
548367,AB de Villiers,14
548367,AT Rayudu,81
548367,CH Gayle,6
548367,DR Smith,6
548367,HH Gibbs,2
548367,KA Pollard,52
548367,KD Karthik,16
548367,MA Agarwal,64
548367,R Vinay Kumar,1
548367,RG Sharma,5
548367,SR Tendulkar,0
548367,SS Tiwary,21
548367,TM Dilshan,47
548367,V Kohli,3
548367,Z Khan,1
548368,BB McCullum,37
548368,DB Das,19
548368,DJ Bravo,11
548368,F du Plessis,13
548368,G Gambhir,62
548368,JH Kallis,4
548368,LR Shukla,9
548368,M Vijay,36
548368,MEK Hussey,56
548368,MK Tiwary,12
548368,MS Dhoni,28
548368,R Bhatia,1
548368,RA Jadeja,3
548368,SK Raina,8
548368,YK Pathan,11
548369,Azhar Mahmood,9
548369,DA Miller,4
548369,DA Warner,14
548369,DJ Hussey,40
548369,DPMD Jayawardene,56
548369,Gurkeerat Singh,8
548369,IK Pathan,19
548369,LRPL Taylor,0
548369,Mandeep Singh,21
548369,N Saini,15
548369,NV Ojha,34
548369,P Awana,4
548369,P Kumar,8
548369,PP Chawla,10
548369,SE Marsh,13
548369,V Sehwag,8
548369,Y Venugopal Rao,7
548370,AT Rayudu,11
548370,BB McCullum,1
548370,DB Das,2
548370,DR Smith,0
548370,G Gambhir,27
548370,HH Gibbs,13
548370,Harbhajan Singh,1
548370,JH Kallis,0
548370,KA Pollard,8
548370,KD Karthik,21
548370,MK Tiwary,41
548370,R Bhatia,12
548370,RG Sharma,12
548370,RP Singh,3
548370,SL Malinga,8
548370,SP Narine,9
548370,SR Tendulkar,27
548370,Shakib Al Hasan,13
548370,YK Pathan,21
548371,AC Gilchrist,64
548371,Azhar Mahmood,9
548371,DJ Bravo,48
548371,DJ Hussey,9
548371,JA Morkel,14
548371,M Vijay,10
548371,MEK Hussey,7
548371,MS Dhoni,6
548371,Mandeep Singh,24
548371,N Saini,1
548371,R Ashwin,0
548371,RA Jadeja,13
548371,S Anirudha,1
548371,SD Chitnis,11
548371,SK Raina,17
548372,AD Russell,31
548372,CH Gayle,128
548372,DA Warner,15
548372,DPMD Jayawardene,9
548372,IK Pathan,4
548372,LRPL Taylor,55
548372,NV Ojha,13
548372,P Negi,6
548372,TM Dilshan,10
548372,UBT Chand,18
548372,UT Yadav,0
548372,V Kohli,73
548372,Y Venugopal Rao,36
548373,A Ashish Reddy,10
548373,A Chandila,0
548373,AL Menaria,20
548373,AM Rahane,6
548373,CA Lynn,6
548373,CL White,1
548373,J Botha,3
548373,JP Duminy,24
548373,OA Shah,28
548373,PA Patel,10
548373,PA Reddy,42
548373,R Dravid,39
548373,S Dhawan,26
548373,SP Goswami,3
548373,SR Watson,13
548373,STR Binny,7
548374,AC Gilchrist,9
548374,Azhar Mahmood,36
548374,DA Warner,79
548374,DJ Hussey,3
548374,DPMD Jayawardene,8
548374,Gurkeerat Singh,26
548374,IK Pathan,5
548374,Mandeep Singh,0
548374,NV Ojha,5
548374,P Kumar,3
548374,PC Valthaty,2
548374,PP Chawla,1
548374,RJ Harris,15
548374,SD Chitnis,38
548374,UBT Chand,18
548374,Y Venugopal Rao,21
548375,AG Murtaza,3
548375,AP Majumdar,17
548375,B Kumar,3
548375,BB McCullum,41
548375,CJ Ferguson,12
548375,G Gambhir,10
548375,Harpreet Singh,6
548375,JD Ryder,22
548375,JH Kallis,13
548375,MJ Clarke,13
548375,MK Tiwary,8
548375,RV Uthappa,8
548375,SC Ganguly,5
548375,Shakib Al Hasan,42
548375,WD Parnell,3
548375,YK Pathan,15
548376,A Ashish Reddy,4
548376,AB de Villiers,4
548376,CH Gayle,27
548376,CL White,1
548376,HV Patel,5
548376,JP Duminy,74
548376,KC Sangakkara,15
548376,M Muralitharan,0
548376,MA Agarwal,1
548376,P Parameswaran,0
548376,PA Patel,16
548376,PA Reddy,7
548376,R Vinay Kumar,7
548376,S Dhawan,5
548376,SS Tiwary,30
548376,TM Dilshan,4
548376,V Kohli,42
548376,Z Khan,0
548377,AL Menaria,21
548377,AM Rahane,13
548377,DH Yagnik,6
548377,DR Smith,87
548377,OA Shah,28
548377,R Dravid,5
548377,SR Tendulkar,58
548377,SR Watson,45
548377,STR Binny,30
548378,BB McCullum,31
548378,DA Warner,7
548378,DPMD Jayawardene,40
548378,G Gambhir,32
548378,IK Pathan,6
548378,JH Kallis,30
548378,LR Shukla,24
548378,LRPL Taylor,11
548378,M Morkel,0
548378,NV Ojha,28
548378,P Negi,14
548378,Shakib Al Hasan,1
548378,UT Yadav,1
548378,V Sehwag,10
548378,Y Venugopal Rao,13
548378,YK Pathan,40
548379,AT Rayudu,11
548379,DJ Bravo,33
548379,DR Smith,38
548379,DS Kulkarni,10
548379,Harbhajan Singh,1
548379,JEC Franklin,13
548379,KA Pollard,16
548379,KD Karthik,6
548379,M Vijay,1
548379,MEK Hussey,49
548379,MS Dhoni,51
548379,RA Jadeja,1
548379,RG Sharma,14
548379,RP Singh,1
548379,S Badrinath,47
548379,SK Raina,0
548379,SL Malinga,17
548379,SR Tendulkar,11
548380,AD Russell,16
548380,DA Warner,3
548380,DJ Bravo,33
548380,DPMD Jayawardene,55
548380,JA Morkel,0
548380,LRPL Taylor,24
548380,M Vijay,113
548380,MEK Hussey,20
548380,MS Dhoni,23
548380,NV Ojha,7
548380,P Negi,8
548380,SK Raina,27
548380,Sunny Gupta,0
548380,UT Yadav,1
548380,V Sehwag,1
548380,VR Aaron,0
548380,Y Venugopal Rao,10
548381,G Gambhir,2
548381,JH Kallis,69
548381,LR Shukla,3
548381,M Vijay,42
548381,MEK Hussey,54
548381,MK Tiwary,9
548381,MS Bisla,89
548381,MS Dhoni,14
548381,SK Raina,73
548381,Shakib Al Hasan,11
548381,YK Pathan,1
597998,A Nehra,0
597998,AD Russell,4
597998,DA Warner,21
597998,DPMD Jayawardene,66
597998,EJG Morgan,14
597998,G Gambhir,41
597998,IK Pathan,4
597998,J Botha,7
597998,JH Kallis,23
597998,MC Juneja,8
597998,MK Tiwary,23
597998,MS Bisla,4
597998,NV Ojha,9
597998,S Nadeem,4
597998,UBT Chand,0
597998,YK Pathan,18
597999,AT Rayudu,18
597999,CH Gayle,92
597999,DT Christian,4
597999,Harbhajan Singh,1
597999,KA Pollard,5
597999,KB Arun Karthik,19
597999,KD Karthik,60
597999,KK Nair,0
597999,MA Agarwal,1
597999,RG Sharma,11
597999,RT Ponting,28
597999,SR Tendulkar,23
597999,TM Dilshan,0
597999,V Kohli,24
598000,A Ashish Reddy,7
598000,AB Dinda,0
598000,AD Mathews,8
598000,AM Nayar,19
598000,B Kumar,3
598000,CL White,10
598000,DB Ravi Teja,4
598000,GH Vihari,11
598000,KC Sangakkara,15
598000,LRPL Taylor,19
598000,MK Pandey,15
598000,MN Samuels,5
598000,MR Marsh,7
598000,NLTC Perera,30
598000,PA Patel,19
598000,PA Reddy,27
598000,R Sharma,0
598000,RV Uthappa,24
598000,Yuvraj Singh,2
598001,AD Russell,7
598001,AL Menaria,1
598001,AM Rahane,28
598001,BJ Hodge,5
598001,DA Warner,77
598001,DPMD Jayawardene,19
598001,IK Pathan,1
598001,J Botha,2
598001,KK Cooper,2
598001,MC Juneja,20
598001,MDKJ Perera,14
598001,NV Ojha,0
598001,R Dravid,65
598001,R Shukla,1
598001,STR Binny,40
598001,UBT Chand,23
598002,AS Rajpoot,2
598002,AT Rayudu,7
598002,B Laughlin,0
598002,DJ Bravo,10
598002,DR Smith,3
598002,Harbhajan Singh,21
598002,KA Pollard,57
598002,KD Karthik,37
598002,M Vijay,5
598002,MEK Hussey,20
598002,MS Dhoni,51
598002,R Ashwin,2
598002,RA Jadeja,16
598002,RG Sharma,8
598002,RT Ponting,6
598002,S Badrinath,16
598002,SK Raina,10
598002,SR Tendulkar,0
598003,AC Gilchrist,15
598003,AD Mathews,4
598003,AM Nayar,25
598003,B Kumar,8
598003,DJ Hussey,8
598003,LRPL Taylor,15
598003,M Vohra,43
598003,MK Pandey,0
598003,MN Samuels,3
598003,MR Marsh,15
598003,Mandeep Singh,31
598003,R Sharma,1
598003,RV Uthappa,19
598003,TL Suman,6
598004,A Ashish Reddy,14
598004,CH Gayle,11
598004,CL White,22
598004,DW Steyn,3
598004,GH Vihari,44
598004,JD Unadkat,1
598004,KB Arun Karthik,0
598004,KC Sangakkara,16
598004,KK Nair,9
598004,M Kartik,2
598004,MA Agarwal,7
598004,MC Henriques,44
598004,NLTC Perera,9
598004,PA Patel,2
598004,PA Reddy,23
598004,R Vinay Kumar,7
598004,TM Dilshan,5
598004,V Kohli,51
598005,AM Rahane,36
598005,B Lee,5
598005,BJ Hodge,46
598005,DH Yagnik,16
598005,EJG Morgan,51
598005,G Gambhir,22
598005,JH Kallis,0
598005,KK Cooper,0
598005,LR Shukla,2
598005,MK Tiwary,14
598005,MS Bisla,1
598005,Mohammed Shami,5
598005,R Bhatia,12
598005,R Dravid,17
598005,S Sreesanth,1
598005,SP Narine,2
598005,SR Watson,5
598005,STR Binny,14
598005,YK Pathan,0
598006,A Nehra,1
598006,AT Rayudu,24
598006,BMAJ Mendis,0
598006,DA Warner,61
598006,DPMD Jayawardene,3
598006,Harbhajan Singh,1
598006,IK Pathan,10
598006,KA Pollard,13
598006,KD Karthik,86
598006,KM Jadhav,1
598006,M Morkel,23
598006,MC Juneja,49
598006,RG Sharma,74
598006,RT Ponting,0
598006,S Nadeem,2
598006,SR Tendulkar,1
598006,UBT Chand,0
598006,UT Yadav,5
598007,AC Gilchrist,9
598007,Azhar Mahmood,8
598007,DJ Hussey,41
598007,Gurkeerat Singh,31
598007,M Vijay,50
598007,M Vohra,16
598007,MEK Hussey,86
598007,Mandeep Singh,9
598007,P Awana,1
598007,P Kumar,3
598007,PP Chawla,4
598007,R Sathish,8
598007,RJ Harris,0
598008,AB de Villiers,22
598008,CH Gayle,85
598008,EJG Morgan,2
598008,G Gambhir,59
598008,JH Kallis,16
598008,MA Agarwal,6
598008,MK Tiwary,23
598008,MS Bisla,1
598008,PJ Sangwan,4
598008,R Bhatia,13
598008,R McLaren,2
598008,SP Narine,1
598008,V Kohli,35
598008,YK Pathan,27
598009,AD Mathews,1
598009,AJ Finch,64
598009,AM Rahane,30
598009,BJ Hodge,22
598009,DH Yagnik,12
598009,JP Faulkner,19
598009,LRPL Taylor,17
598009,MDKJ Perera,0
598009,R Dravid,54
598009,RV Uthappa,32
598009,STR Binny,1
598009,Yuvraj Singh,28
598010,A Ashish Reddy,16
598010,A Mishra,16
598010,CL White,4
598010,DA Warner,0
598010,DPMD Jayawardene,12
598010,DW Steyn,9
598010,GH Vihari,17
598010,IK Pathan,23
598010,J Botha,9
598010,KC Sangakkara,28
598010,KM Jadhav,30
598010,M Morkel,0
598010,MC Juneja,15
598010,NLTC Perera,2
598010,PA Patel,19
598010,PA Reddy,1
598010,S Nadeem,0
598010,UT Yadav,6
598010,V Sehwag,12
598011,AD Mathews,19
598011,AJ Finch,0
598011,AM Nayar,6
598011,B Kumar,6
598011,KA Pollard,19
598011,KD Karthik,41
598011,LRPL Taylor,4
598011,MR Marsh,38
598011,R Sharma,10
598011,RG Sharma,62
598011,RT Ponting,14
598011,RV Uthappa,7
598011,SR Tendulkar,44
598011,TL Suman,23
598011,Yuvraj Singh,24
598012,AB de Villiers,64
598012,CH Gayle,4
598012,CH Morris,7
598012,DJ Bravo,8
598012,DT Christian,2
598012,KB Arun Karthik,5
598012,M Vijay,2
598012,MA Agarwal,24
598012,MEK Hussey,6
598012,MS Dhoni,33
598012,R Rampaul,0
598012,RA Jadeja,38
598012,S Badrinath,34
598012,SK Raina,30
598012,V Kohli,58
598013,A Ashish Reddy,4
598013,A Mishra,1
598013,CL White,34
598013,DB Ravi Teja,10
598013,EJG Morgan,47
598013,G Gambhir,53
598013,GH Vihari,1
598013,JH Kallis,41
598013,KC Sangakkara,2
598013,KV Sharma,5
598013,MS Bisla,28
598013,NLTC Perera,36
598013,PA Patel,27
598013,YK Pathan,3
598014,AC Gilchrist,0
598014,AM Rahane,34
598014,Azhar Mahmood,23
598014,BJ Hodge,15
598014,DJ Hussey,41
598014,Gurkeerat Singh,10
598014,M Vohra,3
598014,Mandeep Singh,2
598014,P Awana,0
598014,P Kumar,15
598014,PP Chawla,7
598014,R Dravid,9
598014,R Sathish,11
598014,RJ Harris,2
598014,SR Watson,32
598014,STR Binny,0
598014,SV Samson,27
598015,AJ Finch,67
598015,AM Nayar,0
598015,CH Morris,5
598015,DJ Bravo,1
598015,JA Morkel,13
598015,LRPL Taylor,8
598015,M Vijay,24
598015,MK Pandey,9
598015,MR Marsh,2
598015,MS Dhoni,10
598015,R Ashwin,11
598015,RA Jadeja,27
598015,RV Uthappa,26
598015,S Anirudha,0
598015,S Badrinath,34
598015,SK Raina,8
598015,SPD Smith,39
598016,AC Gilchrist,7
598016,Azhar Mahmood,0
598016,DA Miller,20
598016,DB Das,1
598016,DJ Hussey,12
598016,EJG Morgan,47
598016,G Gambhir,60
598016,Gurkeerat Singh,0
598016,JH Kallis,1
598016,M Vohra,17
598016,MK Tiwary,1
598016,MS Bisla,0
598016,MS Gony,42
598016,Mandeep Singh,41
598016,P Kumar,1
598016,PP Chawla,11
598016,R Bhatia,16
598016,SMSM Senanayake,1
598016,SP Narine,1
598016,YK Pathan,13
598017,AB McDonald,0
598017,AB de Villiers,52
598017,BJ Rohrer,14
598017,CH Gayle,15
598017,DA Warner,15
598017,DPMD Jayawardene,28
598017,IK Pathan,30
598017,J Syed Mohammad,1
598017,KB Arun Karthik,5
598017,KL Rahul,12
598017,KM Jadhav,29
598017,MC Juneja,17
598017,R Rampaul,12
598017,R Vinay Kumar,1
598017,V Kohli,65
598017,V Sehwag,25
598018,A Ashish Reddy,19
598018,A Mishra,30
598018,AB Dinda,0
598018,AD Mathews,20
598018,AJ Finch,16
598018,AM Nayar,0
598018,B Kumar,0
598018,BB Samantray,37
598018,CL White,0
598018,DW Steyn,4
598018,GH Vihari,1
598018,KV Sharma,7
598018,MK Pandey,7
598018,MR Marsh,14
598018,NLTC Perera,2
598018,PA Patel,12
598018,Q de Kock,2
598018,R Sharma,0
598018,RV Uthappa,22
598018,SPD Smith,17
598018,TL Suman,12
598019,AM Rahane,68
598019,AT Rayudu,27
598019,BJ Hodge,27
598019,DH Yagnik,34
598019,Harbhajan Singh,1
598019,KA Pollard,1
598019,KD Karthik,30
598019,MG Johnson,11
598019,PP Ojha,1
598019,R Dhawan,0
598019,RG Sharma,2
598019,RT Ponting,4
598019,SL Malinga,7
598019,SR Tendulkar,1
598019,SR Watson,31
598019,STR Binny,4
598020,AB Agarkar,3
598020,BMAJ Mendis,12
598020,DA Warner,1
598020,DJ Bravo,3
598020,DPMD Jayawardene,6
598020,IK Pathan,2
598020,KM Jadhav,31
598020,M Morkel,2
598020,M Vijay,18
598020,MC Juneja,2
598020,MEK Hussey,65
598020,MS Dhoni,44
598020,S Nadeem,2
598020,SK Raina,30
598020,UT Yadav,1
598020,V Sehwag,17
598021,A Ashish Reddy,7
598021,AC Gilchrist,26
598021,AD Mascarenhas,5
598021,Azhar Mahmood,4
598021,BB Samantray,10
598021,CL White,16
598021,DJ Hussey,22
598021,GH Vihari,46
598021,Gurkeerat Singh,17
598021,M Vohra,0
598021,Mandeep Singh,10
598021,NLTC Perera,23
598021,P Kumar,3
598021,PA Reddy,19
598021,PC Valthaty,6
598021,PP Chawla,23
598021,Q de Kock,0
598022,DB Das,19
598022,DJ Bravo,7
598022,EJG Morgan,2
598022,G Gambhir,25
598022,L Balaji,9
598022,LR Shukla,1
598022,M Vijay,2
598022,MEK Hussey,40
598022,MK Tiwary,13
598022,MS Dhoni,9
598022,R Ashwin,11
598022,R Bhatia,1
598022,RA Jadeja,36
598022,S Badrinath,6
598022,SK Raina,7
598022,SMSM Senanayake,7
598022,SP Narine,13
598022,YK Pathan,25
598023,A Chandila,4
598023,AB de Villiers,7
598023,AM Rahane,14
598023,BJ Hodge,13
598023,CH Gayle,49
598023,DH Yagnik,5
598023,JP Faulkner,3
598023,R Dravid,35
598023,S Sreesanth,0
598023,SK Trivedi,3
598023,SR Watson,6
598023,SS Tiwary,25
598023,STR Binny,33
598023,SW Tait,1
598023,TM Dilshan,25
598023,V Kohli,1
598024,AT Rayudu,2
598024,DA Warner,7
598024,DPMD Jayawardene,59
598024,DR Smith,8
598024,KA Pollard,19
598024,KD Karthik,2
598024,RG Sharma,73
598024,SR Tendulkar,54
598024,V Sehwag,95
598025,AC Gilchrist,4
598025,AJ Finch,64
598025,AM Nayar,2
598025,Azhar Mahmood,0
598025,DA Miller,80
598025,LJ Wright,34
598025,M Vohra,22
598025,Mandeep Singh,77
598025,RV Uthappa,37
598025,SPD Smith,6
598025,Yuvraj Singh,34
598026,AM Rahane,16
598026,BJ Hodge,9
598026,CH Morris,1
598026,DH Yagnik,7
598026,DJ Bravo,15
598026,M Vijay,3
598026,MEK Hussey,88
598026,MS Dhoni,21
598026,R Dravid,6
598026,RA Jadeja,0
598026,SK Raina,51
598026,SR Watson,101
598026,STR Binny,36
598027,AB Dinda,1
598027,AB de Villiers,31
598027,AG Murtaza,5
598027,AJ Finch,18
598027,B Kumar,6
598027,CH Gayle,175
598027,IC Pandey,0
598027,LJ Wright,7
598027,M Manhas,11
598027,MR Marsh,24
598027,R Rampaul,0
598027,RV Uthappa,0
598027,SPD Smith,41
598027,SS Tiwary,2
598027,TM Dilshan,33
598027,V Kohli,11
598027,Yuvraj Singh,16
598028,AC Gilchrist,42
598028,Azhar Mahmood,9
598028,BJ Rohrer,49
598028,CM Gautam,12
598028,DA Miller,44
598028,DA Warner,0
598028,DPMD Jayawardene,39
598028,IK Pathan,1
598028,M Morkel,13
598028,R Sathish,22
598028,SE Marsh,45
598028,UBT Chand,7
598028,V Sehwag,30
598029,AT Rayudu,13
598029,DB Das,6
598029,DR Smith,62
598029,EJG Morgan,31
598029,G Gambhir,26
598029,Harbhajan Singh,7
598029,JH Kallis,37
598029,KA Pollard,33
598029,KD Karthik,7
598029,MK Tiwary,33
598029,R Bhatia,1
598029,RG Sharma,34
598029,SR Tendulkar,2
598029,YK Pathan,19
598030,A Ashish Reddy,36
598030,A Mishra,15
598030,CH Morris,0
598030,CL White,2
598030,DJ Bravo,7
598030,DJG Sammy,19
598030,GH Vihari,2
598030,M Vijay,18
598030,MEK Hussey,45
598030,MS Dhoni,67
598030,Q de Kock,4
598030,RA Jadeja,1
598030,S Dhawan,63
598030,SK Raina,16
598030,X Thalaivan Sargunam,10
598031,AC Gilchrist,27
598031,Azhar Mahmood,2
598031,DA Miller,10
598031,DJ Hussey,21
598031,EJG Morgan,42
598031,G Gambhir,8
598031,Gurkeerat Singh,28
598031,JH Kallis,37
598031,M Vohra,31
598031,MS Bisla,51
598031,Mandeep Singh,25
598031,PP Chawla,0
598031,SMSM Senanayake,0
598031,YK Pathan,0
598032,A Ashish Reddy,14
598032,A Mishra,21
598032,AM Rahane,1
598032,DJG Sammy,60
598032,DW Steyn,18
598032,GH Vihari,4
598032,KC Sangakkara,4
598032,KV Sharma,6
598032,NLTC Perera,4
598032,PA Reddy,2
598032,R Dravid,36
598032,S Dhawan,0
598032,SR Watson,98
598032,STR Binny,9
598033,AB de Villiers,2
598033,CH Gayle,18
598033,DR Smith,50
598033,Harbhajan Singh,16
598033,J Syed Mohammad,9
598033,KA Pollard,34
598033,KB Arun Karthik,12
598033,KD Karthik,43
598033,MG Johnson,9
598033,R Rampaul,23
598033,R Vinay Kumar,26
598033,RG Sharma,10
598033,SL Malinga,0
598033,SR Tendulkar,23
598033,SS Tiwary,21
598033,TM Dilshan,13
598033,V Kohli,1
598034,BB McCullum,6
598034,EJG Morgan,32
598034,G Gambhir,14
598034,JH Kallis,19
598034,MEK Hussey,95
598034,MS Bisla,92
598034,MS Dhoni,18
598034,RA Jadeja,1
598034,SK Raina,44
598034,WP Saha,39
598034,YK Pathan,3
598035,AJ Finch,37
598035,BJ Rohrer,13
598035,DA Warner,51
598035,DPMD Jayawardene,12
598035,IK Pathan,4
598035,KM Jadhav,25
598035,LJ Wright,19
598035,M Manhas,2
598035,RV Uthappa,37
598035,SPD Smith,17
598035,UBT Chand,17
598035,V Sehwag,28
598035,Yuvraj Singh,31
598036,A Mukund,19
598036,AB de Villiers,21
598036,AM Rahane,2
598036,BJ Hodge,32
598036,CH Gayle,34
598036,JP Faulkner,1
598036,MC Henriques,22
598036,OA Shah,1
598036,R Dravid,22
598036,R Rampaul,3
598036,R Vinay Kumar,22
598036,SR Watson,41
598036,SS Tiwary,8
598036,STR Binny,6
598036,SV Samson,63
598036,V Kohli,32
598037,Azhar Mahmood,9
598037,DA Miller,56
598037,DJ Hussey,34
598037,DR Smith,33
598037,Gurkeerat Singh,2
598037,KA Pollard,20
598037,KD Karthik,25
598037,M Vohra,1
598037,MS Gony,0
598037,Mandeep Singh,9
598037,P Awana,0
598037,P Kumar,24
598037,PP Chawla,12
598037,RG Sharma,79
598037,SE Marsh,10
598037,SR Tendulkar,9
598038,AB Dinda,2
598038,AJ Finch,15
598038,AM Nayar,2
598038,B Kumar,24
598038,KW Richardson,26
598038,LJ Wright,2
598038,MEK Hussey,5
598038,MS Dhoni,45
598038,R Sharma,0
598038,RV Uthappa,10
598038,S Badrinath,34
598038,SK Raina,63
598038,SPD Smith,35
598038,TL Suman,0
598038,WP Saha,13
598038,Yuvraj Singh,5
598039,AT Rayudu,34
598039,DJG Sammy,1
598039,DR Smith,38
598039,GH Vihari,25
598039,KA Pollard,14
598039,KC Sangakkara,21
598039,KD Karthik,0
598039,PA Reddy,7
598039,RG Sharma,22
598039,S Dhawan,73
598039,SR Tendulkar,14
598040,B Lee,16
598040,BJ Rohrer,10
598040,DA Warner,66
598040,DB Das,18
598040,DPMD Jayawardene,5
598040,EJG Morgan,10
598040,JH Kallis,12
598040,MS Bisla,4
598040,R Bhatia,26
598040,S Narwal,23
598040,UBT Chand,37
598040,V Sehwag,17
598040,YK Pathan,20
598041,DA Miller,51
598041,DJ Hussey,22
598041,Gurkeerat Singh,0
598041,JA Morkel,23
598041,LA Pomersbach,7
598041,MEK Hussey,35
598041,MS Dhoni,2
598041,MS Gony,0
598041,Mandeep Singh,15
598041,R Sathish,0
598041,RA Jadeja,5
598041,SE Marsh,73
598041,SK Raina,100
598041,WP Saha,18
598042,AB Dinda,6
598042,AB de Villiers,50
598042,AD Mathews,32
598042,AJ Finch,15
598042,AM Nayar,1
598042,B Kumar,2
598042,BAW Mendis,2
598042,CH Gayle,21
598042,MC Henriques,27
598042,R Sharma,0
598042,RV Uthappa,75
598042,SPD Smith,4
598042,SS Tiwary,52
598042,TL Suman,11
598042,V Kohli,25
598042,Yuvraj Singh,16
598043,AM Rahane,6
598043,DH Yagnik,10
598043,G Gambhir,12
598043,JH Kallis,33
598043,JP Faulkner,1
598043,MS Bisla,29
598043,OA Shah,24
598043,R Dravid,6
598043,SR Watson,35
598043,STR Binny,3
598043,SV Samson,40
598043,YK Pathan,49
598044,A Ashish Reddy,5
598044,A Nehra,0
598044,BMAJ Mendis,11
598044,DA Warner,8
598044,DJG Sammy,18
598044,DPMD Jayawardene,11
598044,GH Vihari,11
598044,IK Pathan,13
598044,J Botha,1
598044,KC Sangakkara,8
598044,KM Jadhav,3
598044,PA Patel,14
598044,S Dhawan,22
598044,S Nadeem,0
598044,UBT Chand,17
598044,UT Yadav,2
598044,V Sehwag,8
598045,AB de Villiers,6
598045,AC Gilchrist,85
598045,Azhar Mahmood,61
598045,CA Pujara,19
598045,CH Gayle,77
598045,DA Miller,2
598045,KL Rahul,8
598045,MC Henriques,0
598045,R Sathish,12
598045,SE Marsh,8
598045,V Kohli,57
598046,AT Rayudu,10
598046,B Laughlin,4
598046,CH Morris,1
598046,DJ Bravo,9
598046,DR Smith,22
598046,Harbhajan Singh,25
598046,KA Pollard,1
598046,KD Karthik,23
598046,M Vijay,2
598046,MEK Hussey,22
598046,MM Sharma,0
598046,MS Dhoni,10
598046,R Ashwin,2
598046,RA Jadeja,20
598046,RG Sharma,39
598046,S Badrinath,0
598046,SK Raina,0
598046,SR Tendulkar,15
598047,AD Mathews,18
598047,AJ Finch,45
598047,AM Rahane,67
598047,BJ Hodge,4
598047,JP Faulkner,3
598047,MR Marsh,35
598047,R Dravid,58
598047,RV Uthappa,54
598047,SR Watson,5
598047,STR Binny,32
598047,SV Samson,10
598047,Yuvraj Singh,15
598048,A Ashish Reddy,3
598048,AB de Villiers,15
598048,BB Samantray,2
598048,CH Gayle,13
598048,CL White,52
598048,GH Vihari,4
598048,KC Sangakkara,23
598048,MA Agarwal,29
598048,MC Henriques,7
598048,NLTC Perera,40
598048,PA Patel,20
598048,PA Reddy,12
598048,V Kohli,93
598049,AM Rahane,63
598049,BJ Rohrer,64
598049,CM Gautam,2
598049,DA Warner,13
598049,DPMD Jayawardene,34
598049,KM Jadhav,23
598049,R Dravid,53
598049,SR Watson,28
598049,V Sehwag,11
598050,DB Das,23
598050,DR Smith,47
598050,EJG Morgan,5
598050,G Gambhir,0
598050,Iqbal Abdulla,6
598050,JH Kallis,24
598050,KA Pollard,4
598050,KD Karthik,34
598050,L Balaji,0
598050,MG Johnson,10
598050,MS Bisla,17
598050,R Bhatia,4
598050,R McLaren,1
598050,RG Sharma,16
598050,SP Narine,3
598050,SR Tendulkar,48
598050,YK Pathan,13
598051,A Mishra,6
598051,DJG Sammy,7
598051,DW Steyn,14
598051,GH Vihari,3
598051,KC Sangakkara,3
598051,KV Sharma,39
598051,M Vijay,29
598051,MEK Hussey,67
598051,MS Dhoni,4
598051,NLTC Perera,23
598051,PA Patel,44
598051,RA Jadeja,14
598051,S Dhawan,3
598051,SK Raina,99
598052,AC Gilchrist,42
598052,AM Rahane,59
598052,DA Miller,8
598052,DJ Hussey,1
598052,MS Gony,3
598052,Mandeep Singh,0
598052,PP Chawla,1
598052,R Dravid,4
598052,R Sathish,4
598052,SE Marsh,77
598052,SR Watson,31
598052,SV Samson,47
598053,AD Mathews,40
598053,AJ Finch,5
598053,B Kumar,1
598053,EJG Morgan,15
598053,G Gambhir,50
598053,JH Kallis,2
598053,K Upadhyay,1
598053,M Rawat,5
598053,MK Tiwary,15
598053,MR Marsh,5
598053,MS Bisla,12
598053,Parvez Rasool,1
598053,R Bhatia,13
598053,RN ten Doeschate,31
598053,RV Uthappa,31
598053,UA Birla,7
598053,WD Parnell,5
598053,YK Pathan,3
598053,Yuvraj Singh,1
598054,AB de Villiers,32
598054,BJ Rohrer,32
598054,CA Pujara,17
598054,CH Gayle,4
598054,DA Warner,4
598054,DPMD Jayawardene,19
598054,IK Pathan,23
598054,KM Jadhav,8
598054,M Morkel,19
598054,MC Henriques,26
598054,UBT Chand,41
598054,UT Yadav,4
598054,V Kohli,99
598054,V Sehwag,18
598055,AD Mathews,0
598055,AJ Finch,10
598055,AM Nayar,11
598055,AT Rayudu,26
598055,B Kumar,2
598055,DR Smith,0
598055,GJ Maxwell,13
598055,Harbhajan Singh,4
598055,KD Karthik,17
598055,KW Richardson,8
598055,MK Pandey,29
598055,Parvez Rasool,4
598055,RG Sharma,37
598055,RV Uthappa,11
598055,SR Tendulkar,15
598055,Yuvraj Singh,33
598056,AC Gilchrist,26
598056,BB Samantray,0
598056,CL White,10
598056,DA Miller,6
598056,DJG Sammy,0
598056,DW Steyn,1
598056,GH Vihari,5
598056,Harmeet Singh,3
598056,KV Sharma,22
598056,LA Pomersbach,33
598056,Mandeep Singh,0
598056,NLTC Perera,32
598056,P Awana,0
598056,P Kumar,1
598056,PA Patel,61
598056,PP Chawla,0
598056,R Sathish,25
598056,S Dhawan,15
598056,SE Marsh,18
598056,Sandeep Sharma,0
598057,A Mithun,2
598057,AB de Villiers,28
598057,CA Pujara,5
598057,CH Gayle,33
598057,G Gambhir,14
598057,JD Unadkat,1
598057,JH Kallis,41
598057,M Kartik,0
598057,MC Henriques,11
598057,MK Tiwary,24
598057,MS Bisla,0
598057,R Bhatia,3
598057,R Rampaul,0
598057,R Vinay Kumar,14
598057,RN ten Doeschate,11
598057,SS Tiwary,1
598057,V Kohli,17
598057,YK Pathan,18
598058,AM Rahane,9
598058,BJ Hodge,0
598058,DJ Bravo,23
598058,JP Faulkner,1
598058,M Vijay,55
598058,MEK Hussey,40
598058,MS Dhoni,2
598058,R Dravid,22
598058,RA Jadeja,12
598058,SK Raina,1
598058,SR Watson,70
598058,STR Binny,41
598058,SV Samson,0
598059,AB Agarkar,9
598059,AC Gilchrist,6
598059,DA Miller,34
598059,DA Warner,40
598059,DJ Hussey,20
598059,DPMD Jayawardene,4
598059,IK Pathan,14
598059,J Botha,1
598059,KM Jadhav,0
598059,LA Pomersbach,18
598059,M Vohra,8
598059,MC Juneja,14
598059,Mandeep Singh,24
598059,PP Chawla,5
598059,RE van der Merwe,8
598059,V Sehwag,23
598060,AT Rayudu,2
598060,CL White,43
598060,DR Smith,21
598060,GH Vihari,41
598060,KA Pollard,66
598060,KD Karthik,30
598060,NLTC Perera,2
598060,PA Patel,26
598060,RG Sharma,20
598060,S Dhawan,59
598060,SR Tendulkar,38
598061,AJ Finch,48
598061,DB Das,8
598061,G Gambhir,12
598061,JH Kallis,1
598061,MK Pandey,66
598061,MK Tiwary,0
598061,MS Bisla,1
598061,R Bhatia,10
598061,RN ten Doeschate,42
598061,RV Uthappa,25
598061,SMSM Senanayake,2
598061,YK Pathan,72
598061,Yuvraj Singh,30
598062,A Nehra,0
598062,BJ Rohrer,4
598062,DA Warner,44
598062,DJ Bravo,12
598062,IK Pathan,4
598062,J Botha,23
598062,KM Jadhav,2
598062,M Vijay,31
598062,MEK Hussey,26
598062,MS Dhoni,58
598062,RA Jadeja,24
598062,RE van der Merwe,14
598062,S Kaul,7
598062,SK Raina,7
598062,UBT Chand,16
598062,UT Yadav,12
598062,V Sehwag,0
598063,AM Rahane,4
598063,AP Tare,59
598063,AT Rayudu,7
598063,BJ Hodge,39
598063,DH Yagnik,10
598063,GJ Maxwell,23
598063,Harbhajan Singh,15
598063,JP Faulkner,12
598063,KA Pollard,17
598063,KD Karthik,21
598063,KK Cooper,7
598063,MG Johnson,2
598063,R Dravid,4
598063,RG Sharma,14
598063,SL Malinga,1
598063,SR Watson,19
598063,STR Binny,37
598063,SV Samson,4
598064,AB de Villiers,38
598064,CA Pujara,51
598064,CH Gayle,61
598064,DA Miller,101
598064,DJ Hussey,13
598064,Gurkeerat Singh,20
598064,MC Henriques,16
598064,Mandeep Singh,16
598064,R Sathish,27
598064,SE Marsh,6
598064,V Kohli,14
598065,AM Rahane,12
598065,BB Samantray,55
598065,BJ Hodge,8
598065,CL White,0
598065,DJG Sammy,23
598065,DW Steyn,0
598065,GH Vihari,19
598065,JP Faulkner,6
598065,KK Cooper,26
598065,KV Sharma,4
598065,NLTC Perera,17
598065,PA Patel,2
598065,PV Tambe,3
598065,R Dravid,25
598065,S Dhawan,1
598065,SK Trivedi,0
598065,SR Watson,11
598065,STR Binny,8
598065,SV Samson,5
598065,Sachin Baby,3
598066,AC Gilchrist,5
598066,AP Tare,22
598066,AT Rayudu,26
598066,Azhar Mahmood,80
598066,DA Miller,6
598066,GJ Maxwell,0
598066,Gurkeerat Singh,0
598066,Harbhajan Singh,5
598066,KA Pollard,22
598066,KD Karthik,0
598066,M Vohra,20
598066,Mandeep Singh,1
598066,NM Coulter-Nile,9
598066,P Kumar,0
598066,PP Chawla,1
598066,R Dhawan,14
598066,RG Sharma,25
598066,SE Marsh,63
598066,SL Malinga,1
598067,AD Mathews,30
598067,AJ Finch,52
598067,B Chipli,16
598067,BJ Rohrer,7
598067,CM Gautam,30
598067,DA Warner,2
598067,DPMD Jayawardene,14
598067,IK Pathan,24
598067,LJ Wright,44
598067,M Morkel,0
598067,MK Pandey,10
598067,RV Gomez,4
598067,RV Uthappa,24
598067,S Nadeem,6
598067,UT Yadav,8
598067,V Sehwag,11
598067,Yuvraj Singh,3
598068,AB de Villiers,5
598068,CH Gayle,28
598068,DJ Bravo,11
598068,M Vijay,32
598068,MC Henriques,12
598068,MEK Hussey,6
598068,MS Dhoni,24
598068,RA Jadeja,7
598068,SK Raina,0
598068,V Kohli,56
598069,BB Samantray,5
598069,CL White,2
598069,DJG Sammy,17
598069,EJG Morgan,9
598069,G Gambhir,10
598069,GH Vihari,6
598069,Iqbal Abdulla,2
598069,JH Kallis,24
598069,MS Bisla,15
598069,NLTC Perera,4
598069,P Dogra,5
598069,PA Patel,47
598069,RN ten Doeschate,1
598069,S Dhawan,42
598069,SP Narine,1
598069,YK Pathan,49
598070,AP Tare,7
598070,AT Rayudu,15
598070,DR Smith,68
598070,Harbhajan Singh,0
598070,KA Pollard,24
598070,KD Karthik,11
598070,M Vijay,23
598070,MEK Hussey,86
598070,MG Johnson,6
598070,PP Ojha,0
598070,RG Sharma,8
598070,SK Raina,82
598070,SL Malinga,0
598071,AM Rahane,18
598071,BB Samantray,14
598071,BJ Hodge,54
598071,CL White,31
598071,DH Yagnik,0
598071,DJG Sammy,29
598071,DW Steyn,4
598071,GH Vihari,1
598071,JP Faulkner,11
598071,KV Sharma,2
598071,NLTC Perera,11
598071,PA Patel,1
598071,R Dravid,12
598071,S Dhawan,33
598071,SR Watson,24
598071,STR Binny,2
598071,SV Samson,10
598072,AM Rahane,21
598072,AP Tare,35
598072,AT Rayudu,17
598072,BJ Hodge,19
598072,DH Yagnik,31
598072,DR Smith,62
598072,Harbhajan Singh,6
598072,KA Pollard,11
598072,KD Karthik,22
598072,KK Cooper,4
598072,R Dhawan,4
598072,R Dravid,43
598072,RG Sharma,2
598072,SR Watson,6
598072,STR Binny,27
598072,SV Samson,0
598073,AP Tare,0
598073,AT Rayudu,37
598073,CH Morris,0
598073,DJ Bravo,15
598073,DR Smith,4
598073,Harbhajan Singh,14
598073,JA Morkel,10
598073,KA Pollard,60
598073,KD Karthik,21
598073,M Vijay,18
598073,MEK Hussey,1
598073,MG Johnson,1
598073,MM Sharma,0
598073,MS Dhoni,63
598073,PP Ojha,1
598073,R Ashwin,9
598073,R Dhawan,3
598073,RA Jadeja,0
598073,RG Sharma,2
598073,S Badrinath,0
598073,SK Raina,0
598073,SL Malinga,0
729279,AP Tare,24
729279,AT Rayudu,48
729279,CJ Anderson,2
729279,CM Gautam,7
729279,G Gambhir,0
729279,Harbhajan Singh,0
729279,JH Kallis,72
729279,KA Pollard,6
729279,MEK Hussey,3
729279,MK Pandey,64
729279,RG Sharma,27
729279,RV Uthappa,1
729279,SA Yadav,13
729279,Shakib Al Hasan,1
729279,YK Pathan,4
729281,JP Duminy,67
729281,KD Karthik,0
729281,LRPL Taylor,43
729281,M Vijay,18
729281,MA Agarwal,6
729281,MK Tiwary,1
729281,NJ Maddinson,4
729281,PA Patel,37
729281,V Kohli,49
729281,Yuvraj Singh,52
729283,AR Patel,2
729283,BB McCullum,67
729283,CA Pujara,13
729283,DA Miller,54
729283,DJ Bravo,8
729283,DR Smith,66
729283,GJ Bailey,17
729283,GJ Maxwell,95
729283,MS Dhoni,26
729283,SK Raina,24
729283,V Sehwag,19
729285,AJ Finch,2
729285,AM Nayar,4
729285,AM Rahane,59
729285,BJ Hodge,1
729285,DA Warner,32
729285,DJG Sammy,6
729285,JP Faulkner,8
729285,KL Rahul,20
729285,KV Sharma,4
729285,R Bhatia,4
729285,S Dhawan,38
729285,SR Watson,3
729285,STR Binny,48
729285,SV Samson,3
729285,Y Venugopal Rao,16
729287,AB de Villiers,45
729287,AP Tare,17
729287,AT Rayudu,35
729287,CJ Anderson,18
729287,Harbhajan Singh,8
729287,JJ Bumrah,1
729287,KA Pollard,3
729287,MEK Hussey,16
729287,NJ Maddinson,12
729287,PA Patel,57
729287,PP Ojha,1
729287,RG Sharma,2
729287,SL Malinga,2
729287,V Kohli,0
729287,Yuvraj Singh,0
729287,Z Khan,0
729289,G Gambhir,0
729289,JDS Neesham,8
729289,JH Kallis,0
729289,JP Duminy,52
729289,KD Karthik,56
729289,LRPL Taylor,6
729289,M Vijay,0
729289,MA Agarwal,26
729289,MK Pandey,48
729289,MK Tiwary,8
729289,RV Uthappa,55
729289,SA Yadav,8
729289,Shakib Al Hasan,30
729289,YK Pathan,11
729291,AM Nayar,23
729291,AM Rahane,13
729291,CA Pujara,40
729291,DA Miller,51
729291,GJ Maxwell,89
729291,JP Faulkner,8
729291,SPD Smith,27
729291,SR Watson,50
729291,STR Binny,12
729291,SV Samson,52
729291,V Sehwag,2
729291,WP Saha,2
729293,BB McCullum,9
729293,DR Smith,29
729293,F du Plessis,24
729293,JD Unadkat,1
729293,JDS Neesham,22
729293,JP Duminy,15
729293,KD Karthik,21
729293,LRPL Taylor,6
729293,M Manhas,13
729293,M Vijay,11
729293,MA Agarwal,2
729293,MK Tiwary,0
729293,MS Dhoni,32
729293,Mohammed Shami,1
729293,R Ashwin,1
729293,RA Jadeja,7
729293,S Nadeem,3
729293,SK Raina,56
729295,A Mishra,4
729295,AJ Finch,19
729295,B Kumar,1
729295,CA Pujara,35
729295,DA Miller,10
729295,DA Warner,8
729295,DJG Sammy,15
729295,DW Steyn,12
729295,GJ Bailey,10
729295,GJ Maxwell,95
729295,IK Pathan,5
729295,KL Rahul,27
729295,KV Sharma,10
729295,MG Johnson,4
729295,S Dhawan,1
729295,V Sehwag,30
729295,Y Venugopal Rao,11
729297,AM Nayar,5
729297,AM Rahane,15
729297,BB McCullum,6
729297,DR Smith,50
729297,DS Kulkarni,28
729297,F du Plessis,7
729297,JP Faulkner,4
729297,M Manhas,10
729297,MS Dhoni,5
729297,PV Tambe,2
729297,R Ashwin,9
729297,R Bhatia,23
729297,RA Jadeja,36
729297,SK Raina,4
729297,SPD Smith,19
729297,SR Watson,7
729297,STR Binny,8
729297,SV Samson,16
729297,TG Southee,4
729299,AB de Villiers,11
729299,CA Lynn,45
729299,G Gambhir,0
729299,JA Morkel,6
729299,JH Kallis,43
729299,MK Pandey,5
729299,PA Patel,21
729299,R Vinay Kumar,4
729299,RV Uthappa,22
729299,SA Yadav,24
729299,V Kohli,31
729299,YK Pathan,0
729299,YV Takawale,40
729299,Yuvraj Singh,31
729301,AJ Finch,88
729301,DA Warner,58
729301,JP Duminy,20
729301,KD Karthik,15
729301,KP Pietersen,16
729301,M Vijay,52
729301,MK Tiwary,23
729301,Q de Kock,48
729301,S Dhawan,33
729303,AP Tare,23
729303,AT Rayudu,1
729303,BB McCullum,71
729303,CJ Anderson,39
729303,CM Gautam,7
729303,DR Smith,29
729303,F du Plessis,20
729303,Harbhajan Singh,0
729303,KA Pollard,12
729303,MEK Hussey,1
729303,MS Dhoni,14
729303,RG Sharma,50
729303,SK Raina,1
729303,Z Khan,7
729305,AB Dinda,0
729305,AB de Villiers,0
729305,AM Nayar,11
729305,AM Rahane,23
729305,JA Morkel,7
729305,KK Nair,8
729305,MA Starc,18
729305,PA Patel,1
729305,R Rampaul,13
729305,S Rana,3
729305,SR Watson,24
729305,SV Samson,2
729305,V Kohli,21
729305,YV Takawale,0
729305,Yuvraj Singh,3
729307,AR Patel,7
729307,CA Lynn,13
729307,CA Pujara,8
729307,DA Miller,14
729307,G Gambhir,1
729307,GJ Bailey,11
729307,GJ Maxwell,15
729307,JH Kallis,9
729307,L Balaji,0
729307,M Morkel,4
729307,MG Johnson,0
729307,MK Pandey,8
729307,PP Chawla,0
729307,R Dhawan,19
729307,RV Uthappa,19
729307,SA Yadav,34
729307,SP Narine,6
729307,Sandeep Sharma,2
729307,UT Yadav,2
729307,V Sehwag,37
729307,WP Saha,14
729307,YK Pathan,3
729309,AP Tare,8
729309,AT Rayudu,14
729309,CJ Anderson,13
729309,CM Gautam,22
729309,Harbhajan Singh,10
729309,JP Duminy,19
729309,KA Pollard,33
729309,KD Karthik,2
729309,KM Jadhav,14
729309,KP Pietersen,26
729309,M Vijay,40
729309,MEK Hussey,10
729309,Q de Kock,16
729309,RG Sharma,4
729311,AJ Finch,44
729311,BB McCullum,40
729311,DA Warner,0
729311,DJG Sammy,23
729311,DR Smith,66
729311,F du Plessis,0
729311,KL Rahul,25
729311,KV Sharma,17
729311,M Manhas,3
729311,MS Dhoni,13
729311,RA Jadeja,6
729311,S Dhawan,7
729311,SK Raina,14
729311,Y Venugopal Rao,13
729313,AB Dinda,2
729313,AB de Villiers,17
729313,CA Pujara,10
729313,CH Gayle,20
729313,DA Miller,26
729313,GJ Bailey,16
729313,GJ Maxwell,6
729313,JA Morkel,15
729313,MA Starc,8
729313,PA Patel,2
729313,R Dhawan,23
729313,V Kohli,4
729313,V Sehwag,32
729313,VR Aaron,11
729313,WP Saha,2
729313,YV Takawale,0
729313,Yuvraj Singh,35
729315,AM Rahane,72
729315,G Gambhir,45
729315,JH Kallis,13
729315,JP Faulkner,2
729315,KK Nair,1
729315,MK Pandey,27
729315,MS Bisla,3
729315,PP Chawla,0
729315,R Vinay Kumar,0
729315,RV Uthappa,0
729315,SA Yadav,31
729315,SP Narine,1
729315,SPD Smith,24
729315,SR Watson,39
729315,STR Binny,0
729315,SV Samson,20
729315,Shakib Al Hasan,31
729317,AJ Finch,16
729317,AP Tare,7
729317,AT Rayudu,35
729317,BR Dunk,20
729317,CJ Anderson,1
729317,CM Gautam,4
729317,DA Warner,65
729317,DJG Sammy,10
729317,Harbhajan Singh,1
729317,IK Pathan,1
729317,KA Pollard,78
729317,KL Rahul,46
729317,NV Ojha,10
729317,RG Sharma,1
729317,S Dhawan,6
729317,Z Khan,1
733971,AD Russell,1
733971,BB McCullum,56
733971,DR Smith,16
733971,G Gambhir,6
733971,JH Kallis,4
733971,MK Pandey,1
733971,MS Dhoni,22
733971,PP Chawla,1
733971,RA Jadeja,17
733971,RV Uthappa,47
733971,SA Yadav,8
733971,SK Raina,31
733971,SP Narine,1
733971,Shakib Al Hasan,0
733971,YK Pathan,41
733973,AP Tare,16
733973,AT Rayudu,8
733973,BR Dunk,5
733973,CA Pujara,19
733973,CJ Anderson,35
733973,CM Gautam,33
733973,DA Miller,16
733973,GJ Bailey,15
733973,GJ Maxwell,45
733973,KA Pollard,28
733973,MG Johnson,0
733973,RG Sharma,39
733973,V Sehwag,1
733973,WP Saha,59
733975,AM Rahane,12
733975,JP Duminy,39
733975,KD Karthik,12
733975,KK Nair,73
733975,KM Jadhav,28
733975,KP Pietersen,14
733975,M Vijay,13
733975,Q de Kock,42
733975,R Bhatia,17
733975,SR Watson,16
733975,SV Samson,34
733977,AB de Villiers,89
733977,AJ Finch,13
733977,CH Gayle,27
733977,DA Warner,61
733977,DJG Sammy,8
733977,HV Patel,1
733977,IK Pathan,4
733977,KL Rahul,6
733977,KV Sharma,1
733977,MA Starc,5
733977,NV Ojha,15
733977,PA Patel,3
733977,RR Rossouw,14
733977,S Dhawan,37
733977,V Kohli,0
733977,Yuvraj Singh,14
733979,AD Russell,1
733979,AM Rahane,30
733979,G Gambhir,54
733979,JP Faulkner,1
733979,KK Nair,44
733979,MK Pandey,0
733979,R Bhatia,6
733979,RN ten Doeschate,0
733979,RV Uthappa,65
733979,SA Yadav,9
733979,SPD Smith,3
733979,SR Watson,31
733979,STR Binny,11
733979,SV Samson,37
733979,Shakib Al Hasan,21
733979,YK Pathan,0
733981,BB McCullum,32
733981,DR Smith,79
733981,JP Duminy,28
733981,KD Karthik,51
733981,KM Jadhav,29
733981,KP Pietersen,0
733981,LR Shukla,0
733981,M Vijay,35
733981,MS Dhoni,12
733981,Q de Kock,24
733981,SK Raina,47
733983,AB Dinda,2
733983,AB de Villiers,9
733983,AT Rayudu,9
733983,BR Dunk,15
733983,CH Gayle,38
733983,CJ Anderson,6
733983,CM Gautam,30
733983,HV Patel,6
733983,KA Pollard,43
733983,MA Starc,5
733983,PA Patel,26
733983,RG Sharma,59
733983,RR Rossouw,24
733983,V Kohli,35
733983,VR Aaron,7
733983,Yuvraj Singh,6
733985,G Gambhir,69
733985,JH Kallis,10
733985,JP Duminy,40
733985,KD Karthik,36
733985,KM Jadhav,26
733985,KP Pietersen,6
733985,LR Shukla,10
733985,M Vijay,24
733985,MK Pandey,23
733985,Q de Kock,10
733985,RV Uthappa,47
733987,BB McCullum,33
733987,DA Miller,47
733987,DR Smith,4
733987,F du Plessis,52
733987,GJ Bailey,40
733987,GJ Maxwell,90
733987,M Manhas,8
733987,MG Johnson,11
733987,MS Dhoni,23
733987,Mandeep Singh,3
733987,R Ashwin,11
733987,RA Jadeja,17
733987,SK Raina,35
733987,V Sehwag,30
733989,A Mishra,0
733989,AJ Finch,9
733989,AM Rahane,0
733989,B Kumar,0
733989,DA Warner,6
733989,DS Kulkarni,7
733989,DW Steyn,9
733989,IK Pathan,21
733989,JP Faulkner,4
733989,KK Nair,12
733989,KL Rahul,18
733989,KV Sharma,0
733989,KW Richardson,1
733989,MC Henriques,9
733989,NV Ojha,17
733989,PV Tambe,3
733989,R Bhatia,4
733989,S Dhawan,33
733989,SPD Smith,22
733989,SR Watson,11
733989,STR Binny,12
733989,SV Samson,16
733991,AB de Villiers,53
733991,AR Patel,2
733991,CH Gayle,4
733991,DA Miller,66
733991,GJ Bailey,1
733991,GJ Maxwell,25
733991,HV Patel,6
733991,JA Morkel,16
733991,L Balaji,1
733991,MA Starc,29
733991,MG Johnson,16
733991,Mandeep Singh,21
733991,PA Patel,13
733991,S Rana,18
733991,Shivam Sharma,4
733991,V Kohli,0
733991,V Sehwag,30
733991,VR Aaron,17
733991,WP Saha,17
733991,YS Chahal,1
733991,Yuvraj Singh,3
733993,AJ Finch,4
733993,DA Warner,12
733993,JP Duminy,4
733993,KD Karthik,39
733993,KM Jadhav,5
733993,KP Pietersen,35
733993,LR Shukla,21
733993,MA Agarwal,25
733993,NV Ojha,13
733993,Q de Kock,7
733993,R Shukla,2
733993,S Dhawan,4
733995,AP Tare,9
733995,AT Rayudu,59
733995,BB McCullum,13
733995,CJ Anderson,18
733995,CM Gautam,9
733995,DR Smith,57
733995,F du Plessis,31
733995,KA Pollard,0
733995,LMP Simmons,38
733995,M Manhas,1
733995,MS Dhoni,22
733995,RA Jadeja,6
733995,RG Sharma,19
733995,SK Raina,19
733997,AR Patel,1
733997,DA Miller,13
733997,G Gambhir,63
733997,GJ Bailey,12
733997,GJ Maxwell,14
733997,MG Johnson,14
733997,MK Pandey,36
733997,Mandeep Singh,0
733997,R Dhawan,4
733997,RV Uthappa,46
733997,V Sehwag,72
733997,WP Saha,15
733999,AB de Villiers,58
733999,AM Rahane,24
733999,CH Gayle,19
733999,JA Morkel,1
733999,JP Faulkner,41
733999,KK Nair,56
733999,PA Patel,2
733999,SPD Smith,48
733999,SR Watson,1
733999,STR Binny,1
733999,SV Samson,13
733999,V Kohli,4
733999,VH Zol,16
733999,Yuvraj Singh,83
734001,AJ Finch,68
734001,AT Rayudu,68
734001,CM Gautam,1
734001,DA Warner,55
734001,KA Pollard,6
734001,KL Rahul,10
734001,LMP Simmons,68
734001,NV Ojha,7
734001,RG Sharma,14
734001,S Dhawan,11
734003,AM Rahane,4
734003,Ankit Sharma,30
734003,BB McCullum,6
734003,DH Yagnik,4
734003,DR Smith,44
734003,F du Plessis,38
734003,JP Faulkner,1
734003,KK Nair,8
734003,MS Dhoni,26
734003,R Ashwin,14
734003,R Bhatia,7
734003,RA Jadeja,11
734003,SK Raina,2
734003,SPD Smith,9
734003,SR Watson,51
734003,STR Binny,22
734005,AB de Villiers,33
734005,CH Gayle,22
734005,JP Duminy,48
734005,KD Karthik,1
734005,KM Jadhav,37
734005,KP Pietersen,33
734005,M Vijay,1
734005,MA Agarwal,31
734005,Mohammed Shami,1
734005,PA Patel,29
734005,Q de Kock,6
734005,R Shukla,2
734005,S Rana,15
734005,V Kohli,10
734005,Yuvraj Singh,68
734007,AJ Finch,20
734007,DA Miller,24
734007,DA Warner,44
734007,GJ Bailey,35
734007,GJ Maxwell,43
734007,IK Pathan,1
734007,KV Sharma,1
734007,M Vohra,47
734007,MC Henriques,0
734007,NV Ojha,79
734007,S Dhawan,45
734007,V Sehwag,4
734007,WP Saha,54
734009,AP Tare,2
734009,AT Rayudu,33
734009,CJ Anderson,18
734009,CM Gautam,8
734009,G Gambhir,14
734009,KA Pollard,10
734009,LMP Simmons,12
734009,MK Pandey,14
734009,RG Sharma,51
734009,RV Uthappa,80
734009,Shakib Al Hasan,9
734009,YK Pathan,20
734011,AM Rahane,64
734011,BCJ Cutting,8
734011,Imran Tahir,4
734011,JP Duminy,8
734011,JP Faulkner,23
734011,KD Karthik,3
734011,KK Cooper,32
734011,KK Nair,19
734011,KM Jadhav,3
734011,KP Pietersen,13
734011,LRPL Taylor,4
734011,MA Agarwal,17
734011,MK Tiwary,61
734011,R Shukla,14
734011,S Kaul,2
734011,S Nadeem,1
734011,STR Binny,0
734011,SV Samson,40
734013,AB de Villiers,28
734013,AN Ahmed,4
734013,BB McCullum,19
734013,CH Gayle,46
734013,DJ Hussey,25
734013,DR Smith,9
734013,MS Dhoni,7
734013,PA Patel,10
734013,RA Jadeja,10
734013,S Rana,1
734013,SK Raina,62
734013,V Kohli,27
734013,Yuvraj Singh,13
734015,AJ Finch,8
734015,DA Warner,34
734015,DJG Sammy,7
734015,DW Steyn,1
734015,G Gambhir,6
734015,IK Pathan,23
734015,KL Rahul,14
734015,KV Sharma,4
734015,MK Pandey,35
734015,NV Ojha,22
734015,RN ten Doeschate,25
734015,RV Uthappa,40
734015,S Dhawan,19
734015,YK Pathan,39
734017,Ankit Sharma,4
734017,BJ Hodge,40
734017,JP Faulkner,31
734017,KA Pollard,14
734017,KK Cooper,5
734017,KK Nair,48
734017,LMP Simmons,62
734017,MEK Hussey,56
734017,R Bhatia,6
734017,RG Sharma,40
734017,SR Watson,5
734017,STR Binny,2
734017,SV Samson,2
734017,UBT Chand,2
734019,AR Patel,42
734019,DA Miller,2
734019,GJ Bailey,6
734019,GJ Maxwell,14
734019,JP Duminy,17
734019,KD Karthik,69
734019,KM Jadhav,0
734019,KP Pietersen,49
734019,M Vijay,5
734019,M Vohra,42
734019,MA Agarwal,6
734019,MK Tiwary,10
734019,Mohammed Shami,1
734019,R Dhawan,8
734019,V Sehwag,23
734019,WD Parnell,2
734019,WP Saha,13
734021,AB de Villiers,29
734021,AJ Finch,11
734021,CH Gayle,14
734021,DA Warner,59
734021,DJG Sammy,10
734021,MA Starc,6
734021,NV Ojha,24
734021,PA Patel,4
734021,S Dhawan,50
734021,S Rana,12
734021,V Kohli,67
734021,Yuvraj Singh,21
734023,BB McCullum,28
734023,DR Smith,5
734023,F du Plessis,23
734023,G Gambhir,21
734023,MK Pandey,18
734023,MS Dhoni,21
734023,RA Jadeja,9
734023,RV Uthappa,67
734023,SK Raina,65
734023,Shakib Al Hasan,46
734025,AR Patel,6
734025,AT Rayudu,17
734025,BE Hendricks,0
734025,GJ Bailey,39
734025,GJ Maxwell,2
734025,KA Pollard,8
734025,LMP Simmons,100
734025,M Vohra,36
734025,MEK Hussey,6
734025,R Dhawan,14
734025,RG Sharma,18
734025,SE Marsh,30
734025,Shivam Sharma,1
734025,V Sehwag,17
734025,WP Saha,3
734027,AB de Villiers,13
734027,CH Gayle,6
734027,G Gambhir,4
734027,MA Starc,12
734027,MK Pandey,13
734027,RN ten Doeschate,6
734027,RV Uthappa,83
734027,S Rana,19
734027,Shakib Al Hasan,60
734027,V Kohli,38
734027,YK Pathan,22
734027,YV Takawale,45
734027,Yuvraj Singh,22
734029,AJ Finch,7
734029,DA Warner,90
734029,DJ Hussey,50
734029,DJG Sammy,0
734029,DR Smith,47
734029,F du Plessis,19
734029,MS Dhoni,57
734029,NV Ojha,19
734029,S Dhawan,64
734029,SK Raina,4
734029,Y Venugopal Rao,4
734031,AP Tare,14
734031,AT Rayudu,2
734031,Harbhajan Singh,2
734031,JJ Bumrah,0
734031,JP Duminy,45
734031,KA Pollard,11
734031,KD Karthik,7
734031,KM Jadhav,7
734031,KP Pietersen,44
734031,LMP Simmons,35
734031,M Vijay,8
734031,M de Lange,1
734031,MEK Hussey,56
734031,MK Tiwary,41
734031,PP Ojha,2
734031,RG Sharma,30
734031,S Gopal,11
734033,AM Rahane,23
734033,BJ Hodge,31
734033,DA Miller,29
734033,GJ Bailey,26
734033,JP Faulkner,35
734033,KK Cooper,2
734033,KK Nair,11
734033,M Vohra,25
734033,R Tewatia,16
734033,SE Marsh,40
734033,SR Watson,0
734033,STR Binny,7
734033,SV Samson,30
734033,V Sehwag,18
734033,VS Malik,1
734033,WP Saha,27
734035,AB de Villiers,10
734035,DR Smith,34
734035,F du Plessis,54
734035,MA Starc,2
734035,MS Dhoni,49
734035,RR Rossouw,1
734035,S Rana,5
734035,SK Raina,18
734035,V Kohli,73
734035,VH Zol,13
734035,YV Takawale,19
734035,Yuvraj Singh,25
734037,DA Warner,4
734037,DJG Sammy,29
734037,G Gambhir,28
734037,JO Holder,16
734037,KV Sharma,5
734037,MK Pandey,2
734037,NV Ojha,26
734037,RN ten Doeschate,0
734037,RV Uthappa,41
734037,S Anirudha,3
734037,S Dhawan,29
734037,SA Yadav,12
734037,Shakib Al Hasan,1
734037,Y Venugopal Rao,27
734037,YK Pathan,72
734039,DA Miller,47
734039,GJ Bailey,1
734039,GJ Maxwell,0
734039,Imran Tahir,4
734039,JD Unadkat,0
734039,JDS Neesham,12
734039,JP Duminy,8
734039,KD Karthik,13
734039,KM Jadhav,0
734039,KP Pietersen,58
734039,M Vohra,47
734039,MA Agarwal,2
734039,MK Tiwary,8
734039,Mohammed Shami,0
734039,S Nadeem,3
734039,V Sehwag,9
734041,AP Tare,6
734041,AT Rayudu,30
734041,BJ Hodge,29
734041,CJ Anderson,95
734041,JP Faulkner,23
734041,KA Pollard,7
734041,KK Nair,50
734041,LMP Simmons,12
734041,MEK Hussey,22
734041,RG Sharma,16
734041,SR Watson,8
734041,SV Samson,74
734043,AR Patel,2
734043,DA Miller,8
734043,G Gambhir,1
734043,GJ Bailey,26
734043,GJ Maxwell,6
734043,Karanveer Singh,1
734043,M Vohra,26
734043,MG Johnson,10
734043,MK Pandey,21
734043,PP Chawla,17
734043,R Dhawan,14
734043,RN ten Doeschate,17
734043,RV Uthappa,42
734043,SA Yadav,20
734043,Shakib Al Hasan,18
734043,V Sehwag,2
734043,WP Saha,35
734043,YK Pathan,20
734045,AP Tare,0
734045,AT Rayudu,2
734045,BB McCullum,14
734045,CJ Anderson,20
734045,DJ Hussey,40
734045,DR Smith,24
734045,F du Plessis,35
734045,Harbhajan Singh,7
734045,KA Pollard,14
734045,LMP Simmons,67
734045,MEK Hussey,39
734045,P Kumar,1
734045,PP Ojha,1
734045,RG Sharma,20
734045,SK Raina,54
734047,BB McCullum,11
734047,DA Miller,38
734047,DJ Hussey,1
734047,DR Smith,7
734047,F du Plessis,0
734047,GJ Bailey,1
734047,GJ Maxwell,13
734047,M Vohra,34
734047,MG Johnson,1
734047,MM Sharma,1
734047,MS Dhoni,42
734047,R Ashwin,10
734047,RA Jadeja,27
734047,SK Raina,87
734047,V Sehwag,122
734047,WP Saha,6
734049,DA Miller,1
734049,G Gambhir,23
734049,GJ Bailey,1
734049,GJ Maxwell,0
734049,M Vohra,67
734049,MK Pandey,94
734049,PP Chawla,13
734049,RN ten Doeschate,4
734049,RV Uthappa,5
734049,SA Yadav,5
734049,SP Narine,2
734049,Shakib Al Hasan,12
734049,V Sehwag,7
734049,WP Saha,115
734049,YK Pathan,36
829705,AJ Finch,5
829705,AP Tare,7
829705,AT Rayudu,0
829705,CJ Anderson,55
829705,G Gambhir,57
829705,MK Pandey,40
829705,RG Sharma,98
829705,RV Uthappa,9
829705,SA Yadav,46
829705,YK Pathan,14
829707,A Mishra,4
829707,BB McCullum,4
829707,CM Gautam,4
829707,DJ Bravo,1
829707,DR Smith,34
829707,F du Plessis,32
829707,Imran Tahir,2
829707,JA Morkel,73
829707,JP Duminy,5
829707,KM Jadhav,20
829707,MA Agarwal,15
829707,MM Sharma,2
829707,MS Dhoni,30
829707,NM Coulter-Nile,5
829707,R Ashwin,12
829707,RA Jadeja,17
829707,SK Raina,4
829707,SS Iyer,7
829707,Yuvraj Singh,9
829709,AM Rahane,0
829709,AR Patel,24
829709,Anureet Singh,0
829709,CH Morris,6
829709,DA Miller,23
829709,DJ Hooda,30
829709,GJ Bailey,24
829709,GJ Maxwell,7
829709,JP Faulkner,46
829709,KK Nair,8
829709,Karanveer Singh,5
829709,M Vijay,37
829709,MG Johnson,0
829709,SPD Smith,33
829709,STR Binny,13
829709,SV Samson,5
829709,V Sehwag,0
829709,WP Saha,7
829711,BB McCullum,100
829711,DA Warner,53
829711,DR Smith,27
829711,KL Rahul,5
829711,KS Williamson,26
829711,KV Sharma,4
829711,MS Dhoni,53
829711,NV Ojha,15
829711,Parvez Rasool,2
829711,RA Jadeja,0
829711,RS Bopara,22
829711,S Dhawan,26
829711,SK Raina,14
829713,AB de Villiers,28
829713,AD Russell,41
829713,AN Ahmed,5
829713,CH Gayle,96
829713,DJG Sammy,7
829713,G Gambhir,58
829713,HV Patel,9
829713,KD Karthik,6
829713,MK Pandey,23
829713,Mandeep Singh,6
829713,RV Uthappa,35
829713,SA Abbott,1
829713,SA Yadav,11
829713,Shakib Al Hasan,0
829713,V Kohli,13
829713,YK Pathan,3
829715,AD Mathews,27
829715,AM Rahane,47
829715,CH Morris,13
829715,DJ Hooda,54
829715,JP Duminy,44
829715,JP Faulkner,17
829715,KK Nair,20
829715,MA Agarwal,37
829715,SPD Smith,10
829715,SS Iyer,40
829715,STR Binny,1
829715,SV Samson,11
829715,TG Southee,7
829715,Yuvraj Singh,27
829717,AJ Finch,8
829717,AP Tare,7
829717,AT Rayudu,13
829717,CJ Anderson,5
829717,DA Miller,24
829717,GJ Bailey,61
829717,GJ Maxwell,6
829717,Harbhajan Singh,64
829717,J Suchith,34
829717,KA Pollard,20
829717,M Vijay,35
829717,MG Johnson,3
829717,R Dhawan,6
829717,RG Sharma,0
829717,V Sehwag,36
829719,AB de Villiers,46
829719,AN Ahmed,4
829719,CH Gayle,21
829719,DA Warner,57
829719,DJG Sammy,6
829719,HV Patel,2
829719,KD Karthik,9
829719,KL Rahul,44
829719,KS Williamson,5
829719,Mandeep Singh,0
829719,S Dhawan,50
829719,SA Abbott,14
829719,V Kohli,41
829719,VR Aaron,6
829719,YS Chahal,1
829721,AJ Finch,10
829721,AM Rahane,46
829721,CJ Anderson,50
829721,DJ Hooda,13
829721,J Suchith,0
829721,JP Faulkner,6
829721,KA Pollard,70
829721,PA Patel,16
829721,RG Sharma,0
829721,S Gopal,1
829721,SPD Smith,79
829721,SV Samson,17
829721,UBT Chand,12
829723,A Nehra,1
829723,AD Russell,55
829723,BB McCullum,32
829723,DJ Bravo,30
829723,DR Smith,0
829723,F du Plessis,20
829723,G Gambhir,19
829723,MK Pandey,3
829723,MM Sharma,0
829723,MS Dhoni,1
829723,P Negi,27
829723,RA Jadeja,24
829723,RG More,2
829723,RV Uthappa,80
829723,SA Yadav,2
829723,SK Raina,8
829725,AD Mathews,6
829725,AR Patel,13
829725,DA Miller,5
829725,GJ Bailey,19
829725,GJ Maxwell,15
829725,JP Duminy,21
829725,KM Jadhav,3
829725,M Vijay,19
829725,MA Agarwal,68
829725,SS Iyer,6
829725,V Sehwag,47
829725,WP Saha,39
829725,Yuvraj Singh,54
829727,A Ashish Reddy,13
829727,AM Rahane,62
829727,DA Warner,21
829727,EJG Morgan,27
829727,JP Faulkner,6
829727,KK Nair,1
829727,KL Rahul,2
829727,NV Ojha,25
829727,RS Bopara,23
829727,S Dhawan,10
829727,SPD Smith,13
829727,STR Binny,16
829727,SV Samson,26
829729,AT Rayudu,29
829729,BB McCullum,46
829729,CJ Anderson,4
829729,DJ Bravo,13
829729,DR Smith,62
829729,F du Plessis,11
829729,Harbhajan Singh,24
829729,KA Pollard,64
829729,LMP Simmons,5
829729,MS Dhoni,3
829729,PA Patel,0
829729,R Vinay Kumar,0
829729,RG Sharma,50
829729,SK Raina,43
829731,A Ashish Reddy,15
829731,AD Mathews,15
829731,DA Warner,28
829731,EJG Morgan,1
829731,JP Duminy,54
829731,KL Rahul,24
829731,KM Jadhav,19
829731,KV Sharma,19
829731,MA Agarwal,1
829731,NV Ojha,12
829731,P Kumar,1
829731,RS Bopara,41
829731,S Dhawan,18
829731,SS Iyer,60
829731,Yuvraj Singh,9
829733,AD Russell,66
829733,AR Patel,2
829733,Anureet Singh,0
829733,G Gambhir,11
829733,GJ Bailey,60
829733,GJ Maxwell,33
829733,Gurkeerat Singh,11
829733,M Vijay,0
829733,MG Johnson,1
829733,MK Pandey,12
829733,NLTC Perera,9
829733,PP Chawla,4
829733,RN ten Doeschate,0
829733,RV Uthappa,13
829733,SA Yadav,23
829733,V Sehwag,11
829733,WP Saha,15
829733,YK Pathan,28
829735,AM Rahane,76
829735,BB McCullum,12
829735,DJ Bravo,62
829735,DR Smith,40
829735,F du Plessis,1
829735,KK Nair,1
829735,MS Dhoni,31
829735,SK Raina,4
829735,SPD Smith,6
829735,SR Watson,73
829737,AB de Villiers,41
829737,AN Ahmed,1
829737,AT Rayudu,0
829737,CH Gayle,10
829737,D Wiese,47
829737,HH Pandya,16
829737,Harbhajan Singh,0
829737,Iqbal Abdulla,20
829737,KA Pollard,5
829737,KD Karthik,18
829737,LMP Simmons,59
829737,MS Bisla,20
829737,PA Patel,12
829737,RG Sharma,42
829737,RR Rossouw,0
829737,UBT Chand,58
829737,V Kohli,18
829739,A Mishra,1
829739,AD Mathews,28
829739,G Gambhir,60
829739,JP Duminy,5
829739,KM Jadhav,12
829739,MA Agarwal,1
829739,MK Pandey,0
829739,MK Tiwary,32
829739,NM Coulter-Nile,2
829739,RN ten Doeschate,3
829739,RV Uthappa,13
829739,SA Yadav,24
829739,SS Iyer,31
829739,YK Pathan,40
829739,Yuvraj Singh,21
829741,AM Rahane,74
829741,AR Patel,12
829741,DA Miller,54
829741,DJ Hooda,19
829741,GJ Maxwell,2
829741,JP Faulkner,1
829741,KK Nair,25
829741,M Vijay,21
829741,MG Johnson,13
829741,SE Marsh,77
829741,SPD Smith,5
829741,SR Watson,45
829741,STR Binny,12
829741,SV Samson,5
829741,V Sehwag,1
829741,WP Saha,19
829743,AD Russell,19
829743,DA Warner,91
829743,G Gambhir,4
829743,KL Rahul,0
829743,MC Henriques,7
829743,MK Pandey,33
829743,NV Ojha,18
829743,RS Bopara,2
829743,RV Uthappa,34
829743,S Dhawan,54
829743,SA Yadav,2
829743,YK Pathan,6
829745,A Nehra,0
829745,AB de Villiers,14
829745,BB McCullum,4
829745,D Wiese,22
829745,DJ Bravo,5
829745,DR Smith,39
829745,F du Plessis,33
829745,HV Patel,0
829745,KD Karthik,10
829745,MA Starc,9
829745,MM Sharma,2
829745,MS Bisla,17
829745,MS Dhoni,13
829745,R Ashwin,5
829745,RA Jadeja,8
829745,RR Rossouw,14
829745,SK Raina,62
829745,SN Khan,11
829745,V Kohli,51
829747,AD Mathews,17
829747,AT Rayudu,30
829747,HH Pandya,0
829747,Harbhajan Singh,9
829747,JP Duminy,78
829747,KA Pollard,10
829747,KM Jadhav,1
829747,LMP Simmons,15
829747,MA Agarwal,1
829747,MJ McClenaghan,0
829747,PA Patel,28
829747,RG Sharma,30
829747,SL Malinga,6
829747,SS Iyer,83
829747,UBT Chand,14
829747,Yuvraj Singh,2
829749,AB de Villiers,47
829749,AM Rahane,18
829749,CH Gayle,20
829749,CH Morris,3
829749,DJ Hooda,1
829749,DS Kulkarni,1
829749,JP Faulkner,4
829749,KK Nair,16
829749,PV Tambe,2
829749,SPD Smith,31
829749,SR Watson,26
829749,STR Binny,20
829749,SV Samson,4
829749,V Kohli,62
829751,AT Rayudu,7
829751,B Kumar,6
829751,DA Warner,9
829751,DW Steyn,0
829751,GH Vihari,16
829751,Harbhajan Singh,0
829751,J Suchith,9
829751,KA Pollard,33
829751,KL Rahul,25
829751,KV Sharma,2
829751,LMP Simmons,51
829751,MJ McClenaghan,1
829751,NV Ojha,9
829751,P Kumar,0
829751,PA Patel,17
829751,R Vinay Kumar,0
829751,RG Sharma,24
829751,RS Bopara,23
829751,S Dhawan,42
829751,UBT Chand,5
829753,AR Patel,9
829753,Anureet Singh,10
829753,BB McCullum,66
829753,DA Miller,3
829753,DR Smith,26
829753,GJ Bailey,1
829753,Karanveer Singh,2
829753,M Vijay,34
829753,MG Johnson,1
829753,MS Dhoni,41
829753,RA Jadeja,18
829753,SE Marsh,10
829753,SK Raina,29
829753,Sandeep Sharma,1
829753,V Sehwag,1
829753,WP Saha,15
829757,A Mishra,2
829757,AD Mathews,0
829757,CH Gayle,62
829757,DJ Muthuswami,1
829757,Imran Tahir,3
829757,JP Duminy,13
829757,KM Jadhav,33
829757,MA Agarwal,27
829757,NM Coulter-Nile,4
829757,S Nadeem,2
829757,SS Iyer,0
829757,V Kohli,35
829757,Yuvraj Singh,2
829759,A Ashish Reddy,22
829759,AR Patel,17
829759,Anureet Singh,0
829759,DA Miller,15
829759,DA Warner,58
829759,GH Vihari,9
829759,GJ Bailey,22
829759,KV Sharma,1
829759,M Vijay,12
829759,M Vohra,5
829759,MC Henriques,30
829759,MG Johnson,4
829759,NV Ojha,28
829759,R Dhawan,4
829759,RS Bopara,0
829759,S Dhawan,1
829759,SE Marsh,1
829759,Sandeep Sharma,1
829759,WP Saha,42
829761,AD Mathews,22
829761,AD Russell,5
829761,G Gambhir,12
829761,J Botha,17
829761,JA Morkel,5
829761,JP Duminy,25
829761,KM Jadhav,10
829761,MK Pandey,22
829761,MK Tiwary,25
829761,PP Chawla,22
829761,RV Uthappa,32
829761,SA Yadav,7
829761,SS Iyer,40
829761,SS Tiwary,24
829761,YK Pathan,42
829761,Yuvraj Singh,0
829763,AB de Villiers,57
829763,CH Gayle,10
829763,D Wiese,11
829763,HV Patel,6
829763,KD Karthik,27
829763,Mandeep Singh,27
829763,SN Khan,45
829763,V Kohli,1
829765,AD Russell,4
829765,BB McCullum,19
829765,DJ Bravo,5
829765,DR Smith,25
829765,F du Plessis,29
829765,G Gambhir,0
829765,GB Hogg,2
829765,MK Pandey,15
829765,MS Dhoni,3
829765,PJ Cummins,0
829765,PP Chawla,0
829765,R Ashwin,9
829765,RA Jadeja,15
829765,RN ten Doeschate,38
829765,RV Uthappa,39
829765,SA Yadav,16
829765,SK Raina,17
829765,UT Yadav,0
829765,YK Pathan,13
829767,AR Patel,22
829767,Anureet Singh,8
829767,DA Miller,42
829767,GJ Bailey,18
829767,M Vohra,1
829767,MA Agarwal,52
829767,NLTC Perera,3
829767,SE Marsh,5
829767,SN Thakur,7
829767,SS Iyer,54
829767,SS Tiwary,5
829767,V Sehwag,1
829767,WP Saha,3
829769,AM Rahane,16
829769,AT Rayudu,53
829769,DJ Hooda,1
829769,J Theron,1
829769,KA Pollard,24
829769,KK Nair,7
829769,LMP Simmons,38
829769,PA Patel,23
829769,RG Sharma,27
829769,SPD Smith,23
829769,SR Watson,28
829769,STR Binny,9
829769,SV Samson,76
829769,TG Southee,6
829769,UBT Chand,13
829771,AB de Villiers,2
829771,AD Russell,45
829771,CH Gayle,21
829771,D Wiese,9
829771,G Gambhir,12
829771,Mandeep Singh,45
829771,RN ten Doeschate,12
829771,RV Uthappa,23
829771,SA Yadav,0
829771,V Kohli,34
829771,YK Pathan,11
829773,A Ashish Reddy,6
829773,BB McCullum,12
829773,DA Warner,61
829773,DJ Bravo,25
829773,DR Smith,21
829773,EJG Morgan,32
829773,F du Plessis,33
829773,GH Vihari,8
829773,KV Sharma,4
829773,MC Henriques,19
829773,MS Dhoni,20
829773,NV Ojha,20
829773,P Negi,15
829773,RA Jadeja,14
829773,S Dhawan,37
829773,SK Raina,23
829775,AR Patel,0
829775,AT Rayudu,4
829775,DA Miller,43
829775,GJ Bailey,21
829775,GJ Maxwell,12
829775,KA Pollard,7
829775,LMP Simmons,71
829775,M Vijay,39
829775,MG Johnson,8
829775,PA Patel,59
829775,RG Sharma,26
829775,V Sehwag,2
829775,WP Saha,12
829777,A Mishra,1
829777,AD Mathews,16
829777,AM Rahane,91
829777,JP Duminy,56
829777,JP Faulkner,8
829777,KK Nair,61
829777,KM Jadhav,11
829777,MA Agarwal,11
829777,NM Coulter-Nile,6
829777,SR Watson,21
829777,SS Iyer,9
829777,SS Tiwary,28
829777,Yuvraj Singh,22
829779,A Nehra,0
829779,AB de Villiers,21
829779,BB McCullum,20
829779,D Wiese,17
829779,DJ Bravo,2
829779,DR Smith,0
829779,F du Plessis,24
829779,HV Patel,0
829779,Iqbal Abdulla,0
829779,KD Karthik,23
829779,MA Starc,1
829779,MS Dhoni,29
829779,NJ Maddinson,4
829779,P Negi,13
829779,RA Jadeja,3
829779,SK Raina,52
829779,SN Khan,8
829779,V Kohli,48
829781,AD Russell,1
829781,B Kumar,11
829781,Bipul Sharma,1
829781,DA Warner,4
829781,DW Steyn,1
829781,EJG Morgan,5
829781,G Gambhir,31
829781,GH Vihari,6
829781,J Botha,12
829781,KV Sharma,32
829781,MC Henriques,41
829781,MK Pandey,33
829781,NV Ojha,0
829781,P Kumar,12
829781,PP Chawla,9
829781,RN ten Doeschate,8
829781,RV Uthappa,30
829781,S Dhawan,15
829781,SA Yadav,6
829781,YK Pathan,30
829783,AD Mathews,12
829783,AT Rayudu,49
829783,HH Pandya,5
829783,Harbhajan Singh,5
829783,JP Duminy,28
829783,KA Pollard,26
829783,KM Jadhav,16
829783,LMP Simmons,0
829783,MA Agarwal,0
829783,NM Coulter-Nile,3
829783,PA Patel,13
829783,RG Sharma,46
829783,SS Iyer,19
829783,SS Tiwary,13
829783,Yuvraj Singh,57
829785,AB de Villiers,47
829785,AR Patel,40
829785,Anureet Singh,0
829785,CH Gayle,117
829785,DA Miller,7
829785,GJ Bailey,2
829785,GJ Maxwell,1
829785,KD Karthik,8
829785,Karanveer Singh,4
829785,M Vijay,2
829785,M Vohra,2
829785,MG Johnson,1
829785,SN Khan,11
829785,Sandeep Sharma,7
829785,V Kohli,32
829785,WP Saha,13
829787,AM Rahane,8
829787,CH Morris,34
829787,DA Warner,24
829787,DJ Hooda,7
829787,EJG Morgan,63
829787,JP Faulkner,30
829787,KK Nair,4
829787,MC Henriques,20
829787,NV Ojha,8
829787,RS Bopara,17
829787,S Dhawan,54
829787,SPD Smith,68
829787,SR Watson,12
829787,STR Binny,3
829787,SV Samson,21
829789,AT Rayudu,34
829789,BB McCullum,23
829789,DR Smith,27
829789,F du Plessis,17
829789,HH Pandya,21
829789,KA Pollard,1
829789,LMP Simmons,38
829789,MS Dhoni,39
829789,P Negi,36
829789,PA Patel,45
829789,RG Sharma,18
829789,SK Raina,10
829791,AD Russell,51
829791,DA Miller,27
829791,G Gambhir,24
829791,GB Hogg,5
829791,GJ Maxwell,43
829791,Gurkeerat Singh,4
829791,J Botha,2
829791,M Vijay,28
829791,M Vohra,39
829791,MK Pandey,22
829791,PP Chawla,18
829791,RV Uthappa,17
829791,SA Yadav,9
829791,SP Narine,0
829791,WP Saha,33
829791,YK Pathan,29
829793,DA Warner,17
829793,EJG Morgan,22
829793,JP Duminy,12
829793,KM Jadhav,63
829793,KV Sharma,16
829793,MC Henriques,74
829793,Q de Kock,50
829793,RS Bopara,17
829793,S Dhawan,13
829793,SS Iyer,0
829793,SS Tiwary,26
829793,Yuvraj Singh,2
829795,AB de Villiers,133
829795,AT Rayudu,14
829795,CH Gayle,13
829795,HH Pandya,8
829795,Harbhajan Singh,3
829795,J Suchith,4
829795,KA Pollard,49
829795,LMP Simmons,68
829795,MJ McClenaghan,12
829795,PA Patel,19
829795,RG Sharma,15
829795,V Kohli,82
829797,AM Rahane,23
829797,Ankit Sharma,0
829797,BB McCullum,81
829797,CH Morris,16
829797,DJ Bravo,15
829797,DJ Hooda,15
829797,DR Smith,6
829797,F du Plessis,29
829797,JP Faulkner,16
829797,KK Nair,10
829797,MS Dhoni,13
829797,P Negi,2
829797,PV Tambe,1
829797,R Bhatia,0
829797,SK Raina,3
829797,SPD Smith,4
829797,SR Watson,28
829797,SV Samson,26
829799,AR Patel,15
829799,DA Miller,89
829799,DA Warner,81
829799,EJG Morgan,17
829799,GJ Bailey,6
829799,GJ Maxwell,11
829799,Gurkeerat Singh,3
829799,KL Rahul,17
829799,KV Sharma,11
829799,M Vijay,24
829799,M Vohra,20
829799,MC Henriques,28
829799,NV Ojha,2
829799,S Dhawan,24
829799,WP Saha,5
829801,BB McCullum,11
829801,DJ Bravo,8
829801,DR Smith,18
829801,F du Plessis,29
829801,JA Morkel,8
829801,JP Duminy,6
829801,KM Jadhav,1
829801,MS Dhoni,27
829801,P Negi,5
829801,Q de Kock,3
829801,RA Jadeja,3
829801,SK Raina,11
829801,SS Iyer,70
829801,Yuvraj Singh,32
829803,AB de Villiers,10
829803,AR Patel,20
829803,CH Gayle,17
829803,D Wiese,4
829803,DA Miller,14
829803,GJ Bailey,13
829803,GJ Maxwell,10
829803,Gurkeerat Singh,2
829803,KD Karthik,2
829803,M Vohra,11
829803,Mandeep Singh,20
829803,R Dhawan,1
829803,SN Khan,4
829803,V Kohli,19
829803,WP Saha,31
829805,AD Russell,2
829805,AT Rayudu,2
829805,G Gambhir,38
829805,HH Pandya,61
829805,KA Pollard,33
829805,LMP Simmons,14
829805,MK Pandey,1
829805,PA Patel,21
829805,PP Chawla,1
829805,RG Sharma,30
829805,RV Uthappa,25
829805,SA Yadav,11
829805,Shakib Al Hasan,23
829805,UT Yadav,5
829805,YK Pathan,52
829807,AB de Villiers,0
829807,CH Gayle,35
829807,DA Warner,52
829807,EJG Morgan,11
829807,KD Karthik,2
829807,MC Henriques,57
829807,Mandeep Singh,1
829807,S Dhawan,8
829807,V Kohli,44
829809,AR Patel,32
829809,BB McCullum,6
829809,BE Hendricks,1
829809,DA Miller,11
829809,F du Plessis,55
829809,GJ Bailey,12
829809,GJ Maxwell,6
829809,Gurkeerat Singh,15
829809,M Vohra,4
829809,MEK Hussey,1
829809,MS Dhoni,25
829809,R Dhawan,25
829809,SK Raina,41
829809,WP Saha,15
829811,AD Russell,37
829811,AM Rahane,37
829811,Azhar Mahmood,6
829811,CH Morris,4
829811,G Gambhir,1
829811,JP Faulkner,6
829811,KK Nair,16
829811,M Morkel,4
829811,MK Pandey,21
829811,PP Chawla,0
829811,RV Uthappa,14
829811,SA Yadav,0
829811,SPD Smith,14
829811,SR Watson,104
829811,SV Samson,8
829811,Shakib Al Hasan,13
829811,UT Yadav,24
829811,YK Pathan,44
829813,AD Mathews,1
829813,CH Gayle,1
829813,JP Duminy,67
829813,KM Jadhav,0
829813,Q de Kock,69
829813,SS Iyer,20
829813,SS Tiwary,13
829813,V Kohli,1
829813,Yuvraj Singh,11
829815,A Ashish Reddy,17
829815,B Kumar,0
829815,DA Warner,6
829815,DW Steyn,19
829815,EJG Morgan,9
829815,KL Rahul,25
829815,KV Sharma,15
829815,LMP Simmons,48
829815,MC Henriques,11
829815,NV Ojha,0
829815,P Kumar,4
829815,PA Patel,51
829815,RG Sharma,7
829815,S Dhawan,1
829817,A Nehra,0
829817,AT Rayudu,10
829817,DJ Bravo,20
829817,DR Smith,0
829817,F du Plessis,45
829817,HH Pandya,1
829817,Harbhajan Singh,6
829817,J Suchith,1
829817,KA Pollard,41
829817,LMP Simmons,65
829817,MEK Hussey,16
829817,MM Sharma,3
829817,MS Dhoni,0
829817,P Negi,3
829817,PA Patel,35
829817,R Ashwin,23
829817,RA Jadeja,19
829817,RG Sharma,19
829817,SK Raina,25
829819,AB de Villiers,66
829819,AM Rahane,42
829819,Ankit Sharma,7
829819,CH Gayle,27
829819,CH Morris,0
829819,DJ Hooda,11
829819,DS Kulkarni,3
829819,JP Faulkner,4
829819,KD Karthik,8
829819,KK Nair,12
829819,Mandeep Singh,54
829819,SN Khan,1
829819,SPD Smith,12
829819,SR Watson,10
829819,STR Binny,0
829819,SV Samson,5
829819,V Kohli,12
829821,AB de Villiers,1
829821,CH Gayle,41
829821,D Wiese,12
829821,DJ Bravo,0
829821,DR Smith,17
829821,F du Plessis,21
829821,HV Patel,2
829821,KD Karthik,28
829821,MA Starc,1
829821,MEK Hussey,56
829821,MS Dhoni,26
829821,Mandeep Singh,4
829821,P Negi,12
829821,R Ashwin,1
829821,S Aravind,0
829821,SK Raina,0
829821,SN Khan,31
829821,V Kohli,12
829823,AT Rayudu,36
829823,DJ Bravo,9
829823,DR Smith,57
829823,F du Plessis,1
829823,HH Pandya,0
829823,Harbhajan Singh,6
829823,KA Pollard,36
829823,LMP Simmons,68
829823,MEK Hussey,4
829823,MM Sharma,21
829823,MS Dhoni,18
829823,P Negi,3
829823,PA Patel,0
829823,R Ashwin,2
829823,RA Jadeja,11
829823,RG Sharma,50
829823,SK Raina,28
980901,AM Rahane,66
980901,AT Rayudu,22
980901,F du Plessis,34
980901,HH Pandya,9
980901,Harbhajan Singh,45
980901,JC Buttler,0
980901,KA Pollard,1
980901,KP Pietersen,21
980901,LMP Simmons,8
980901,MJ McClenaghan,2
980901,R Vinay Kumar,12
980901,RG Sharma,7
980901,S Gopal,2
980903,A Mishra,3
980903,CH Morris,11
980903,CR Brathwaite,6
980903,G Gambhir,38
980903,KK Nair,3
980903,MA Agarwal,9
980903,MK Pandey,15
980903,NM Coulter-Nile,7
980903,P Negi,11
980903,Q de Kock,17
980903,RV Uthappa,35
980903,SS Iyer,0
980903,SV Samson,15
980903,Z Khan,4
980905,AJ Finch,74
980905,AR Patel,4
980905,BB McCullum,0
980905,DA Miller,15
980905,DJ Bravo,2
980905,GJ Maxwell,2
980905,Ishan Kishan,11
980905,KD Karthik,41
980905,M Vijay,42
980905,M Vohra,38
980905,MP Stoinis,33
980905,RA Jadeja,8
980905,SK Raina,20
980905,WP Saha,20
980907,A Ashish Reddy,32
980907,AB de Villiers,82
980907,CH Gayle,1
980907,DA Warner,58
980907,DJ Hooda,6
980907,EJG Morgan,22
980907,KM Jadhav,8
980907,KV Sharma,26
980907,MC Henriques,19
980907,NV Ojha,0
980907,S Dhawan,8
980907,SN Khan,35
980907,SR Watson,19
980907,V Kohli,75
980909,AD Russell,36
980909,C Munro,4
980909,G Gambhir,64
980909,HH Pandya,9
980909,JC Buttler,41
980909,KA Pollard,1
980909,MJ McClenaghan,20
980909,MK Pandey,52
980909,PA Patel,23
980909,RG Sharma,84
980909,RV Uthappa,8
980909,SA Yadav,4
980909,YK Pathan,9
980911,AJ Finch,50
980911,AM Rahane,21
980911,BB McCullum,49
980911,DJ Bravo,22
980911,F du Plessis,69
980911,KP Pietersen,37
980911,MR Marsh,7
980911,MS Dhoni,22
980911,R Bhatia,0
980911,RA Jadeja,4
980911,SK Raina,24
980911,SPD Smith,5
980913,AR Patel,11
980913,DA Miller,9
980913,GJ Maxwell,0
980913,M Vijay,1
980913,M Vohra,32
980913,MG Johnson,4
980913,MM Sharma,15
980913,P Negi,8
980913,P Sahu,18
980913,Q de Kock,59
980913,SE Marsh,13
980913,SS Iyer,3
980913,SV Samson,33
980913,Sandeep Sharma,1
980913,WP Saha,3
980915,A Ashish Reddy,13
980915,AD Russell,2
980915,B Kumar,0
980915,DA Warner,13
980915,DJ Hooda,6
980915,EJG Morgan,51
980915,G Gambhir,90
980915,KV Sharma,2
980915,MC Henriques,6
980915,MK Pandey,11
980915,NV Ojha,37
980915,RV Uthappa,38
980915,S Dhawan,6
980917,AD Nath,12
980917,AJ Finch,67
980917,AT Rayudu,20
980917,BB McCullum,6
980917,DJ Bravo,2
980917,DS Kulkarni,6
980917,HH Pandya,2
980917,Harbhajan Singh,8
980917,JC Buttler,16
980917,JP Faulkner,7
980917,KA Pollard,1
980917,KD Karthik,9
980917,KH Pandya,20
980917,P Kumar,0
980917,PA Patel,34
980917,RG Sharma,7
980917,SK Raina,27
980917,TG Southee,25
980919,AM Rahane,9
980919,DA Miller,7
980919,F du Plessis,67
980919,GJ Maxwell,32
980919,IK Pathan,2
980919,KP Pietersen,15
980919,M Vijay,53
980919,M Vohra,51
980919,MS Dhoni,1
980919,NLTC Perera,8
980919,R Ashwin,1
980919,SE Marsh,4
980919,SPD Smith,38
980919,WP Saha,4
980921,AB de Villiers,55
980921,CH Gayle,0
980921,D Wiese,5
980921,JP Duminy,7
980921,KK Nair,54
980921,KM Jadhav,9
980921,Q de Kock,108
980921,SN Khan,1
980921,SR Watson,33
980921,SS Iyer,0
980921,SV Samson,9
980921,V Kohli,79
980923,AT Rayudu,54
980923,DA Warner,90
980923,DJ Hooda,17
980923,EJG Morgan,11
980923,HH Pandya,2
980923,Harbhajan Singh,1
980923,JC Buttler,11
980923,KH Pandya,49
980923,MC Henriques,20
980923,MJ Guptill,2
980923,PA Patel,10
980923,RG Sharma,5
980923,S Dhawan,2
980925,AR Patel,9
980925,DA Miller,6
980925,G Gambhir,34
980925,GJ Maxwell,4
980925,KJ Abbott,12
980925,M Vijay,26
980925,M Vohra,8
980925,MK Pandey,12
980925,MM Sharma,1
980925,P Sahu,1
980925,RV Uthappa,53
980925,SA Yadav,11
980925,SE Marsh,56
980925,Shakib Al Hasan,11
980925,WP Saha,8
980925,YK Pathan,12
980927,AB de Villiers,29
980927,AT Rayudu,31
980927,HH Pandya,2
980927,JC Buttler,28
980927,KA Pollard,39
980927,KL Rahul,23
980927,KW Richardson,1
980927,PA Patel,5
980927,RG Sharma,62
980927,SN Khan,28
980927,SR Watson,5
980927,STR Binny,1
980927,TM Head,37
980927,V Kohli,33
980929,AD Nath,5
980929,AJ Finch,0
980929,BB McCullum,18
980929,DA Warner,74
980929,DJ Bravo,8
980929,DW Steyn,1
980929,KD Karthik,8
980929,P Kumar,1
980929,RA Jadeja,14
980929,S Dhawan,53
980929,SK Raina,75
980931,AB de Villiers,83
980931,AM Rahane,60
980931,Ankit Sharma,3
980931,F du Plessis,2
980931,KL Rahul,7
980931,KP Pietersen,0
980931,M Ashwin,0
980931,MS Dhoni,41
980931,NLTC Perera,34
980931,R Ashwin,0
980931,R Bhatia,21
980931,SN Khan,2
980931,SPD Smith,4
980931,SR Watson,1
980931,V Kohli,80
980933,AT Rayudu,25
980933,HH Pandya,2
980933,Harbhajan Singh,0
980933,JC Buttler,2
980933,JP Duminy,49
980933,KA Pollard,19
980933,KH Pandya,36
980933,KK Nair,5
980933,P Negi,10
980933,PA Patel,1
980933,Q de Kock,9
980933,RG Sharma,65
980933,SS Iyer,19
980933,SV Samson,60
980933,TG Southee,1
980935,AP Tare,0
980935,AR Patel,36
980935,DA Miller,9
980935,DA Warner,59
980935,DJ Hooda,5
980935,EJG Morgan,25
980935,GJ Maxwell,1
980935,M Vijay,2
980935,M Vohra,25
980935,MC Henriques,5
980935,NS Naik,22
980935,NV Ojha,2
980935,R Dhawan,3
980935,S Dhawan,45
980935,SE Marsh,40
980937,AB de Villiers,20
980937,BB McCullum,42
980937,DJ Bravo,4
980937,DR Smith,32
980937,KD Karthik,50
980937,KL Rahul,51
980937,RA Jadeja,12
980937,SK Raina,28
980937,SR Watson,6
980937,V Kohli,100
980939,AD Russell,17
980939,AM Rahane,67
980939,F du Plessis,4
980939,G Gambhir,11
980939,JA Morkel,16
980939,MS Dhoni,23
980939,NLTC Perera,12
980939,PP Chawla,8
980939,R Bhatia,1
980939,R Sathish,10
980939,RV Uthappa,0
980939,SA Yadav,60
980939,SPD Smith,31
980939,Shakib Al Hasan,3
980939,UT Yadav,7
980939,YK Pathan,36
980941,AR Patel,0
980941,AT Rayudu,65
980941,DA Miller,30
980941,GJ Maxwell,56
980941,HH Pandya,4
980941,JC Buttler,24
980941,KA Pollard,10
980941,M Vijay,19
980941,M Vohra,7
980941,MG Johnson,1
980941,NS Naik,1
980941,PA Patel,81
980941,RG Sharma,0
980941,SE Marsh,45
980943,AM Rahane,0
980943,AP Tare,8
980943,B Kumar,21
980943,Bipul Sharma,5
980943,DA Warner,0
980943,DJ Hooda,1
980943,EJG Morgan,0
980943,F du Plessis,30
980943,MC Henriques,1
980943,MS Dhoni,5
980943,NV Ojha,18
980943,S Dhawan,56
980943,SPD Smith,46
980945,BB McCullum,60
980945,CH Morris,82
980945,DJ Bravo,7
980945,DR Smith,53
980945,Ishan Kishan,2
980945,JP Duminy,48
980945,JP Faulkner,22
980945,KD Karthik,19
980945,KK Nair,9
980945,P Negi,3
980945,Q de Kock,5
980945,RA Jadeja,4
980945,RR Pant,20
980945,SK Raina,2
980945,SV Samson,1
980947,AD Russell,22
980947,AT Rayudu,32
980947,CA Lynn,10
980947,G Gambhir,59
980947,JC Buttler,15
980947,KA Pollard,51
980947,KH Pandya,6
980947,PA Patel,1
980947,RG Sharma,68
980947,RV Uthappa,36
980947,SA Yadav,21
980947,Shakib Al Hasan,6
980947,YK Pathan,19
980949,AM Rahane,53
980949,BB McCullum,43
980949,DJ Bravo,7
980949,DR Smith,63
980949,Ishan Kishan,0
980949,JP Faulkner,9
980949,KD Karthik,33
980949,MS Dhoni,30
980949,NLTC Perera,3
980949,RA Jadeja,0
980949,SK Raina,34
980949,SPD Smith,101
980949,SS Tiwary,1
980951,AD Russell,17
980951,CH Morris,0
980951,CR Brathwaite,34
980951,G Gambhir,6
980951,JO Holder,0
980951,KK Nair,68
980951,Mohammed Shami,0
980951,PP Chawla,8
980951,Q de Kock,1
980951,R Sathish,6
980951,RR Pant,4
980951,RV Uthappa,72
980951,SA Yadav,21
980951,SP Narine,4
980951,SS Iyer,0
980951,SV Samson,15
980951,SW Billings,54
980951,UT Yadav,2
980951,YK Pathan,10
980953,A Ashish Reddy,2
980953,AB de Villiers,47
980953,DA Warner,92
980953,DJ Hooda,2
980953,KL Rahul,51
980953,KM Jadhav,25
980953,KS Williamson,50
980953,MC Henriques,31
980953,NV Ojha,1
980953,Parvez Rasool,10
980953,S Dhawan,11
980953,SR Watson,2
980953,Sachin Baby,27
980953,V Kohli,14
980955,AR Patel,0
980955,BB McCullum,1
980955,DA Miller,31
980955,DJ Bravo,0
980955,DR Smith,15
980955,DS Kulkarni,6
980955,GJ Maxwell,0
980955,Gurkeerat Singh,0
980955,Ishan Kishan,27
980955,JP Faulkner,32
980955,KC Cariappa,1
980955,KD Karthik,2
980955,M Vijay,55
980955,MM Sharma,1
980955,MP Stoinis,27
980955,P Kumar,15
980955,RA Jadeja,11
980955,SE Marsh,1
980955,SK Raina,18
980955,Sandeep Sharma,1
980955,WP Saha,33
980957,AM Rahane,4
980957,AT Rayudu,22
980957,JC Buttler,27
980957,MS Dhoni,24
980957,NLTC Perera,12
980957,PA Patel,21
980957,PSP Handscomb,6
980957,R Bhatia,3
980957,RG Sharma,85
980957,SPD Smith,45
980957,SS Tiwary,57
980959,AB de Villiers,4
980959,AD Russell,39
980959,CA Lynn,15
980959,CH Gayle,7
980959,G Gambhir,37
980959,KL Rahul,52
980959,MK Pandey,8
980959,RV Uthappa,1
980959,SA Yadav,10
980959,SR Watson,34
980959,STR Binny,16
980959,Sachin Baby,16
980959,V Kohli,52
980959,YK Pathan,60
980961,AJ Finch,5
980961,BB McCullum,1
980961,DR Smith,15
980961,Ishan Kishan,2
980961,JP Duminy,13
980961,JP Faulkner,7
980961,KD Karthik,53
980961,Q de Kock,46
980961,RA Jadeja,36
980961,RR Pant,69
980961,SK Raina,24
980961,SV Samson,19
980963,AD Russell,16
980963,AR Patel,21
980963,DA Miller,13
980963,G Gambhir,54
980963,GJ Maxwell,68
980963,Gurkeerat Singh,11
980963,M Vijay,6
980963,M Vohra,0
980963,MM Sharma,1
980963,MP Stoinis,0
980963,RV Uthappa,70
980963,Sandeep Sharma,1
980963,Swapnil Singh,0
980963,WP Saha,24
980963,YK Pathan,19
980965,AM Rahane,63
980965,CR Brathwaite,20
980965,J Yadav,1
980965,JP Duminy,34
980965,KK Nair,32
980965,MS Dhoni,27
980965,Mohammed Shami,2
980965,NLTC Perera,14
980965,P Negi,19
980965,RR Pant,2
980965,SS Tiwary,21
980965,SV Samson,20
980965,SW Billings,24
980965,UT Khawaja,30
980967,AJ Finch,51
980967,BB McCullum,7
980967,DA Warner,24
980967,DJ Bravo,18
980967,DJ Hooda,18
980967,DR Smith,1
980967,KD Karthik,0
980967,KS Williamson,6
980967,MC Henriques,14
980967,NV Ojha,9
980967,P Kumar,6
980967,RA Jadeja,18
980967,S Dhawan,47
980967,SK Raina,20
980967,Yuvraj Singh,5
980969,AB de Villiers,1
980969,AM Rahane,74
980969,GJ Bailey,0
980969,KL Rahul,38
980969,MS Dhoni,9
980969,NLTC Perera,14
980969,R Ashwin,10
980969,R Bhatia,9
980969,SR Watson,36
980969,SS Tiwary,52
980969,TM Head,6
980969,UT Khawaja,16
980969,V Kohli,108
980971,AR Patel,16
980971,CH Morris,17
980971,CR Brathwaite,12
980971,DA Miller,11
980971,GJ Maxwell,16
980971,HM Amla,1
980971,KK Nair,23
980971,M Vijay,25
980971,MP Stoinis,52
980971,Q de Kock,52
980971,RR Pant,4
980971,SV Samson,49
980971,SW Billings,6
980971,WP Saha,52
980973,AT Rayudu,6
980973,DA Warner,48
980973,HH Pandya,7
980973,Harbhajan Singh,21
980973,JC Buttler,2
980973,JJ Bumrah,6
980973,KA Pollard,11
980973,KH Pandya,17
980973,KS Williamson,2
980973,MC Henriques,1
980973,MJ McClenaghan,8
980973,PA Patel,0
980973,RG Sharma,5
980973,S Dhawan,82
980973,TG Southee,3
980973,Yuvraj Singh,39
980975,AJ Finch,29
980975,BB McCullum,29
980975,DR Smith,27
980975,G Gambhir,5
980975,KD Karthik,51
980975,MK Pandey,0
980975,RA Jadeja,9
980975,RV Uthappa,14
980975,SA Yadav,4
980975,SK Raina,14
980975,Shakib Al Hasan,66
980975,YK Pathan,63
980977,AB de Villiers,64
980977,DA Miller,0
980977,F Behardien,9
980977,HM Amla,21
980977,KL Rahul,42
980977,M Vijay,89
980977,MP Stoinis,34
980977,SR Watson,1
980977,Sachin Baby,33
980977,TM Head,11
980977,V Kohli,20
980977,WP Saha,16
980979,A Zampa,0
980979,AM Rahane,0
980979,B Kumar,1
980979,BB Sran,1
980979,DA Warner,11
980979,DJ Hooda,14
980979,GJ Bailey,34
980979,KS Williamson,32
980979,MC Henriques,10
980979,MS Dhoni,30
980979,NLTC Perera,17
980979,NV Ojha,7
980979,R Ashwin,29
980979,S Dhawan,33
980979,SS Tiwary,9
980979,UT Khawaja,11
980979,Yuvraj Singh,23
980981,AB de Villiers,24
980981,AT Rayudu,44
980981,CH Gayle,5
980981,JC Buttler,29
980981,KA Pollard,35
980981,KL Rahul,68
980981,N Rana,9
980981,PA Patel,1
980981,RG Sharma,25
980981,SR Watson,15
980981,Sachin Baby,25
980981,V Kohli,7
980983,A Nehra,1
980983,B Kumar,1
980983,BB Sran,1
980983,DA Warner,46
980983,DJ Hooda,10
980983,KK Nair,20
980983,KS Williamson,27
980983,MA Agarwal,10
980983,MC Henriques,0
980983,NV Ojha,7
980983,Q de Kock,44
980983,RR Pant,39
980983,S Dhawan,34
980983,SV Samson,34
980983,Yuvraj Singh,8
980985,AT Rayudu,0
980985,GJ Maxwell,0
980985,Gurkeerat Singh,6
980985,HM Amla,0
980985,Harbhajan Singh,14
980985,JC Buttler,9
980985,JJ Bumrah,2
980985,KA Pollard,27
980985,KH Pandya,19
980985,M Vijay,54
980985,MJ McClenaghan,4
980985,N Rana,25
980985,RG Sharma,15
980985,TG Southee,1
980985,UBT Chand,0
980985,WP Saha,56
980987,AB de Villiers,129
980987,AD Nath,3
980987,AJ Finch,37
980987,BB McCullum,11
980987,CH Gayle,6
980987,DJ Bravo,1
980987,DR Smith,7
980987,DS Kulkarni,2
980987,KD Karthik,2
980987,P Kumar,1
980987,PV Tambe,7
980987,RA Jadeja,21
980987,S Kaushik,0
980987,SR Watson,0
980987,V Kohli,109
980989,AM Rahane,2
980989,G Gambhir,0
980989,GJ Bailey,33
980989,IK Pathan,7
980989,MK Pandey,15
980989,MS Dhoni,8
980989,NLTC Perera,13
980989,R Ashwin,0
980989,RV Uthappa,4
980989,SS Tiwary,13
980989,UT Khawaja,21
980989,YK Pathan,37
980991,BCJ Cutting,18
980991,DA Miller,20
980991,DA Warner,52
980991,DJ Hooda,34
980991,Gurkeerat Singh,27
980991,HM Amla,96
980991,M Vijay,6
980991,S Dhawan,25
980991,WP Saha,27
980991,Yuvraj Singh,42
980993,A Mishra,1
980993,AT Rayudu,13
980993,CH Morris,20
980993,Imran Tahir,5
980993,JC Buttler,18
980993,JP Duminy,9
980993,KA Pollard,3
980993,KH Pandya,86
980993,KK Nair,8
980993,MA Agarwal,8
980993,MJ Guptill,48
980993,Q de Kock,40
980993,RG Sharma,31
980993,RR Pant,23
980993,S Nadeem,1
980993,SV Samson,6
980993,Z Khan,2
980995,AB de Villiers,59
980995,AD Russell,39
980995,CH Gayle,49
980995,G Gambhir,51
980995,MK Pandey,50
980995,RV Uthappa,2
980995,SA Yadav,5
980995,Shakib Al Hasan,18
980995,V Kohli,75
980995,YK Pathan,6
980997,AM Rahane,42
980997,CH Morris,38
980997,GJ Bailey,8
980997,JP Duminy,14
980997,KK Nair,41
980997,NM Coulter-Nile,2
980997,Q de Kock,2
980997,RR Pant,4
980997,SS Iyer,8
980997,SV Samson,10
980997,UT Khawaja,19
980999,AB de Villiers,0
980999,AR Patel,13
980999,CH Gayle,73
980999,DA Miller,3
980999,F Behardien,0
980999,Gurkeerat Singh,18
980999,HM Amla,9
980999,KC Cariappa,12
980999,KJ Abbott,0
980999,KL Rahul,16
980999,M Vijay,16
980999,MM Sharma,14
980999,SR Watson,1
980999,Sandeep Sharma,5
980999,V Kohli,113
980999,WP Saha,24
981001,AJ Finch,26
981001,BB McCullum,6
981001,DR Smith,0
981001,G Gambhir,8
981001,JO Holder,13
981001,KD Karthik,12
981001,M Morkel,1
981001,MK Pandey,1
981001,PP Chawla,11
981001,RA Jadeja,11
981001,RV Uthappa,25
981001,SA Yadav,17
981001,SK Raina,53
981001,SP Narine,2
981001,Shakib Al Hasan,3
981001,YK Pathan,36
981003,B Kumar,13
981003,CR Brathwaite,10
981003,DA Warner,73
981003,DJ Hooda,1
981003,EJG Morgan,14
981003,JP Duminy,17
981003,KK Nair,83
981003,MC Henriques,18
981003,NV Ojha,16
981003,Q de Kock,2
981003,RR Pant,32
981003,S Dhawan,10
981003,SV Samson,3
981003,Yuvraj Singh,10
981005,AM Rahane,19
981005,AR Patel,1
981005,DA Miller,7
981005,F Behardien,5
981005,GJ Bailey,9
981005,Gurkeerat Singh,51
981005,HM Amla,30
981005,IK Pathan,2
981005,KJ Abbott,1
981005,M Vijay,59
981005,MS Dhoni,64
981005,NLTC Perera,23
981005,R Ashwin,1
981005,R Dhawan,11
981005,SS Tiwary,17
981005,UT Khawaja,30
981005,WP Saha,3
981007,AJ Finch,0
981007,BB McCullum,48
981007,DR Smith,37
981007,HH Pandya,7
981007,Harbhajan Singh,3
981007,JC Buttler,33
981007,KA Pollard,9
981007,KD Karthik,3
981007,KH Pandya,4
981007,MJ Guptill,7
981007,N Rana,70
981007,R Vinay Kumar,1
981007,RA Jadeja,21
981007,RG Sharma,30
981007,SK Raina,58
981009,B Kumar,5
981009,BB Sran,2
981009,C Munro,10
981009,DA Warner,18
981009,DJ Hooda,2
981009,G Gambhir,16
981009,JO Holder,3
981009,KS Williamson,7
981009,KV Sharma,8
981009,MC Henriques,11
981009,MK Pandey,48
981009,NV Ojha,15
981009,RV Uthappa,25
981009,S Dhawan,51
981009,SA Yadav,6
981009,Shakib Al Hasan,7
981009,YK Pathan,52
981009,Yuvraj Singh,19
981011,AB de Villiers,6
981011,CH Gayle,1
981011,CH Morris,27
981011,CR Brathwaite,1
981011,J Yadav,5
981011,KK Nair,11
981011,KL Rahul,38
981011,P Negi,6
981011,Q de Kock,60
981011,RR Pant,1
981011,SR Watson,14
981011,STR Binny,16
981011,SV Samson,17
981011,SW Billings,4
981011,V Kohli,54
981013,AB de Villiers,79
981013,AJ Finch,4
981013,BB McCullum,1
981013,CH Gayle,9
981013,DJ Bravo,8
981013,DR Smith,73
981013,DS Kulkarni,10
981013,ER Dwivedi,19
981013,Iqbal Abdulla,33
981013,KD Karthik,26
981013,KL Rahul,0
981013,P Kumar,1
981013,RA Jadeja,3
981013,SB Jakati,1
981013,SK Raina,1
981013,SR Watson,1
981013,STR Binny,21
981013,Sachin Baby,0
981013,V Kohli,0
981015,B Kumar,1
981015,BCJ Cutting,0
981015,Bipul Sharma,14
981015,C Munro,16
981015,DA Warner,28
981015,DJ Hooda,21
981015,G Gambhir,28
981015,JO Holder,6
981015,MC Henriques,31
981015,MK Pandey,36
981015,NV Ojha,7
981015,R Sathish,8
981015,RV Uthappa,11
981015,S Dhawan,10
981015,SA Yadav,23
981015,SP Narine,1
981015,YK Pathan,2
981015,Yuvraj Singh,44
981017,AJ Finch,50
981017,BB McCullum,32
981017,BCJ Cutting,8
981017,Bipul Sharma,27
981017,DA Warner,93
981017,DJ Bravo,20
981017,DJ Hooda,4
981017,DR Smith,1
981017,DS Kulkarni,3
981017,ER Dwivedi,5
981017,KD Karthik,26
981017,MC Henriques,11
981017,NV Ojha,10
981017,RA Jadeja,19
981017,S Dhawan,0
981017,SK Raina,1
981017,Yuvraj Singh,8
981019,AB de Villiers,5
981019,B Kumar,1
981019,BCJ Cutting,39
981019,Bipul Sharma,5
981019,CH Gayle,76
981019,CJ Jordan,3
981019,DA Warner,69
981019,DJ Hooda,3
981019,Iqbal Abdulla,4
981019,KL Rahul,11
981019,MC Henriques,4
981019,NV Ojha,7
981019,S Dhawan,28
981019,SR Watson,11
981019,STR Binny,9
981019,Sachin Baby,18
981019,V Kohli,54
981019,Yuvraj Singh,38
1082591,A Choudhary,6
1082591,BCJ Cutting,16
1082591,CH Gayle,32
1082591,DA Warner,14
1082591,DJ Hooda,16
1082591,KM Jadhav,31
1082591,MC Henriques,52
1082591,Mandeep Singh,24
1082591,S Aravind,0
1082591,S Dhawan,40
1082591,SR Watson,22
1082591,STR Binny,11
1082591,Sachin Baby,1
1082591,TM Head,30
1082591,TS Mills,6
1082591,YS Chahal,3
1082591,Yuvraj Singh,62
1082592,AM Rahane,60
1082592,AT Rayudu,10
1082592,BA Stokes,21
1082592,HH Pandya,35
1082592,JC Buttler,38
1082592,KA Pollard,27
1082592,KH Pandya,3
1082592,MA Agarwal,6
1082592,MS Dhoni,12
1082592,N Rana,34
1082592,PA Patel,19
1082592,RG Sharma,3
1082592,SPD Smith,84
1082592,TG Southee,7
1082593,AJ Finch,15
1082593,BB McCullum,35
1082593,CA Lynn,93
1082593,G Gambhir,76
1082593,JJ Roy,14
1082593,KD Karthik,47
1082593,SK Raina,68
1082594,AM Rahane,19
1082594,AR Patel,24
1082594,BA Stokes,50
1082594,DA Miller,30
1082594,DT Christian,17
1082594,GJ Maxwell,44
1082594,HM Amla,28
1082594,M Vohra,14
1082594,MA Agarwal,0
1082594,MK Tiwary,40
1082594,MS Dhoni,5
1082594,SPD Smith,26
1082594,WP Saha,14
1082595,A Mishra,8
1082595,AP Tare,18
1082595,CH Gayle,6
1082595,CH Morris,4
1082595,CR Brathwaite,1
1082595,Iqbal Abdulla,5
1082595,KK Nair,4
1082595,KM Jadhav,69
1082595,Mandeep Singh,12
1082595,P Negi,10
1082595,PJ Cummins,6
1082595,RR Pant,57
1082595,S Nadeem,0
1082595,SR Watson,24
1082595,STR Binny,16
1082595,SV Samson,13
1082595,SW Billings,25
1082595,TS Mills,0
1082595,Vishnu Vinod,9
1082595,Z Khan,1
1082596,AJ Finch,3
1082596,BB McCullum,5
1082596,Basil Thampi,13
1082596,DA Warner,76
1082596,DR Smith,37
1082596,DS Kulkarni,1
1082596,JJ Roy,31
1082596,KD Karthik,30
1082596,MC Henriques,52
1082596,P Kumar,7
1082596,S Dhawan,9
1082596,SK Raina,5
1082597,CA Lynn,32
1082597,CR Woakes,9
1082597,G Gambhir,19
1082597,HH Pandya,29
1082597,Harbhajan Singh,1
1082597,JC Buttler,28
1082597,KA Pollard,17
1082597,KH Pandya,11
1082597,MK Pandey,81
1082597,N Rana,50
1082597,PA Patel,30
1082597,RG Sharma,2
1082597,RV Uthappa,4
1082597,SA Yadav,17
1082597,SP Narine,1
1082597,YK Pathan,6
1082598,AB de Villiers,89
1082598,AR Patel,9
1082598,GJ Maxwell,43
1082598,HM Amla,58
1082598,KM Jadhav,1
1082598,M Vohra,34
1082598,Mandeep Singh,28
1082598,SR Watson,1
1082598,STR Binny,18
1082598,Vishnu Vinod,7
1082599,A Zampa,5
1082599,AB Dinda,7
1082599,AM Rahane,10
1082599,AP Tare,0
1082599,BA Stokes,2
1082599,CH Morris,38
1082599,CJ Anderson,2
1082599,DL Chahar,14
1082599,F du Plessis,8
1082599,Imran Tahir,0
1082599,MA Agarwal,20
1082599,MS Dhoni,11
1082599,R Bhatia,16
1082599,RA Tripathi,10
1082599,RR Pant,31
1082599,SV Samson,102
1082599,SW Billings,24
1082600,B Kumar,4
1082600,BCJ Cutting,20
1082600,DA Warner,49
1082600,DJ Hooda,9
1082600,HH Pandya,2
1082600,Harbhajan Singh,3
1082600,JC Buttler,14
1082600,KA Pollard,11
1082600,KH Pandya,37
1082600,N Rana,45
1082600,NV Ojha,9
1082600,PA Patel,39
1082600,RG Sharma,4
1082600,Rashid Khan,2
1082600,S Dhawan,48
1082600,V Shankar,1
1082600,Yuvraj Singh,5
1082601,AR Patel,0
1082601,DA Miller,28
1082601,G Gambhir,72
1082601,GJ Maxwell,25
1082601,HM Amla,25
1082601,M Vohra,28
1082601,MK Pandey,25
1082601,MM Sharma,10
1082601,MP Stoinis,9
1082601,RV Uthappa,26
1082601,SP Narine,37
1082601,VR Aaron,4
1082601,WP Saha,25
1082602,AB de Villiers,19
1082602,CH Gayle,22
1082602,HH Pandya,9
1082602,JC Buttler,2
1082602,KA Pollard,70
1082602,KH Pandya,37
1082602,KM Jadhav,9
1082602,MJ McClenaghan,0
1082602,Mandeep Singh,0
1082602,N Rana,11
1082602,P Negi,13
1082602,PA Patel,3
1082602,RG Sharma,0
1082602,STR Binny,6
1082602,V Kohli,62
1082603,AJ Finch,33
1082603,AM Rahane,0
1082603,Ankit Sharma,25
1082603,BA Stokes,25
1082603,BB McCullum,49
1082603,DR Smith,47
1082603,KD Karthik,3
1082603,LH Ferguson,1
1082603,MK Tiwary,31
1082603,MS Dhoni,5
1082603,RA Tripathi,33
1082603,RD Chahar,3
1082603,SK Raina,35
1082603,SN Thakur,0
1082603,SPD Smith,43
1082604,BCJ Cutting,15
1082604,Bipul Sharma,21
1082604,C de Grandhomme,0
1082604,CR Woakes,1
1082604,DA Warner,26
1082604,DJ Hooda,13
1082604,G Gambhir,15
1082604,MC Henriques,13
1082604,MK Pandey,46
1082604,NV Ojha,11
1082604,RV Uthappa,68
1082604,S Dhawan,23
1082604,SA Yadav,4
1082604,SP Narine,6
1082604,YK Pathan,21
1082604,Yuvraj Singh,26
1082605,AR Patel,44
1082605,CH Morris,16
1082605,CJ Anderson,39
1082605,DA Miller,24
1082605,EJG Morgan,22
1082605,GJ Maxwell,0
1082605,HM Amla,19
1082605,KC Cariappa,1
1082605,KK Nair,0
1082605,M Vohra,3
1082605,MM Sharma,13
1082605,PJ Cummins,12
1082605,RR Pant,15
1082605,SS Iyer,22
1082605,SV Samson,19
1082605,SW Billings,55
1082605,Sandeep Sharma,2
1082605,WP Saha,7
1082606,BB McCullum,64
1082606,DR Smith,0
1082606,HH Pandya,6
1082606,Ishan Kishan,11
1082606,JC Buttler,26
1082606,JJ Roy,14
1082606,KA Pollard,39
1082606,KD Karthik,48
1082606,N Rana,53
1082606,PA Patel,0
1082606,RG Sharma,40
1082606,SK Raina,28
1082607,AB de Villiers,29
1082607,AF Milne,2
1082607,AM Rahane,30
1082607,BA Stokes,2
1082607,DT Christian,1
1082607,JD Unadkat,2
1082607,KM Jadhav,18
1082607,MK Tiwary,27
1082607,MS Dhoni,28
1082607,Mandeep Singh,0
1082607,P Negi,10
1082607,RA Tripathi,31
1082607,S Aravind,6
1082607,S Badree,0
1082607,SN Thakur,0
1082607,SPD Smith,27
1082607,SR Watson,14
1082607,STR Binny,18
1082607,V Kohli,28
1082607,YS Chahal,1
1082608,AD Mathews,1
1082608,C de Grandhomme,1
1082608,CH Morris,16
1082608,CR Woakes,3
1082608,G Gambhir,14
1082608,KK Nair,21
1082608,MK Pandey,69
1082608,Mohammed Shami,0
1082608,PJ Cummins,3
1082608,RR Pant,38
1082608,RV Uthappa,4
1082608,SA Yadav,7
1082608,SP Narine,1
1082608,SS Iyer,26
1082608,SV Samson,39
1082608,SW Billings,21
1082608,YK Pathan,59
1082609,AR Patel,7
1082609,DA Miller,1
1082609,DA Warner,70
1082609,DJ Hooda,12
1082609,EJG Morgan,13
1082609,GJ Maxwell,10
1082609,HM Amla,0
1082609,I Sharma,2
1082609,KC Cariappa,1
1082609,M Vohra,95
1082609,MC Henriques,9
1082609,MM Sharma,10
1082609,Mohammad Nabi,2
1082609,NV Ojha,34
1082609,Rashid Khan,6
1082609,S Dhawan,15
1082609,Sandeep Sharma,5
1082609,WP Saha,0
1082609,Yuvraj Singh,0
1082610,AJ Finch,19
1082610,AJ Tye,6
1082610,BB McCullum,72
1082610,Basil Thampi,0
1082610,CH Gayle,77
1082610,DR Smith,1
1082610,Ishan Kishan,39
1082610,KD Karthik,1
1082610,KM Jadhav,38
1082610,RA Jadeja,23
1082610,SK Raina,23
1082610,TM Head,30
1082610,V Kohli,64
1082611,AD Mathews,31
1082611,DA Warner,4
1082611,DJ Hooda,9
1082611,KK Nair,33
1082611,KS Williamson,89
1082611,MC Henriques,12
1082611,RR Pant,0
1082611,S Dhawan,70
1082611,SS Iyer,50
1082611,SV Samson,42
1082611,SW Billings,13
1082611,Yuvraj Singh,3
1082612,AR Patel,4
1082612,GJ Maxwell,40
1082612,HH Pandya,15
1082612,HM Amla,104
1082612,JC Buttler,77
1082612,MP Stoinis,1
1082612,N Rana,62
1082612,PA Patel,37
1082612,SE Marsh,26
1082612,WP Saha,11
1082613,AJ Finch,31
1082613,BB McCullum,33
1082613,DR Smith,5
1082613,G Gambhir,33
1082613,Ishan Kishan,4
1082613,JP Faulkner,4
1082613,KD Karthik,3
1082613,MK Pandey,24
1082613,RA Jadeja,19
1082613,RV Uthappa,72
1082613,SA Yadav,1
1082613,SK Raina,84
1082613,SP Narine,42
1082613,Shakib Al Hasan,1
1082613,YK Pathan,11
1082614,AP Tare,0
1082614,CH Morris,52
1082614,CJ Anderson,0
1082614,HH Pandya,24
1082614,Harbhajan Singh,2
1082614,JC Buttler,28
1082614,K Rabada,44
1082614,KA Pollard,26
1082614,KH Pandya,17
1082614,KK Nair,5
1082614,MG Johnson,7
1082614,MJ McClenaghan,1
1082614,N Rana,8
1082614,PA Patel,8
1082614,PJ Cummins,4
1082614,RG Sharma,5
1082614,RR Pant,0
1082614,SS Iyer,6
1082614,SV Samson,9
1082615,AM Rahane,2
1082615,BA Stokes,10
1082615,DA Warner,43
1082615,DJ Hooda,19
1082615,KS Williamson,21
1082615,MC Henriques,55
1082615,MK Tiwary,17
1082615,MS Dhoni,61
1082615,RA Tripathi,59
1082615,S Dhawan,30
1082615,SPD Smith,27
1082616,AD Nath,0
1082616,AJ Finch,13
1082616,AJ Tye,22
1082616,AR Patel,34
1082616,BB McCullum,6
1082616,Basil Thampi,11
1082616,DR Smith,4
1082616,GJ Maxwell,31
1082616,HM Amla,65
1082616,KD Karthik,58
1082616,M Vohra,2
1082616,MM Sharma,4
1082616,MP Stoinis,7
1082616,RA Jadeja,9
1082616,SE Marsh,30
1082616,SK Raina,32
1082616,WP Saha,10
1082617,AB de Villiers,8
1082617,C de Grandhomme,0
1082617,CH Gayle,7
1082617,CR Woakes,18
1082617,G Gambhir,14
1082617,KM Jadhav,9
1082617,Kuldeep Yadav,4
1082617,MK Pandey,15
1082617,Mandeep Singh,1
1082617,NM Coulter-Nile,2
1082617,P Negi,2
1082617,RV Uthappa,11
1082617,S Aravind,5
1082617,S Badree,0
1082617,SA Yadav,15
1082617,SP Narine,34
1082617,STR Binny,8
1082617,TS Mills,2
1082617,UT Yadav,2
1082617,V Kohli,0
1082617,YK Pathan,8
1082617,YS Chahal,0
1082618,AM Rahane,38
1082618,BA Stokes,17
1082618,DT Christian,8
1082618,HH Pandya,13
1082618,Harbhajan Singh,7
1082618,JC Buttler,17
1082618,KA Pollard,9
1082618,KV Sharma,11
1082618,MK Tiwary,22
1082618,MS Dhoni,7
1082618,N Rana,3
1082618,PA Patel,33
1082618,RA Tripathi,45
1082618,RG Sharma,58
1082618,SPD Smith,17
1082618,Washington Sundar,2
1082620,AM Rahane,46
1082620,DM Bravo,6
1082620,DT Christian,16
1082620,G Gambhir,62
1082620,MK Tiwary,1
1082620,MS Dhoni,23
1082620,RA Tripathi,38
1082620,RV Uthappa,87
1082620,SP Narine,16
1082620,SPD Smith,51
1082621,A Choudhary,15
1082621,AB de Villiers,5
1082621,AJ Finch,72
1082621,BB McCullum,3
1082621,CH Gayle,8
1082621,Ishan Kishan,16
1082621,KM Jadhav,31
1082621,Mandeep Singh,8
1082621,P Negi,32
1082621,RA Jadeja,2
1082621,S Aravind,9
1082621,S Badree,3
1082621,SK Raina,34
1082621,TM Head,0
1082621,V Kohli,10
1082621,YS Chahal,1
1082622,AR Bawne,12
1082622,CH Morris,11
1082622,CJ Anderson,2
1082622,G Gambhir,71
1082622,KK Nair,15
1082622,MK Pandey,5
1082622,RR Pant,6
1082622,RV Uthappa,59
1082622,SP Jackson,12
1082622,SP Narine,4
1082622,SS Iyer,47
1082622,SV Samson,60
1082623,AR Patel,16
1082623,Anureet Singh,15
1082623,DA Warner,51
1082623,EJG Morgan,26
1082623,GJ Maxwell,0
1082623,I Sharma,5
1082623,KS Williamson,54
1082623,M Vohra,3
1082623,MC Henriques,7
1082623,MJ Guptill,23
1082623,MM Sharma,2
1082623,S Dhawan,77
1082623,SE Marsh,84
1082623,WP Saha,2
1082623,Yuvraj Singh,15
1082624,AB de Villiers,3
1082624,AF Milne,5
1082624,AM Rahane,6
1082624,KM Jadhav,7
1082624,MK Tiwary,44
1082624,MS Dhoni,21
1082624,P Negi,3
1082624,RA Tripathi,37
1082624,S Aravind,8
1082624,S Badree,2
1082624,SPD Smith,45
1082624,STR Binny,1
1082624,Sachin Baby,2
1082624,TM Head,2
1082624,V Kohli,55
1082624,YS Chahal,4
1082625,AJ Finch,1
1082625,AJ Tye,25
1082625,Ankit Soni,7
1082625,BB McCullum,7
1082625,Basil Thampi,2
1082625,HH Pandya,4
1082625,Harbhajan Singh,0
1082625,IK Pathan,2
1082625,Ishan Kishan,48
1082625,JC Buttler,10
1082625,JJ Bumrah,0
1082625,JP Faulkner,21
1082625,KA Pollard,25
1082625,KD Karthik,2
1082625,KH Pandya,29
1082625,MJ McClenaghan,1
1082625,N Rana,19
1082625,PA Patel,70
1082625,RA Jadeja,28
1082625,RG Sharma,5
1082625,SK Raina,1
1082625,SL Malinga,0
1082626,A Mishra,4
1082626,CH Morris,2
1082626,CJ Anderson,18
1082626,HM Amla,16
1082626,K Rabada,11
1082626,KK Nair,11
1082626,MJ Guptill,50
1082626,Mohammed Shami,2
1082626,RR Pant,3
1082626,S Nadeem,0
1082626,SS Iyer,6
1082626,SV Samson,5
1082626,SW Billings,0
1082627,C de Grandhomme,18
1082627,CR Woakes,6
1082627,DA Warner,126
1082627,G Gambhir,11
1082627,KS Williamson,40
1082627,MK Pandey,39
1082627,RV Uthappa,53
1082627,S Dhawan,29
1082627,SP Jackson,16
1082627,SP Narine,1
1082627,YK Pathan,12
1082627,Yuvraj Singh,6
1082628,AB de Villiers,43
1082628,AF Milne,0
1082628,HH Pandya,14
1082628,JC Buttler,33
1082628,KA Pollard,17
1082628,KH Pandya,2
1082628,KM Jadhav,28
1082628,KV Sharma,9
1082628,Mandeep Singh,17
1082628,N Rana,27
1082628,P Negi,35
1082628,PA Patel,0
1082628,RG Sharma,56
1082628,SR Watson,3
1082628,TM Head,12
1082628,V Kohli,20
1082629,AJ Finch,13
1082629,AM Rahane,4
1082629,Ankit Soni,0
1082629,BA Stokes,103
1082629,BB McCullum,45
1082629,Basil Thampi,2
1082629,DR Smith,0
1082629,DT Christian,17
1082629,Ishan Kishan,31
1082629,JP Faulkner,6
1082629,KD Karthik,29
1082629,MK Tiwary,0
1082629,MS Dhoni,26
1082629,PJ Sangwan,1
1082629,RA Jadeja,19
1082629,RA Tripathi,6
1082629,SK Raina,8
1082629,SPD Smith,4
1082630,CH Morris,15
1082630,CJ Anderson,41
1082630,DA Warner,30
1082630,KK Nair,39
1082630,KS Williamson,24
1082630,MC Henriques,25
1082630,RR Pant,34
1082630,S Dhawan,28
1082630,SS Iyer,33
1082630,SV Samson,24
1082630,Yuvraj Singh,70
1082631,AM Rahane,11
1082631,BA Stokes,14
1082631,C de Grandhomme,36
1082631,CR Woakes,1
1082631,DT Christian,9
1082631,G Gambhir,24
1082631,MK Pandey,37
1082631,MK Tiwary,8
1082631,MS Dhoni,5
1082631,NM Coulter-Nile,6
1082631,RA Tripathi,93
1082631,SA Yadav,30
1082631,SP Jackson,10
1082631,SP Narine,0
1082631,SPD Smith,9
1082631,UT Yadav,2
1082631,Washington Sundar,1
1082631,YK Pathan,4
1082632,AJ Finch,27
1082632,BB McCullum,1
1082632,CJ Anderson,18
1082632,DR Smith,9
1082632,Ishan Kishan,4
1082632,JP Faulkner,1
1082632,KD Karthik,65
1082632,KK Nair,12
1082632,PJ Sangwan,1
1082632,RA Jadeja,18
1082632,RR Pant,97
1082632,SK Raina,77
1082632,SS Iyer,14
1082632,SV Samson,61
1082633,A Choudhary,4
1082633,AB de Villiers,10
1082633,AR Patel,38
1082633,CH Gayle,0
1082633,GJ Maxwell,6
1082633,HM Amla,1
1082633,KM Jadhav,6
1082633,M Vohra,25
1082633,MJ Guptill,9
1082633,MM Sharma,6
1082633,Mandeep Singh,46
1082633,P Negi,21
1082633,S Aravind,4
1082633,S Badree,8
1082633,SE Marsh,20
1082633,SR Watson,3
1082633,V Kohli,6
1082633,VR Aaron,0
1082633,WP Saha,21
1082633,YS Chahal,4
1082634,AM Rahane,22
1082634,B Kumar,0
1082634,BA Stokes,39
1082634,Bipul Sharma,8
1082634,DA Warner,40
1082634,DT Christian,4
1082634,KS Williamson,4
1082634,MC Henriques,4
1082634,MK Tiwary,9
1082634,MS Dhoni,31
1082634,NV Ojha,9
1082634,RA Tripathi,1
1082634,Rashid Khan,3
1082634,S Dhawan,19
1082634,S Kaul,0
1082634,SN Thakur,0
1082634,SPD Smith,34
1082634,Washington Sundar,1
1082634,Yuvraj Singh,47
1082635,A Mishra,9
1082635,CJ Anderson,10
1082635,HH Pandya,29
1082635,K Rabada,0
1082635,KA Pollard,63
1082635,KK Nair,21
1082635,LMP Simmons,66
1082635,MN Samuels,1
1082635,Mohammed Shami,7
1082635,PA Patel,25
1082635,PJ Cummins,10
1082635,RG Sharma,10
1082635,RR Pant,0
1082635,SS Iyer,3
1082635,SV Samson,0
1082635,Z Khan,2
1082636,AB de Villiers,10
1082636,C de Grandhomme,31
1082636,CA Lynn,50
1082636,CH Gayle,0
1082636,G Gambhir,14
1082636,KM Jadhav,8
1082636,MK Pandey,4
1082636,Mandeep Singh,52
1082636,P Negi,5
1082636,SP Narine,54
1082636,TM Head,75
1082636,V Kohli,5
1082636,YK Pathan,0
1082637,AJ Finch,2
1082637,AR Patel,2
1082637,DR Smith,74
1082637,GJ Maxwell,20
1082637,HM Amla,104
1082637,Ishan Kishan,29
1082637,KD Karthik,35
1082637,MJ Guptill,2
1082637,RA Jadeja,7
1082637,SE Marsh,58
1082637,SK Raina,39
1082638,DA Warner,6
1082638,HH Pandya,15
1082638,Harbhajan Singh,1
1082638,KA Pollard,5
1082638,KV Sharma,5
1082638,LMP Simmons,1
1082638,MC Henriques,44
1082638,MJ McClenaghan,2
1082638,N Rana,9
1082638,PA Patel,23
1082638,RG Sharma,67
1082638,S Dhawan,62
1082638,V Shankar,15
1082638,Yuvraj Singh,9
1082639,AR Patel,8
1082639,C de Grandhomme,11
1082639,CA Lynn,84
1082639,CR Woakes,8
1082639,G Gambhir,8
1082639,GJ Maxwell,44
1082639,M Vohra,25
1082639,MJ Guptill,12
1082639,MK Pandey,18
1082639,R Tewatia,15
1082639,RV Uthappa,0
1082639,SE Marsh,11
1082639,SP Narine,18
1082639,Swapnil Singh,2
1082639,WP Saha,38
1082639,YK Pathan,2
1082640,A Mishra,8
1082640,AJ Finch,69
1082640,CJ Anderson,6
1082640,CR Brathwaite,11
1082640,DR Smith,8
1082640,Ishan Kishan,34
1082640,JP Faulkner,14
1082640,KD Karthik,40
1082640,KK Nair,30
1082640,MN Samuels,1
1082640,Mohammed Shami,4
1082640,PJ Cummins,24
1082640,RA Jadeja,13
1082640,RR Pant,4
1082640,SK Raina,6
1082640,SS Iyer,96
1082640,SV Samson,10
1082641,AR Patel,19
1082641,GJ Maxwell,47
1082641,HH Pandya,30
1082641,Harbhajan Singh,2
1082641,KA Pollard,50
1082641,KV Sharma,19
1082641,LMP Simmons,59
1082641,MJ Guptill,36
1082641,N Rana,12
1082641,PA Patel,38
1082641,RG Sharma,5
1082641,SE Marsh,25
1082641,WP Saha,93
1082642,A Mishra,13
1082642,AM Rahane,0
1082642,BA Stokes,33
1082642,CJ Anderson,3
1082642,DT Christian,3
1082642,KK Nair,64
1082642,MK Tiwary,60
1082642,MN Samuels,27
1082642,MS Dhoni,5
1082642,Mohammed Shami,2
1082642,PJ Cummins,11
1082642,RA Tripathi,7
1082642,RR Pant,36
1082642,SPD Smith,38
1082642,SS Iyer,3
1082642,SV Samson,2
1082642,Washington Sundar,5
1082643,AJ Finch,2
1082643,Ankit Soni,0
1082643,DA Warner,69
1082643,DR Smith,54
1082643,Ishan Kishan,61
1082643,JP Faulkner,8
1082643,KD Karthik,0
1082643,MC Henriques,4
1082643,MM Patel,0
1082643,P Kumar,1
1082643,PJ Sangwan,0
1082643,RA Jadeja,20
1082643,S Dhawan,18
1082643,SK Raina,2
1082643,V Shankar,63
1082644,AT Rayudu,63
1082644,C de Grandhomme,29
1082644,CA Lynn,26
1082644,G Gambhir,21
1082644,HH Pandya,1
1082644,KA Pollard,13
1082644,KH Pandya,0
1082644,Kuldeep Yadav,16
1082644,LMP Simmons,0
1082644,MK Pandey,33
1082644,RG Sharma,27
1082644,RV Uthappa,2
1082644,SP Narine,0
1082644,SS Tiwary,52
1082644,TA Boult,5
1082644,UT Yadav,4
1082644,YK Pathan,20
1082645,AM Rahane,34
1082645,AR Patel,22
1082645,EJG Morgan,4
1082645,GJ Maxwell,0
1082645,I Sharma,1
1082645,MJ Guptill,0
1082645,MM Sharma,6
1082645,R Tewatia,4
1082645,RA Tripathi,28
1082645,SE Marsh,10
1082645,SPD Smith,15
1082645,Swapnil Singh,10
1082645,WP Saha,13
1082646,A Mishra,7
1082646,CH Gayle,48
1082646,CJ Anderson,3
1082646,KK Nair,26
1082646,KM Jadhav,12
1082646,MN Samuels,0
1082646,Mohammed Shami,21
1082646,P Negi,13
1082646,PJ Cummins,7
1082646,RR Pant,45
1082646,S Nadeem,2
1082646,SR Watson,4
1082646,SS Iyer,32
1082646,SV Samson,0
1082646,Sachin Baby,12
1082646,TM Head,2
1082646,V Kohli,58
1082646,Vishnu Vinod,3
1082646,Z Khan,1
1082647,AM Rahane,56
1082647,AT Rayudu,0
1082647,HH Pandya,14
1082647,JJ Bumrah,16
1082647,KA Pollard,7
1082647,KH Pandya,15
1082647,KV Sharma,4
1082647,LMP Simmons,5
1082647,MJ McClenaghan,12
1082647,MK Tiwary,58
1082647,MS Dhoni,40
1082647,PA Patel,52
1082647,RA Tripathi,0
1082647,RG Sharma,1
1082647,SL Malinga,7
1082647,SPD Smith,1
1082648,Bipul Sharma,2
1082648,CA Lynn,6
1082648,CJ Jordan,0
1082648,DA Warner,37
1082648,G Gambhir,32
1082648,IR Jaggi,5
1082648,KS Williamson,24
1082648,NV Ojha,16
1082648,RV Uthappa,1
1082648,S Dhawan,11
1082648,V Shankar,22
1082648,YK Pathan,0
1082648,Yuvraj Singh,9
1082649,AS Rajpoot,4
1082649,AT Rayudu,6
1082649,C de Grandhomme,0
1082649,CA Lynn,4
1082649,G Gambhir,12
1082649,IR Jaggi,28
1082649,KA Pollard,9
1082649,KH Pandya,45
1082649,LMP Simmons,3
1082649,NM Coulter-Nile,6
1082649,PA Patel,14
1082649,PP Chawla,2
1082649,RG Sharma,26
1082649,RV Uthappa,1
1082649,SA Yadav,31
1082649,SP Narine,10
1082649,UT Yadav,2
1082650,AM Rahane,44
1082650,AT Rayudu,12
1082650,DT Christian,4
1082650,HH Pandya,10
1082650,KA Pollard,7
1082650,KH Pandya,47
1082650,KV Sharma,1
1082650,LMP Simmons,3
1082650,MG Johnson,13
1082650,MK Tiwary,7
1082650,MS Dhoni,10
1082650,PA Patel,4
1082650,RA Tripathi,3
1082650,RG Sharma,24
1082650,SPD Smith,51
1082650,Washington Sundar,0
1136561,AT Rayudu,22
1136561,DJ Bravo,68
1136561,DL Chahar,0
1136561,E Lewis,0
1136561,HH Pandya,22
1136561,Harbhajan Singh,8
1136561,Imran Tahir,2
1136561,Ishan Kishan,40
1136561,KH Pandya,41
1136561,KM Jadhav,24
1136561,MA Wood,1
1136561,MS Dhoni,5
1136561,RA Jadeja,12
1136561,RG Sharma,15
1136561,SA Yadav,43
1136561,SK Raina,4
1136561,SR Watson,16
1136562,C Munro,4
1136562,CH Morris,27
1136562,DA Miller,24
1136562,DT Christian,13
1136562,G Gambhir,55
1136562,KK Nair,50
1136562,KL Rahul,51
1136562,MA Agarwal,7
1136562,MP Stoinis,22
1136562,R Tewatia,9
1136562,RR Pant,28
1136562,SS Iyer,11
1136562,V Shankar,13
1136562,Yuvraj Singh,12
1136563,AB de Villiers,44
1136563,AD Russell,15
1136563,BB McCullum,43
1136563,CA Lynn,5
1136563,CR Woakes,5
1136563,KD Karthik,35
1136563,Mandeep Singh,37
1136563,N Rana,34
1136563,Q de Kock,4
1136563,R Vinay Kumar,6
1136563,RK Singh,6
1136563,RV Uthappa,13
1136563,SN Khan,6
1136563,SP Narine,50
1136563,V Kohli,31
1136564,AM Rahane,13
1136564,B Laughlin,1
1136564,BA Stokes,5
1136564,DJM Short,4
1136564,DS Kulkarni,3
1136564,JC Buttler,6
1136564,JD Unadkat,1
1136564,K Gowtham,0
1136564,KS Williamson,36
1136564,RA Tripathi,17
1136564,S Dhawan,78
1136564,S Gopal,18
1136564,SV Samson,49
1136564,WP Saha,5
1136565,AD Russell,88
1136565,AT Rayudu,39
1136565,CA Lynn,22
1136565,DJ Bravo,11
1136565,KD Karthik,26
1136565,MS Dhoni,25
1136565,N Rana,16
1136565,RA Jadeja,11
1136565,RK Singh,2
1136565,RV Uthappa,29
1136565,SK Raina,14
1136565,SP Narine,12
1136565,SR Watson,42
1136565,SW Billings,56
1136565,TK Curran,2
1136566,AM Rahane,45
1136566,BA Stokes,16
1136566,CH Morris,17
1136566,DJM Short,6
1136566,GJ Maxwell,17
1136566,JC Buttler,29
1136566,K Gowtham,2
1136566,RA Tripathi,15
1136566,RR Pant,20
1136566,SV Samson,37
1136566,V Shankar,3
1136567,B Stanlake,5
1136567,BCJ Cutting,9
1136567,DJ Hooda,32
1136567,E Lewis,29
1136567,Ishan Kishan,9
1136567,JJ Bumrah,4
1136567,KA Pollard,28
1136567,KH Pandya,15
1136567,KS Williamson,6
1136567,M Markande,6
1136567,MK Pandey,11
1136567,PJ Sangwan,0
1136567,RG Sharma,11
1136567,Rashid Khan,0
1136567,S Dhawan,45
1136567,S Kaul,0
1136567,SA Yadav,28
1136567,Sandeep Sharma,0
1136567,Shakib Al Hasan,12
1136567,WP Saha,22
1136567,YK Pathan,14
1136568,AB de Villiers,57
1136568,AJ Finch,0
1136568,AJ Tye,7
1136568,AR Patel,2
1136568,BB McCullum,0
1136568,CR Woakes,1
1136568,KK Nair,29
1136568,KL Rahul,47
1136568,MA Agarwal,15
1136568,MM Sharma,1
1136568,MP Stoinis,11
1136568,Mandeep Singh,22
1136568,Mujeeb Ur Rahman,0
1136568,Q de Kock,45
1136568,R Ashwin,33
1136568,SN Khan,0
1136568,V Kohli,21
1136568,Washington Sundar,9
1136568,Yuvraj Singh,4
1136569,A Dananjaya,4
1136569,E Lewis,48
1136569,G Gambhir,15
1136569,GJ Maxwell,13
1136569,HH Pandya,2
1136569,Ishan Kishan,44
1136569,JJ Roy,91
1136569,KA Pollard,0
1136569,KH Pandya,11
1136569,M Markande,4
1136569,RG Sharma,18
1136569,RR Pant,47
1136569,SA Yadav,53
1136569,SS Iyer,27
1136570,AD Russell,9
1136570,CA Lynn,49
1136570,DJ Hooda,5
1136570,KD Karthik,29
1136570,KS Williamson,50
1136570,MG Johnson,4
1136570,MK Pandey,4
1136570,N Rana,18
1136570,RV Uthappa,3
1136570,S Dhawan,7
1136570,SP Narine,9
1136570,Shakib Al Hasan,27
1136570,Shivam Mavi,7
1136570,Shubman Gill,3
1136570,WP Saha,24
1136570,YK Pathan,17
1136571,AB de Villiers,20
1136571,AM Rahane,36
1136571,BA Stokes,27
1136571,BB McCullum,4
1136571,CR Woakes,0
1136571,DJM Short,11
1136571,JC Buttler,23
1136571,Mandeep Singh,47
1136571,P Negi,3
1136571,Q de Kock,26
1136571,RA Tripathi,14
1136571,SV Samson,92
1136571,V Kohli,57
1136571,Washington Sundar,35
1136572,AJ Finch,0
1136572,AJ Tye,3
1136572,AT Rayudu,49
1136572,CH Gayle,63
1136572,DJ Bravo,1
1136572,KK Nair,29
1136572,KL Rahul,37
1136572,M Vijay,12
1136572,MA Agarwal,30
1136572,MS Dhoni,79
1136572,R Ashwin,14
1136572,RA Jadeja,19
1136572,SR Watson,11
1136572,SW Billings,9
1136572,Yuvraj Singh,20
1136573,AD Russell,41
1136573,CA Lynn,31
1136573,CH Morris,2
1136573,G Gambhir,8
1136573,GJ Maxwell,47
1136573,JJ Roy,1
1136573,KD Karthik,19
1136573,Mohammed Shami,7
1136573,N Rana,59
1136573,PP Chawla,0
1136573,R Tewatia,1
1136573,RR Pant,43
1136573,RV Uthappa,35
1136573,S Nadeem,6
1136573,SP Narine,1
1136573,SS Iyer,4
1136573,Shubman Gill,6
1136573,TA Boult,0
1136573,TK Curran,2
1136573,V Shankar,2
1136574,AB de Villiers,1
1136574,CJ Anderson,0
1136574,CR Woakes,11
1136574,E Lewis,65
1136574,HH Pandya,17
1136574,Ishan Kishan,0
1136574,KA Pollard,5
1136574,KH Pandya,15
1136574,MJ McClenaghan,0
1136574,Mandeep Singh,16
1136574,Mohammed Siraj,8
1136574,Q de Kock,19
1136574,RG Sharma,94
1136574,SA Yadav,0
1136574,SN Khan,5
1136574,UT Yadav,1
1136574,V Kohli,92
1136574,Washington Sundar,7
1136575,AM Rahane,36
1136575,BA Stokes,14
1136575,CA Lynn,0
1136575,DJM Short,44
1136575,DS Kulkarni,3
1136575,JC Buttler,24
1136575,K Gowtham,12
1136575,KD Karthik,42
1136575,N Rana,35
1136575,RA Tripathi,15
1136575,RV Uthappa,48
1136575,S Gopal,0
1136575,SP Narine,35
1136575,SV Samson,7
1136576,AJ Finch,14
1136576,CH Gayle,104
1136576,DJ Hooda,5
1136576,KK Nair,31
1136576,KL Rahul,18
1136576,KS Williamson,54
1136576,MA Agarwal,18
1136576,MK Pandey,57
1136576,S Dhawan,0
1136576,Shakib Al Hasan,24
1136576,WP Saha,6
1136576,YK Pathan,19
1136577,AM Rahane,16
1136577,AT Rayudu,12
1136577,B Laughlin,0
1136577,BA Stokes,45
1136577,DJ Bravo,24
1136577,H Klaasen,7
1136577,JC Buttler,22
1136577,JD Unadkat,16
1136577,K Gowtham,1
1136577,MS Dhoni,5
1136577,RA Jadeja,2
1136577,RA Tripathi,5
1136577,S Gopal,8
1136577,SK Raina,46
1136577,SR Watson,106
1136577,STR Binny,10
1136577,SV Samson,2
1136577,SW Billings,3
1136578,AD Russell,10
1136578,CA Lynn,74
1136578,CH Gayle,62
1136578,KD Karthik,43
1136578,KL Rahul,60
1136578,MA Agarwal,2
1136578,N Rana,3
1136578,PP Chawla,2
1136578,RV Uthappa,34
1136578,SP Narine,1
1136578,Shubman Gill,14
1136578,TK Curran,1
1136579,AB de Villiers,90
1136579,CJ Anderson,15
1136579,G Gambhir,3
1136579,GJ Maxwell,4
1136579,JJ Roy,5
1136579,M Vohra,2
1136579,Mandeep Singh,17
1136579,Q de Kock,18
1136579,R Tewatia,13
1136579,RR Pant,85
1136579,SS Iyer,52
1136579,V Kohli,30
1136580,AT Rayudu,79
1136580,DJ Hooda,1
1136580,F du Plessis,11
1136580,KS Williamson,84
1136580,MK Pandey,0
1136580,MS Dhoni,25
1136580,RK Bhui,0
1136580,Rashid Khan,17
1136580,SK Raina,54
1136580,SR Watson,9
1136580,Shakib Al Hasan,24
1136580,WP Saha,5
1136580,YK Pathan,45
1136581,AM Rahane,14
1136581,BA Stokes,40
1136581,E Lewis,0
1136581,H Klaasen,0
1136581,HH Pandya,4
1136581,Ishan Kishan,58
1136581,JC Archer,8
1136581,JC Buttler,6
1136581,K Gowtham,33
1136581,KA Pollard,21
1136581,KH Pandya,7
1136581,M Markande,0
1136581,MJ McClenaghan,0
1136581,RA Tripathi,9
1136581,RG Sharma,0
1136581,SA Yadav,72
1136581,SV Samson,52
1136582,A Mishra,1
1136582,AJ Finch,2
1136582,AJ Tye,3
1136582,BB Sran,0
1136582,DA Miller,26
1136582,DT Christian,6
1136582,G Gambhir,4
1136582,GJ Maxwell,12
1136582,KK Nair,34
1136582,KL Rahul,23
1136582,LE Plunkett,0
1136582,MA Agarwal,21
1136582,PP Shaw,22
1136582,R Ashwin,6
1136582,R Tewatia,24
1136582,RR Pant,4
1136582,SS Iyer,57
1136582,Yuvraj Singh,14
1136583,Basil Thampi,3
1136583,E Lewis,5
1136583,HH Pandya,3
1136583,Ishan Kishan,0
1136583,JJ Bumrah,6
1136583,KA Pollard,9
1136583,KH Pandya,24
1136583,KS Williamson,29
1136583,M Markande,1
1136583,MJ McClenaghan,0
1136583,MK Pandey,16
1136583,Mohammad Nabi,14
1136583,Mustafizur Rahman,1
1136583,RG Sharma,2
1136583,Rashid Khan,6
1136583,S Dhawan,5
1136583,S Kaul,2
1136583,SA Yadav,34
1136583,Sandeep Sharma,0
1136583,Shakib Al Hasan,2
1136583,WP Saha,0
1136583,YK Pathan,29
1136584,AB de Villiers,68
1136584,AT Rayudu,82
1136584,C de Grandhomme,11
1136584,CJ Anderson,2
1136584,DJ Bravo,14
1136584,MS Dhoni,70
1136584,Mandeep Singh,32
1136584,P Negi,0
1136584,Q de Kock,53
1136584,RA Jadeja,3
1136584,SK Raina,11
1136584,SR Watson,7
1136584,SW Billings,9
1136584,UT Yadav,0
1136584,V Kohli,18
1136584,Washington Sundar,13
1136585,AJ Finch,8
1136585,AJ Tye,4
1136585,AS Rajpoot,8
1136585,BB Sran,2
1136585,CH Gayle,23
1136585,KK Nair,13
1136585,KL Rahul,32
1136585,KS Williamson,0
1136585,MA Agarwal,12
1136585,MK Pandey,54
1136585,MK Tiwary,1
1136585,Mohammad Nabi,4
1136585,Mujeeb Ur Rahman,10
1136585,R Ashwin,4
1136585,S Dhawan,11
1136585,Shakib Al Hasan,28
1136585,WP Saha,6
1136585,YK Pathan,21
1136586,AD Russell,44
1136586,C Munro,33
1136586,CA Lynn,5
1136586,GJ Maxwell,27
1136586,KD Karthik,18
1136586,Kuldeep Yadav,7
1136586,MG Johnson,12
1136586,N Rana,8
1136586,PP Chawla,2
1136586,PP Shaw,62
1136586,RR Pant,0
1136586,RV Uthappa,1
1136586,SP Narine,26
1136586,SS Iyer,93
1136586,Shivam Mavi,0
1136586,Shubman Gill,37
1136587,AT Rayudu,46
1136587,DJ Bravo,0
1136587,E Lewis,47
1136587,HH Pandya,13
1136587,MS Dhoni,26
1136587,RG Sharma,56
1136587,SA Yadav,44
1136587,SK Raina,75
1136587,SR Watson,12
1136587,SW Billings,3
1136588,AD Hales,45
1136588,AM Rahane,65
1136588,BA Stokes,0
1136588,JC Archer,1
1136588,JC Buttler,10
1136588,K Gowtham,8
1136588,KS Williamson,63
1136588,MK Lomror,11
1136588,MK Pandey,16
1136588,RA Tripathi,4
1136588,Rashid Khan,1
1136588,S Dhawan,6
1136588,SV Samson,40
1136588,Shakib Al Hasan,6
1136588,WP Saha,11
1136588,YK Pathan,2
1136589,AD Russell,0
1136589,BB McCullum,38
1136589,C de Grandhomme,11
1136589,CA Lynn,62
1136589,KD Karthik,23
1136589,M Vohra,0
1136589,Mandeep Singh,19
1136589,N Rana,15
1136589,Q de Kock,29
1136589,RV Uthappa,36
1136589,SP Narine,27
1136589,Shubman Gill,5
1136589,V Kohli,68
1136590,AT Rayudu,41
1136590,C Munro,26
1136590,F du Plessis,33
1136590,GJ Maxwell,6
1136590,MS Dhoni,51
1136590,PP Shaw,9
1136590,R Tewatia,3
1136590,RR Pant,79
1136590,SK Raina,1
1136590,SR Watson,78
1136590,SS Iyer,13
1136590,V Shankar,54
1136591,BB McCullum,37
1136591,BCJ Cutting,12
1136591,C de Grandhomme,23
1136591,HH Pandya,50
1136591,Ishan Kishan,0
1136591,JP Duminy,23
1136591,KA Pollard,13
1136591,KH Pandya,23
1136591,M Vohra,45
1136591,Mandeep Singh,14
1136591,Q de Kock,7
1136591,RG Sharma,0
1136591,SA Yadav,9
1136591,TG Southee,1
1136591,UT Yadav,1
1136591,V Kohli,32
1136591,Washington Sundar,1
1136592,BA Stokes,1
1136592,C Munro,0
1136592,DJM Short,44
1136592,GJ Maxwell,5
1136592,JC Buttler,67
1136592,K Gowtham,18
1136592,LE Plunkett,1
1136592,PP Shaw,47
1136592,RA Tripathi,9
1136592,RR Pant,69
1136592,SS Iyer,50
1136592,SV Samson,3
1136592,V Shankar,17
1136593,AT Rayudu,21
1136593,CA Lynn,12
1136593,F du Plessis,27
1136593,KD Karthik,45
1136593,MS Dhoni,43
1136593,RA Jadeja,12
1136593,RK Singh,16
1136593,RV Uthappa,6
1136593,SK Raina,31
1136593,SP Narine,32
1136593,SR Watson,36
1136593,Shubman Gill,57
1136594,AR Patel,13
1136594,CH Gayle,50
1136594,E Lewis,10
1136594,HH Pandya,23
1136594,Ishan Kishan,25
1136594,KH Pandya,31
1136594,KK Nair,23
1136594,KL Rahul,24
1136594,MA Agarwal,11
1136594,MP Stoinis,29
1136594,RG Sharma,24
1136594,SA Yadav,57
1136594,Yuvraj Singh,14
1136595,AB de Villiers,1
1136595,AT Rayudu,32
1136595,BB McCullum,5
1136595,C de Grandhomme,8
1136595,DJ Bravo,14
1136595,DR Shorey,8
1136595,M Ashwin,1
1136595,MS Dhoni,31
1136595,Mandeep Singh,7
1136595,Mohammed Siraj,3
1136595,PA Patel,53
1136595,SK Raina,25
1136595,SR Watson,11
1136595,TG Southee,36
1136595,UT Yadav,1
1136595,V Kohli,8
1136596,AD Hales,45
1136596,DT Christian,7
1136596,GJ Maxwell,2
1136596,KS Williamson,32
1136596,MK Pandey,21
1136596,NV Ojha,1
1136596,PP Shaw,65
1136596,RR Pant,18
1136596,S Dhawan,33
1136596,SS Iyer,44
1136596,V Shankar,23
1136596,YK Pathan,27
1136597,AD Russell,9
1136597,CA Lynn,17
1136597,E Lewis,43
1136597,HH Pandya,35
1136597,JP Duminy,13
1136597,KD Karthik,36
1136597,KH Pandya,14
1136597,N Rana,31
1136597,RG Sharma,11
1136597,RV Uthappa,54
1136597,SA Yadav,59
1136597,SP Narine,5
1136597,Shubman Gill,7
1136598,AM Rahane,5
1136598,AR Patel,4
1136598,BA Stokes,12
1136598,CH Gayle,8
1136598,DJM Short,2
1136598,JC Archer,0
1136598,JC Buttler,51
1136598,JD Unadkat,6
1136598,K Gowtham,5
1136598,KK Nair,31
1136598,KL Rahul,84
1136598,MA Agarwal,2
1136598,MP Stoinis,23
1136598,RA Tripathi,11
1136598,S Gopal,24
1136598,SV Samson,28
1136599,AB de Villiers,5
1136599,AD Hales,5
1136599,B Kumar,1
1136599,C de Grandhomme,33
1136599,KS Williamson,56
1136599,M Vohra,8
1136599,MK Pandey,5
1136599,MM Ali,10
1136599,Mandeep Singh,21
1136599,PA Patel,20
1136599,Rashid Khan,1
1136599,S Dhawan,13
1136599,S Kaul,1
1136599,Sandeep Sharma,0
1136599,Shakib Al Hasan,35
1136599,V Kohli,39
1136599,WP Saha,8
1136599,YK Pathan,12
1136600,AD Nath,9
1136600,AJ Tye,1
1136600,AM Rahane,9
1136600,AR Patel,9
1136600,BA Stokes,14
1136600,CH Gayle,1
1136600,JC Archer,0
1136600,JC Buttler,82
1136600,JD Unadkat,0
1136600,K Gowtham,8
1136600,KK Nair,3
1136600,KL Rahul,95
1136600,MK Lomror,9
1136600,MK Tiwary,7
1136600,MP Stoinis,11
1136600,R Ashwin,0
1136600,STR Binny,11
1136600,SV Samson,22
1136601,AD Russell,2
1136601,BCJ Cutting,24
1136601,CA Lynn,21
1136601,E Lewis,18
1136601,HH Pandya,19
1136601,Ishan Kishan,62
1136601,KD Karthik,5
1136601,KH Pandya,8
1136601,Kuldeep Yadav,5
1136601,M Prasidh Krishna,1
1136601,N Rana,21
1136601,PP Chawla,11
1136601,RG Sharma,36
1136601,RK Singh,5
1136601,RV Uthappa,14
1136601,SA Yadav,36
1136601,SP Narine,4
1136601,TK Curran,18
1136602,AD Hales,14
1136602,GJ Maxwell,9
1136602,HV Patel,24
1136602,JJ Roy,11
1136602,KS Williamson,83
1136602,PP Shaw,9
1136602,RR Pant,128
1136602,S Dhawan,92
1136602,SS Iyer,3
1136603,AM Rahane,4
1136603,AT Rayudu,12
1136603,BA Stokes,11
1136603,DJ Bravo,1
1136603,JC Buttler,95
1136603,K Gowtham,13
1136603,MS Dhoni,33
1136603,P Chopra,8
1136603,SK Raina,52
1136603,SR Watson,39
1136603,STR Binny,22
1136603,SV Samson,21
1136603,SW Billings,27
1136604,AD Russell,31
1136604,AJ Finch,34
1136604,AJ Tye,14
1136604,AR Patel,19
1136604,BB Sran,1
1136604,CA Lynn,27
1136604,CH Gayle,21
1136604,JPR Scantlebury-Searles,6
1136604,KD Karthik,50
1136604,KK Nair,3
1136604,KL Rahul,66
1136604,MA Agarwal,0
1136604,MM Sharma,4
1136604,N Rana,11
1136604,R Ashwin,45
1136604,RV Uthappa,24
1136604,SP Narine,75
1136604,Shubman Gill,16
1136605,AB de Villiers,72
1136605,Abhishek Sharma,46
1136605,C de Grandhomme,3
1136605,JJ Roy,12
1136605,MM Ali,1
1136605,Mandeep Singh,13
1136605,PA Patel,6
1136605,PP Shaw,2
1136605,RR Pant,61
1136605,SN Khan,11
1136605,SS Iyer,32
1136605,V Kohli,70
1136605,V Shankar,21
1136606,AD Hales,2
1136606,AT Rayudu,100
1136606,DJ Hooda,21
1136606,KS Williamson,51
1136606,MK Pandey,5
1136606,MS Dhoni,20
1136606,S Dhawan,79
1136606,SK Raina,2
1136606,SR Watson,57
1136606,Shakib Al Hasan,8
1136607,AM Rahane,37
1136607,BCJ Cutting,10
1136607,DJM Short,4
1136607,E Lewis,60
1136607,HH Pandya,36
1136607,Ishan Kishan,12
1136607,JC Buttler,94
1136607,KH Pandya,3
1136607,RG Sharma,0
1136607,SA Yadav,38
1136607,SV Samson,26
1136608,AJ Finch,26
1136608,AJ Tye,0
1136608,AR Patel,9
1136608,AS Rajpoot,1
1136608,CH Gayle,18
1136608,KK Nair,1
1136608,KL Rahul,21
1136608,MA Agarwal,2
1136608,MM Sharma,3
1136608,MP Stoinis,2
1136608,PA Patel,40
1136608,R Ashwin,0
1136608,V Kohli,48
1136609,AD Russell,11
1136609,AM Rahane,11
1136609,Anureet Singh,3
1136609,BA Stokes,11
1136609,CA Lynn,45
1136609,IS Sodhi,1
1136609,JC Archer,6
1136609,JC Buttler,39
1136609,JD Unadkat,26
1136609,K Gowtham,3
1136609,KD Karthik,41
1136609,N Rana,21
1136609,RA Tripathi,27
1136609,RV Uthappa,4
1136609,SP Narine,21
1136609,STR Binny,1
1136609,SV Samson,12
1136610,AJ Finch,46
1136610,AR Patel,10
1136610,BCJ Cutting,4
1136610,CH Gayle,18
1136610,E Lewis,9
1136610,HH Pandya,9
1136610,Ishan Kishan,20
1136610,KA Pollard,50
1136610,KH Pandya,32
1136610,KL Rahul,94
1136610,M Markande,7
1136610,MJ McClenaghan,11
1136610,MK Tiwary,4
1136610,MP Stoinis,1
1136610,RG Sharma,6
1136610,SA Yadav,27
1136610,Yuvraj Singh,1
1136611,AB de Villiers,69
1136611,AD Hales,37
1136611,C de Grandhomme,40
1136611,DJ Hooda,1
1136611,KS Williamson,81
1136611,MK Pandey,62
1136611,MM Ali,65
1136611,Mandeep Singh,4
1136611,PA Patel,1
1136611,S Dhawan,18
1136611,SN Khan,22
1136611,TG Southee,1
1136611,V Kohli,12
1136612,AT Rayudu,50
1136612,Abhishek Sharma,2
1136612,DJ Bravo,1
1136612,DL Chahar,1
1136612,GJ Maxwell,5
1136612,HV Patel,36
1136612,MS Dhoni,17
1136612,PP Shaw,17
1136612,RA Jadeja,27
1136612,RR Pant,38
1136612,SK Raina,15
1136612,SR Watson,14
1136612,SS Iyer,19
1136612,SW Billings,1
1136612,V Shankar,36
1136613,AB de Villiers,53
1136613,AM Rahane,33
1136613,C de Grandhomme,2
1136613,H Klaasen,32
1136613,JC Archer,0
1136613,K Gowtham,14
1136613,MM Ali,1
1136613,Mandeep Singh,3
1136613,Mohammed Siraj,14
1136613,PA Patel,33
1136613,RA Tripathi,80
1136613,SN Khan,7
1136613,SV Samson,0
1136613,TG Southee,14
1136613,UT Yadav,0
1136613,V Kohli,4
1136613,YS Chahal,0
1136614,AD Russell,4
1136614,B Kumar,0
1136614,CA Lynn,55
1136614,CR Brathwaite,3
1136614,KD Karthik,26
1136614,KS Williamson,36
1136614,MK Pandey,25
1136614,N Rana,7
1136614,RV Uthappa,45
1136614,Rashid Khan,0
1136614,S Dhawan,50
1136614,SP Goswami,35
1136614,SP Narine,29
1136614,Shakib Al Hasan,10
1136614,YK Pathan,2
1136615,Abhishek Sharma,15
1136615,BCJ Cutting,37
1136615,E Lewis,48
1136615,GJ Maxwell,22
1136615,HH Pandya,27
1136615,Ishan Kishan,5
1136615,JJ Bumrah,0
1136615,KA Pollard,7
1136615,KH Pandya,4
1136615,M Markande,3
1136615,PP Shaw,12
1136615,RG Sharma,13
1136615,RR Pant,64
1136615,SA Yadav,12
1136615,SS Iyer,6
1136615,V Shankar,43
1136616,AJ Finch,4
1136616,AJ Tye,0
1136616,AR Patel,14
1136616,AS Rajpoot,2
1136616,AT Rayudu,1
1136616,CH Gayle,0
1136616,DA Miller,24
1136616,DL Chahar,39
1136616,F du Plessis,14
1136616,Harbhajan Singh,19
1136616,KK Nair,54
1136616,KL Rahul,7
1136616,MK Tiwary,35
1136616,MM Sharma,2
1136616,MS Dhoni,16
1136616,R Ashwin,0
1136616,SK Raina,61
1136616,SW Billings,0
1136617,AT Rayudu,0
1136617,B Kumar,7
1136617,CR Brathwaite,43
1136617,DJ Bravo,7
1136617,DL Chahar,10
1136617,F du Plessis,67
1136617,Harbhajan Singh,2
1136617,KS Williamson,24
1136617,MK Pandey,8
1136617,MS Dhoni,9
1136617,RA Jadeja,3
1136617,S Dhawan,0
1136617,SK Raina,22
1136617,SN Thakur,15
1136617,SP Goswami,12
1136617,SR Watson,0
1136617,Shakib Al Hasan,12
1136617,YK Pathan,24
1136618,AD Russell,49
1136618,AM Rahane,46
1136618,CA Lynn,18
1136618,H Klaasen,18
1136618,JPR Scantlebury-Searles,2
1136618,K Gowtham,9
1136618,KD Karthik,52
1136618,N Rana,3
1136618,RA Tripathi,20
1136618,RV Uthappa,3
1136618,SP Narine,4
1136618,STR Binny,0
1136618,SV Samson,50
1136618,Shubman Gill,28
1136619,AD Russell,3
1136619,B Kumar,5
1136619,CA Lynn,48
1136619,CR Brathwaite,8
1136619,DJ Hooda,19
1136619,KD Karthik,8
1136619,KS Williamson,3
1136619,Kuldeep Yadav,0
1136619,N Rana,22
1136619,PP Chawla,12
1136619,RV Uthappa,2
1136619,Rashid Khan,34
1136619,S Dhawan,34
1136619,SP Narine,26
1136619,Shakib Al Hasan,28
1136619,Shivam Mavi,6
1136619,Shubman Gill,30
1136619,WP Saha,35
1136619,YK Pathan,3
1136620,AT Rayudu,16
1136620,CR Brathwaite,21
1136620,DJ Hooda,3
1136620,F du Plessis,10
1136620,KS Williamson,47
1136620,S Dhawan,26
1136620,SK Raina,32
1136620,SP Goswami,5
1136620,SR Watson,117
1136620,Shakib Al Hasan,23
1136620,YK Pathan,45
1175356,AB de Villiers,9
1175356,AT Rayudu,28
1175356,C de Grandhomme,4
1175356,KM Jadhav,13
1175356,MM Ali,9
1175356,Mohammed Siraj,0
1175356,Navdeep Saini,2
1175356,PA Patel,29
1175356,RA Jadeja,6
1175356,S Dube,2
1175356,SK Raina,19
1175356,SO Hetmyer,0
1175356,SR Watson,0
1175356,UT Yadav,1
1175356,V Kohli,6
1175356,YS Chahal,4
1175357,AD Russell,49
1175357,CA Lynn,7
1175357,DA Warner,85
1175357,JM Bairstow,39
1175357,KD Karthik,2
1175357,MK Pandey,8
1175357,N Rana,68
1175357,RV Uthappa,35
1175357,Shubman Gill,18
1175357,V Shankar,40
1175357,YK Pathan,1
1175358,AR Patel,4
1175358,BCJ Cutting,3
1175358,CA Ingram,47
1175358,HH Pandya,0
1175358,KA Pollard,21
1175358,KH Pandya,32
1175358,KMA Paul,3
1175358,MJ McClenaghan,10
1175358,PP Shaw,7
1175358,Q de Kock,27
1175358,R Tewatia,9
1175358,RG Sharma,14
1175358,RR Pant,78
1175358,Rasikh Salam,5
1175358,S Dhawan,43
1175358,SA Yadav,2
1175358,SS Iyer,16
1175358,Yuvraj Singh,53
1175359,AM Rahane,27
1175359,BA Stokes,6
1175359,CH Gayle,79
1175359,DS Kulkarni,5
1175359,JC Archer,2
1175359,JC Buttler,69
1175359,JD Unadkat,1
1175359,K Gowtham,3
1175359,KL Rahul,4
1175359,MA Agarwal,22
1175359,Mandeep Singh,5
1175359,N Pooran,12
1175359,RA Tripathi,1
1175359,S Gopal,1
1175359,SN Khan,46
1175359,SPD Smith,20
1175359,SV Samson,30
1175360,AR Patel,9
1175360,AT Rayudu,5
1175360,CA Ingram,2
1175360,DJ Bravo,4
1175360,KM Jadhav,27
1175360,KMA Paul,0
1175360,MS Dhoni,32
1175360,PP Shaw,24
1175360,R Tewatia,11
1175360,RR Pant,25
1175360,S Dhawan,51
1175360,SK Raina,30
1175360,SR Watson,44
1175360,SS Iyer,18
1175361,AD Russell,48
1175361,CA Lynn,10
1175361,CH Gayle,20
1175361,DA Miller,59
1175361,KD Karthik,1
1175361,KL Rahul,1
1175361,MA Agarwal,58
1175361,Mandeep Singh,33
1175361,N Rana,63
1175361,RV Uthappa,67
1175361,SN Khan,13
1175361,SP Narine,24
1175362,AB de Villiers,70
1175362,C de Grandhomme,2
1175362,HH Pandya,32
1175362,JJ Bumrah,0
1175362,KA Pollard,5
1175362,KH Pandya,1
1175362,M Markande,6
1175362,MJ McClenaghan,1
1175362,MM Ali,13
1175362,PA Patel,31
1175362,Q de Kock,23
1175362,RG Sharma,48
1175362,S Dube,9
1175362,SA Yadav,38
1175362,SO Hetmyer,5
1175362,V Kohli,46
1175362,Yuvraj Singh,23
1175363,AM Rahane,70
1175363,BA Stokes,16
1175363,DA Warner,69
1175363,JC Buttler,5
1175363,JM Bairstow,45
1175363,KS Williamson,14
1175363,MK Pandey,1
1175363,Rashid Khan,15
1175363,SV Samson,102
1175363,V Shankar,35
1175363,YK Pathan,16
1175364,CH Gayle,40
1175364,DA Miller,15
1175364,HH Pandya,31
1175364,KA Pollard,7
1175364,KH Pandya,10
1175364,KL Rahul,71
1175364,MA Agarwal,43
1175364,MJ McClenaghan,0
1175364,Q de Kock,60
1175364,RG Sharma,32
1175364,SA Yadav,11
1175364,Yuvraj Singh,18
1175365,AD Russell,66
1175365,CA Ingram,10
1175365,CA Lynn,20
1175365,GH Vihari,2
1175365,KD Karthik,51
1175365,Kuldeep Yadav,10
1175365,N Rana,1
1175365,NS Naik,7
1175365,PP Chawla,12
1175365,PP Shaw,99
1175365,RR Pant,17
1175365,RV Uthappa,13
1175365,S Dhawan,16
1175365,SS Iyer,47
1175365,Shubman Gill,4
1175366,AB de Villiers,1
1175366,C de Grandhomme,37
1175366,DA Warner,100
1175366,JM Bairstow,114
1175366,MM Ali,2
1175366,Mohammed Siraj,3
1175366,P Ray Barman,19
1175366,PA Patel,11
1175366,S Dube,5
1175366,SO Hetmyer,9
1175366,UT Yadav,14
1175366,V Kohli,3
1175366,V Shankar,9
1175366,YK Pathan,6
1175366,YS Chahal,1
1175367,AM Rahane,0
1175367,AT Rayudu,1
1175367,BA Stokes,46
1175367,DJ Bravo,27
1175367,JC Archer,24
1175367,JC Buttler,6
1175367,K Gowtham,9
1175367,KM Jadhav,8
1175367,MS Dhoni,75
1175367,RA Jadeja,8
1175367,RA Tripathi,39
1175367,S Gopal,0
1175367,SK Raina,36
1175367,SPD Smith,28
1175367,SR Watson,13
1175367,SV Samson,8
1175368,Avesh Khan,4
1175368,CA Ingram,38
1175368,CH Morris,0
1175368,DA Miller,43
1175368,GC Viljoen,1
1175368,GH Vihari,2
1175368,HV Patel,0
1175368,K Rabada,0
1175368,KL Rahul,15
1175368,M Ashwin,1
1175368,MA Agarwal,6
1175368,Mandeep Singh,29
1175368,Mohammed Shami,0
1175368,PP Shaw,0
1175368,R Ashwin,3
1175368,RR Pant,39
1175368,S Dhawan,30
1175368,S Lamichhane,0
1175368,SM Curran,20
1175368,SN Khan,39
1175368,SS Iyer,28
1175369,AB de Villiers,13
1175369,AM Rahane,22
1175369,BA Stokes,1
1175369,JC Buttler,59
1175369,MM Ali,18
1175369,MP Stoinis,31
1175369,PA Patel,67
1175369,RA Tripathi,34
1175369,SO Hetmyer,1
1175369,SPD Smith,38
1175369,V Kohli,23
1175370,AT Rayudu,0
1175370,DJ Bravo,8
1175370,DL Chahar,7
1175370,HH Pandya,25
1175370,KA Pollard,17
1175370,KH Pandya,42
1175370,KM Jadhav,58
1175370,MM Sharma,0
1175370,MS Dhoni,12
1175370,Q de Kock,4
1175370,RA Jadeja,1
1175370,RG Sharma,13
1175370,SA Yadav,59
1175370,SK Raina,16
1175370,SN Thakur,12
1175370,SR Watson,5
1175370,Yuvraj Singh,4
1175371,AR Patel,23
1175371,CA Ingram,5
1175371,CH Morris,17
1175371,DA Warner,10
1175371,DJ Hooda,10
1175371,JM Bairstow,48
1175371,K Rabada,3
1175371,MK Pandey,10
1175371,Mohammad Nabi,17
1175371,PP Shaw,11
1175371,R Tewatia,5
1175371,RR Pant,5
1175371,S Dhawan,12
1175371,SS Iyer,43
1175371,V Shankar,16
1175371,YK Pathan,9
1175372,AB de Villiers,63
1175372,AD Russell,48
1175372,CA Lynn,43
1175372,KD Karthik,19
1175372,MM Ali,0
1175372,MP Stoinis,28
1175372,N Rana,37
1175372,PA Patel,25
1175372,RV Uthappa,33
1175372,SP Narine,10
1175372,Shubman Gill,3
1175372,V Kohli,84
1178393,AT Rayudu,21
1178393,CH Gayle,5
1178393,DA Miller,6
1178393,F du Plessis,54
1178393,KL Rahul,55
1178393,MA Agarwal,0
1178393,MS Dhoni,37
1178393,Mandeep Singh,1
1178393,SK Raina,17
1178393,SM Curran,0
1178393,SN Khan,67
1178393,SR Watson,26
1178394,B Kumar,2
1178394,DA Warner,15
1178394,DJ Hooda,20
1178394,HH Pandya,14
1178394,Ishan Kishan,17
1178394,JM Bairstow,16
1178394,KA Pollard,46
1178394,KH Pandya,6
1178394,MK Pandey,16
1178394,Mohammad Nabi,11
1178394,Q de Kock,19
1178394,RD Chahar,10
1178394,RG Sharma,11
1178394,Rashid Khan,0
1178394,S Kaul,0
1178394,SA Yadav,7
1178394,Sandeep Sharma,5
1178394,V Shankar,5
1178394,YK Pathan,0
1178395,AB de Villiers,17
1178395,AD Nath,19
1178395,AR Patel,4
1178395,CA Ingram,22
1178395,CH Morris,0
1178395,MM Ali,32
1178395,MP Stoinis,15
1178395,Mohammed Siraj,1
1178395,P Negi,0
1178395,PA Patel,9
1178395,PP Shaw,28
1178395,R Tewatia,1
1178395,RR Pant,18
1178395,S Dhawan,0
1178395,SS Iyer,67
1178395,TG Southee,9
1178395,V Kohli,41
1178395,YS Chahal,1
1178396,AM Rahane,5
1178396,BA Stokes,7
1178396,CA Lynn,50
1178396,JC Buttler,37
1178396,RA Tripathi,6
1178396,RV Uthappa,26
1178396,SP Narine,47
1178396,SPD Smith,73
1178396,Shubman Gill,6
1178397,CH Gayle,16
1178397,DA Miller,1
1178397,DA Warner,70
1178397,DJ Hooda,14
1178397,JM Bairstow,1
1178397,KL Rahul,71
1178397,MA Agarwal,55
1178397,MK Pandey,19
1178397,Mandeep Singh,2
1178397,Mohammad Nabi,12
1178397,SM Curran,5
1178397,V Shankar,26
1178398,AD Russell,50
1178398,AT Rayudu,21
1178398,CA Lynn,0
1178398,F du Plessis,43
1178398,HF Gurney,1
1178398,KD Karthik,19
1178398,KM Jadhav,8
1178398,Kuldeep Yadav,0
1178398,M Prasidh Krishna,0
1178398,N Rana,0
1178398,PP Chawla,8
1178398,RV Uthappa,11
1178398,SK Raina,14
1178398,SP Narine,6
1178398,SR Watson,17
1178398,Shubman Gill,9
1178399,AS Joseph,15
1178399,CH Gayle,63
1178399,DA Miller,7
1178399,HH Pandya,19
1178399,Ishan Kishan,7
1178399,KA Pollard,83
1178399,KH Pandya,1
1178399,KK Nair,5
1178399,KL Rahul,100
1178399,Mandeep Singh,7
1178399,Q de Kock,24
1178399,RD Chahar,1
1178399,SA Yadav,21
1178399,SD Lad,15
1178399,SM Curran,8
1178400,AM Rahane,14
1178400,AT Rayudu,57
1178400,BA Stokes,28
1178400,F du Plessis,7
1178400,JC Archer,13
1178400,JC Buttler,23
1178400,KM Jadhav,1
1178400,MJ Santner,10
1178400,MS Dhoni,58
1178400,R Parag,16
1178400,RA Jadeja,9
1178400,RA Tripathi,10
1178400,S Gopal,19
1178400,SK Raina,4
1178400,SPD Smith,15
1178400,SR Watson,0
1178400,SV Samson,6
1178401,AD Russell,45
1178401,CA Ingram,14
1178401,CR Brathwaite,6
1178401,JL Denly,0
1178401,KD Karthik,2
1178401,Kuldeep Yadav,2
1178401,N Rana,11
1178401,PP Chawla,14
1178401,PP Shaw,14
1178401,RR Pant,46
1178401,RV Uthappa,28
1178401,S Dhawan,97
1178401,SS Iyer,6
1178401,Shubman Gill,65
1178402,AM Rahane,37
1178402,HH Pandya,28
1178402,Ishan Kishan,5
1178402,JC Buttler,89
1178402,K Gowtham,0
1178402,KA Pollard,6
1178402,LS Livingstone,1
1178402,Q de Kock,81
1178402,RA Tripathi,1
1178402,RG Sharma,47
1178402,S Gopal,13
1178402,SA Yadav,16
1178402,SPD Smith,12
1178402,SV Samson,31
1178403,AB de Villiers,59
1178403,CH Gayle,99
1178403,KL Rahul,18
1178403,MA Agarwal,15
1178403,MP Stoinis,28
1178403,Mandeep Singh,18
1178403,PA Patel,19
1178403,SM Curran,1
1178403,SN Khan,15
1178403,V Kohli,67
1178404,AD Russell,10
1178404,AT Rayudu,5
1178404,CA Lynn,82
1178404,F du Plessis,24
1178404,KD Karthik,18
1178404,KM Jadhav,20
1178404,MS Dhoni,16
1178404,N Rana,21
1178404,PP Chawla,4
1178404,RA Jadeja,31
1178404,RV Uthappa,0
1178404,SK Raina,58
1178404,SP Narine,2
1178404,SR Watson,6
1178404,Shubman Gill,15
1178405,AR Patel,14
1178405,Abhishek Sharma,2
1178405,B Kumar,2
1178405,C Munro,40
1178405,CH Morris,4
1178405,DA Warner,51
1178405,DJ Hooda,3
1178405,JM Bairstow,41
1178405,K Rabada,2
1178405,KK Ahmed,0
1178405,KMA Paul,7
1178405,KS Williamson,3
1178405,PP Shaw,4
1178405,RK Bhui,7
1178405,RR Pant,23
1178405,Rashid Khan,0
1178405,S Dhawan,7
1178405,SS Iyer,45
1178405,Sandeep Sharma,1
1178405,V Shankar,1
1178406,AB de Villiers,75
1178406,AD Nath,2
1178406,HH Pandya,37
1178406,Ishan Kishan,21
1178406,KH Pandya,11
1178406,MM Ali,50
1178406,MP Stoinis,0
1178406,P Negi,0
1178406,PA Patel,28
1178406,Q de Kock,40
1178406,RG Sharma,28
1178406,SA Yadav,29
1178406,UT Yadav,0
1178406,V Kohli,8
1178407,AJ Turner,0
1178407,AM Rahane,26
1178407,CH Gayle,30
1178407,DA Miller,40
1178407,JC Archer,1
1178407,JC Buttler,23
1178407,KL Rahul,52
1178407,MA Agarwal,26
1178407,Mandeep Singh,0
1178407,Mujeeb Ur Rahman,0
1178407,N Pooran,5
1178407,R Ashwin,17
1178407,RA Tripathi,50
1178407,S Gopal,0
1178407,STR Binny,33
1178407,SV Samson,27
1178408,AT Rayudu,25
1178408,DA Warner,50
1178408,DJ Hooda,13
1178408,F du Plessis,45
1178408,JM Bairstow,61
1178408,KM Jadhav,1
1178408,KS Williamson,3
1178408,RA Jadeja,10
1178408,SK Raina,13
1178408,SR Watson,31
1178408,SW Billings,0
1178408,V Shankar,7
1178409,A Mishra,6
1178409,AR Patel,26
1178409,BCJ Cutting,2
1178409,C Munro,3
1178409,CH Morris,11
1178409,HH Pandya,32
1178409,K Rabada,9
1178409,KH Pandya,37
1178409,PP Shaw,20
1178409,Q de Kock,35
1178409,RG Sharma,30
1178409,RR Pant,7
1178409,S Dhawan,35
1178409,SA Yadav,26
1178409,SS Iyer,3
1178410,AD Nath,13
1178410,AD Russell,65
1178410,CA Lynn,1
1178410,MM Ali,66
1178410,MP Stoinis,17
1178410,N Rana,85
1178410,PA Patel,11
1178410,RV Uthappa,9
1178410,SP Narine,18
1178410,Shubman Gill,9
1178410,V Kohli,100
1178411,AJ Turner,0
1178411,AM Rahane,12
1178411,BA Stokes,0
1178411,BCJ Cutting,13
1178411,HH Pandya,23
1178411,KA Pollard,10
1178411,KH Pandya,2
1178411,Q de Kock,65
1178411,R Parag,43
1178411,RG Sharma,5
1178411,SA Yadav,34
1178411,SPD Smith,59
1178411,STR Binny,7
1178411,SV Samson,35
1178412,AR Patel,1
1178412,CA Ingram,19
1178412,CH Gayle,69
1178412,DA Miller,7
1178412,GC Viljoen,2
1178412,Harpreet Brar,20
1178412,KL Rahul,12
1178412,MA Agarwal,2
1178412,Mandeep Singh,30
1178412,PP Shaw,13
1178412,R Ashwin,16
1178412,RR Pant,6
1178412,S Dhawan,56
1178412,SE Rutherford,2
1178412,SM Curran,0
1178412,SS Iyer,58
1178413,AD Russell,15
1178413,CA Lynn,51
1178413,DA Warner,67
1178413,JM Bairstow,80
1178413,KC Cariappa,9
1178413,KD Karthik,6
1178413,KS Williamson,8
1178413,N Rana,11
1178413,PP Chawla,4
1178413,RK Singh,30
1178413,SP Narine,25
1178413,Shubman Gill,3
1178413,Y Prithvi Raj,0
1178414,AB de Villiers,25
1178414,AD Nath,24
1178414,AT Rayudu,29
1178414,DJ Bravo,5
1178414,F du Plessis,5
1178414,KM Jadhav,9
1178414,MM Ali,26
1178414,MP Stoinis,14
1178414,MS Dhoni,84
1178414,P Negi,5
1178414,PA Patel,53
1178414,RA Jadeja,11
1178414,SK Raina,0
1178414,SR Watson,5
1178414,UT Yadav,1
1178414,V Kohli,9
1178415,AJ Turner,0
1178415,AM Rahane,105
1178415,BA Stokes,8
1178415,CA Ingram,3
1178415,PP Shaw,42
1178415,R Parag,4
1178415,RR Pant,78
1178415,S Dhawan,54
1178415,SE Rutherford,11
1178415,SPD Smith,50
1178415,SS Iyer,4
1178415,STR Binny,19
1178416,AT Rayudu,21
1178416,DA Warner,57
1178416,F du Plessis,1
1178416,JM Bairstow,0
1178416,KM Jadhav,11
1178416,MK Pandey,83
1178416,SK Raina,38
1178416,SR Watson,96
1178416,V Shankar,26
1178416,YK Pathan,5
1178417,AB de Villiers,82
1178417,AD Nath,3
1178417,CH Gayle,23
1178417,DA Miller,24
1178417,GC Viljoen,0
1178417,KL Rahul,42
1178417,M Ashwin,1
1178417,MA Agarwal,35
1178417,MM Ali,4
1178417,MP Stoinis,46
1178417,Mandeep Singh,4
1178417,N Pooran,46
1178417,PA Patel,43
1178417,R Ashwin,6
1178417,V Kohli,13
1178418,AD Russell,14
1178418,AM Rahane,34
1178418,BA Stokes,11
1178418,CA Lynn,0
1178418,CR Brathwaite,5
1178418,JC Archer,27
1178418,JD Unadkat,0
1178418,KD Karthik,97
1178418,N Rana,21
1178418,R Parag,47
1178418,RK Singh,3
1178418,S Gopal,18
1178418,SP Narine,11
1178418,SPD Smith,2
1178418,STR Binny,11
1178418,SV Samson,22
1178418,Shubman Gill,14
1178419,AT Rayudu,0
1178419,DJ Bravo,20
1178419,DL Chahar,0
1178419,DR Shorey,5
1178419,E Lewis,32
1178419,HH Pandya,23
1178419,Harbhajan Singh,1
1178419,KA Pollard,13
1178419,KH Pandya,1
1178419,KM Jadhav,6
1178419,M Vijay,38
1178419,MJ Santner,22
1178419,Q de Kock,15
1178419,RG Sharma,67
1178419,SK Raina,2
1178419,SR Watson,8
1178420,AJ Turner,3
1178420,AM Rahane,39
1178420,B Kumar,1
1178420,DA Warner,37
1178420,DJ Hooda,0
1178420,KS Williamson,13
1178420,LS Livingstone,44
1178420,MK Pandey,61
1178420,Rashid Khan,17
1178420,SPD Smith,22
1178420,SV Samson,48
1178420,Shakib Al Hasan,9
1178420,V Shankar,8
1178420,WP Saha,5
1178421,AB de Villiers,17
1178421,AR Patel,16
1178421,CA Ingram,11
1178421,Gurkeerat Singh,27
1178421,H Klaasen,3
1178421,MP Stoinis,32
1178421,PA Patel,39
1178421,PP Shaw,18
1178421,RR Pant,7
1178421,S Dhawan,50
1178421,S Dube,24
1178421,SE Rutherford,28
1178421,SS Iyer,52
1178421,V Kohli,23
1178421,Washington Sundar,1
1178422,AD Russell,80
1178422,BB Sran,3
1178422,CA Lynn,54
1178422,E Lewis,15
1178422,HH Pandya,91
1178422,KA Pollard,20
1178422,KD Karthik,15
1178422,KH Pandya,24
1178422,Q de Kock,0
1178422,RD Chahar,1
1178422,RG Sharma,12
1178422,SA Yadav,26
1178422,Shubman Gill,76
1178423,Abhishek Sharma,5
1178423,CH Gayle,4
1178423,DA Miller,11
1178423,DA Warner,81
1178423,KL Rahul,79
1178423,KS Williamson,14
1178423,M Ashwin,1
1178423,MA Agarwal,27
1178423,MK Pandey,36
1178423,Mohammad Nabi,20
1178423,Mohammed Shami,1
1178423,Mujeeb Ur Rahman,0
1178423,N Pooran,21
1178423,P Simran Singh,16
1178423,R Ashwin,0
1178423,Rashid Khan,1
1178423,V Shankar,7
1178423,WP Saha,28
1178424,AB de Villiers,10
1178424,Gurkeerat Singh,6
1178424,H Klaasen,6
1178424,LS Livingstone,11
1178424,MP Stoinis,0
1178424,Navdeep Saini,0
1178424,P Negi,4
1178424,PA Patel,8
1178424,SV Samson,28
1178424,V Kohli,25
1178425,A Mishra,8
1178425,AR Patel,9
1178425,AT Rayudu,5
1178425,CA Ingram,1
1178425,CH Morris,0
1178425,F du Plessis,39
1178425,J Suchith,6
1178425,MS Dhoni,44
1178425,PP Shaw,4
1178425,RA Jadeja,25
1178425,RR Pant,5
1178425,S Dhawan,19
1178425,SE Rutherford,2
1178425,SK Raina,59
1178425,SR Watson,0
1178425,SS Iyer,44
1178425,TA Boult,1
1178426,Abhishek Sharma,2
1178426,E Lewis,1
1178426,HH Pandya,25
1178426,KA Pollard,12
1178426,KH Pandya,9
1178426,KS Williamson,3
1178426,MJ Guptill,16
1178426,MK Pandey,72
1178426,Mohammad Nabi,37
1178426,Q de Kock,69
1178426,RG Sharma,24
1178426,SA Yadav,23
1178426,V Shankar,12
1178426,WP Saha,25
1178427,AD Russell,24
1178427,AJ Tye,0
1178427,CA Lynn,46
1178427,CH Gayle,14
1178427,KD Karthik,21
1178427,KL Rahul,2
1178427,MA Agarwal,36
1178427,Mandeep Singh,25
1178427,N Pooran,48
1178427,R Ashwin,0
1178427,RV Uthappa,22
1178427,SM Curran,55
1178427,Shubman Gill,65
1178428,AM Rahane,2
1178428,AR Patel,1
1178428,CA Ingram,12
1178428,IS Sodhi,6
1178428,K Gowtham,6
1178428,LS Livingstone,14
1178428,MK Lomror,8
1178428,PP Shaw,8
1178428,R Parag,50
1178428,RR Pant,53
1178428,S Dhawan,16
1178428,S Gopal,12
1178428,SE Rutherford,11
1178428,SS Iyer,15
1178428,STR Binny,0
1178428,SV Samson,5
1178428,VR Aaron,3
1178429,AB de Villiers,1
1178429,B Kumar,7
1178429,C de Grandhomme,3
1178429,Gurkeerat Singh,65
1178429,KS Williamson,70
1178429,MJ Guptill,30
1178429,MK Pandey,9
1178429,Mohammad Nabi,4
1178429,PA Patel,0
1178429,Rashid Khan,1
1178429,SO Hetmyer,75
1178429,UT Yadav,9
1178429,V Kohli,16
1178429,V Shankar,27
1178429,WP Saha,20
1178429,Washington Sundar,0
1178429,YK Pathan,3
1178430,AT Rayudu,1
1178430,CH Gayle,28
1178430,DJ Bravo,1
1178430,F du Plessis,96
1178430,KL Rahul,71
1178430,KM Jadhav,0
1178430,MA Agarwal,7
1178430,MS Dhoni,10
1178430,Mandeep Singh,11
1178430,N Pooran,36
1178430,SK Raina,53
1178430,SM Curran,6
1178430,SR Watson,7
1178431,AD Russell,0
1178431,CA Lynn,41
1178431,KD Karthik,3
1178431,N Rana,26
1178431,Q de Kock,30
1178431,RG Sharma,55
1178431,RK Singh,4
1178431,RV Uthappa,40
1178431,SA Yadav,46
1178431,Shubman Gill,9
1181764,AT Rayudu,42
1181764,F du Plessis,6
1181764,HH Pandya,13
1181764,Ishan Kishan,28
1181764,KH Pandya,0
1181764,M Vijay,26
1181764,MS Dhoni,37
1181764,Q de Kock,8
1181764,RG Sharma,4
1181764,SA Yadav,71
1181764,SK Raina,5
1181764,SR Watson,10
1181766,A Mishra,1
1181766,AR Patel,0
1181766,Basil Thampi,1
1181766,C Munro,14
1181766,DJ Hooda,4
1181766,KMA Paul,5
1181766,KS Williamson,28
1181766,MJ Guptill,36
1181766,MK Pandey,30
1181766,Mohammad Nabi,20
1181766,PP Shaw,56
1181766,RR Pant,49
1181766,Rashid Khan,0
1181766,S Dhawan,17
1181766,SE Rutherford,9
1181766,SS Iyer,8
1181766,V Shankar,25
1181766,WP Saha,8
1181767,A Mishra,6
1181767,AR Patel,3
1181767,AT Rayudu,20
1181767,C Munro,27
1181767,DJ Bravo,0
1181767,F du Plessis,50
1181767,I Sharma,10
1181767,KMA Paul,3
1181767,MS Dhoni,9
1181767,PP Shaw,5
1181767,RR Pant,38
1181767,S Dhawan,18
1181767,SE Rutherford,10
1181767,SK Raina,11
1181767,SR Watson,50
1181767,SS Iyer,13
1181767,TA Boult,6
1181768,AT Rayudu,1
1181768,DJ Bravo,15
1181768,F du Plessis,26
1181768,HH Pandya,16
1181768,Ishan Kishan,23
1181768,KA Pollard,41
1181768,KH Pandya,7
1181768,MJ McClenaghan,0
1181768,MS Dhoni,2
1181768,Q de Kock,29
1181768,RA Jadeja,5
1181768,RD Chahar,0
1181768,RG Sharma,15
1181768,SA Yadav,15
1181768,SK Raina,8
1181768,SN Thakur,2
1181768,SR Watson,80
1216492,AT Rayudu,71
1216492,F du Plessis,58
1216492,HH Pandya,14
1216492,JJ Bumrah,5
1216492,JL Pattinson,11
1216492,KA Pollard,18
1216492,KH Pandya,3
1216492,M Vijay,1
1216492,MS Dhoni,0
1216492,Q de Kock,33
1216492,RA Jadeja,10
1216492,RD Chahar,2
1216492,RG Sharma,12
1216492,SA Yadav,17
1216492,SM Curran,18
1216492,SR Watson,4
1216492,SS Tiwary,42
1216492,TA Boult,0
1216493,A Nortje,3
1216493,AR Patel,6
1216493,CJ Jordan,5
1216493,GJ Maxwell,1
1216493,K Gowtham,20
1216493,KK Nair,1
1216493,KL Rahul,23
1216493,MA Agarwal,89
1216493,MP Stoinis,53
1216493,N Pooran,0
1216493,PP Shaw,5
1216493,R Ashwin,4
1216493,RR Pant,33
1216493,S Dhawan,0
1216493,SN Khan,12
1216493,SO Hetmyer,7
1216493,SS Iyer,39
1216494,AJ Finch,16
1216494,D Padikkal,25
1216494,EJG Morgan,30
1216494,Gurkeerat Singh,21
1216494,KD Karthik,4
1216494,Kuldeep Yadav,12
1216494,LH Ferguson,19
1216494,N Rana,0
1216494,PJ Cummins,4
1216494,RA Tripathi,1
1216494,Shubman Gill,1
1216494,T Banton,10
1216494,V Kohli,18
1216495,DA Warner,85
1216495,DS Kulkarni,3
1216495,Ishan Kishan,33
1216495,JL Pattinson,4
1216495,KA Pollard,41
1216495,KH Pandya,0
1216495,NM Coulter-Nile,1
1216495,Q de Kock,25
1216495,RG Sharma,4
1216495,SA Yadav,36
1216495,SS Tiwary,1
1216495,WP Saha,58
1216496,F du Plessis,72
1216496,JC Archer,27
1216496,KM Jadhav,22
1216496,M Vijay,21
1216496,MS Dhoni,29
1216496,R Parag,6
1216496,R Tewatia,10
1216496,RA Jadeja,1
1216496,RD Gaikwad,0
1216496,RV Uthappa,5
1216496,SM Curran,17
1216496,SPD Smith,69
1216496,SR Watson,33
1216496,SV Samson,74
1216496,TK Curran,10
1216496,YBK Jaiswal,6
1216497,AM Rahane,0
1216497,AR Patel,9
1216497,EJG Morgan,17
1216497,K Rabada,9
1216497,KD Karthik,3
1216497,MP Stoinis,6
1216497,N Rana,81
1216497,R Ashwin,14
1216497,RA Tripathi,13
1216497,RR Pant,27
1216497,S Dhawan,6
1216497,SO Hetmyer,10
1216497,SP Narine,64
1216497,SS Iyer,47
1216497,Shubman Gill,9
1216497,TU Deshpande,1
1216498,Abdul Samad,7
1216498,CH Gayle,20
1216498,CJ Jordan,7
1216498,DA Warner,35
1216498,DJ Hooda,0
1216498,GJ Maxwell,12
1216498,JM Bairstow,19
1216498,JO Holder,5
1216498,KK Ahmed,0
1216498,KL Rahul,27
1216498,M Ashwin,4
1216498,MK Pandey,15
1216498,Mandeep Singh,17
1216498,N Pooran,32
1216498,PK Garg,3
1216498,Rashid Khan,0
1216498,Sandeep Sharma,0
1216498,V Shankar,26
1216499,AB de Villiers,15
1216499,CH Morris,4
1216499,D Padikkal,74
1216499,Gurkeerat Singh,14
1216499,HH Pandya,17
1216499,Ishan Kishan,25
1216499,JR Philippe,33
1216499,KA Pollard,4
1216499,KH Pandya,10
1216499,Q de Kock,18
1216499,S Dube,2
1216499,SA Yadav,79
1216499,SS Tiwary,5
1216499,V Kohli,9
1216499,Washington Sundar,10
1216500,AJ Tye,6
1216500,AR Patel,17
1216500,HV Patel,16
1216500,JC Archer,2
1216500,JC Buttler,13
1216500,K Rabada,2
1216500,Kartik Tyagi,2
1216500,MK Lomror,1
1216500,MP Stoinis,39
1216500,PP Shaw,19
1216500,R Ashwin,0
1216500,R Tewatia,38
1216500,RR Pant,5
1216500,S Dhawan,5
1216500,S Gopal,2
1216500,SO Hetmyer,45
1216500,SPD Smith,24
1216500,SS Iyer,22
1216500,SV Samson,5
1216500,VR Aaron,1
1216500,YBK Jaiswal,34
1216501,AD Russell,2
1216501,AT Rayudu,30
1216501,CV Varun,1
1216501,EJG Morgan,7
1216501,F du Plessis,17
1216501,KD Karthik,12
1216501,KL Nagarkoti,0
1216501,KM Jadhav,7
1216501,MS Dhoni,11
1216501,N Rana,9
1216501,PJ Cummins,17
1216501,RA Jadeja,21
1216501,RA Tripathi,81
1216501,SM Curran,17
1216501,SP Narine,17
1216501,SR Watson,50
1216501,Shivam Mavi,0
1216501,Shubman Gill,11
1216502,AB de Villiers,24
1216502,Abhishek Sharma,8
1216502,CH Morris,3
1216502,D Padikkal,5
1216502,DA Warner,8
1216502,Gurkeerat Singh,15
1216502,I Udana,0
1216502,JO Holder,26
1216502,JR Philippe,32
1216502,KS Williamson,8
1216502,MK Pandey,26
1216502,Mohammed Siraj,2
1216502,V Kohli,7
1216502,WP Saha,39
1216502,Washington Sundar,21
1216503,GJ Maxwell,11
1216503,HH Pandya,30
1216503,Ishan Kishan,28
1216503,JDS Neesham,7
1216503,K Gowtham,22
1216503,KA Pollard,47
1216503,KK Nair,0
1216503,KL Rahul,17
1216503,MA Agarwal,25
1216503,Mohammed Shami,2
1216503,N Pooran,44
1216503,Q de Kock,0
1216503,RG Sharma,70
1216503,Ravi Bishnoi,1
1216503,SA Yadav,10
1216503,SN Khan,7
1216504,AD Russell,24
1216504,AS Rajpoot,7
1216504,EJG Morgan,34
1216504,JC Archer,6
1216504,JC Buttler,21
1216504,JD Unadkat,9
1216504,KD Karthik,1
1216504,KL Nagarkoti,8
1216504,N Rana,22
1216504,PJ Cummins,12
1216504,R Parag,1
1216504,R Tewatia,14
1216504,RV Uthappa,2
1216504,S Gopal,5
1216504,SP Narine,15
1216504,SPD Smith,3
1216504,SV Samson,8
1216504,Shubman Gill,47
1216504,TK Curran,54
1216505,AB de Villiers,35
1216505,AM Rahane,60
1216505,CH Morris,0
1216505,D Padikkal,50
1216505,I Udana,4
1216505,JR Philippe,12
1216505,MP Stoinis,10
1216505,PP Shaw,9
1216505,RR Pant,8
1216505,S Dhawan,54
1216505,S Dube,17
1216505,SS Iyer,7
1216505,Shahbaz Ahmed,1
1216505,V Kohli,29
1216505,Washington Sundar,0
1216506,AT Rayudu,30
1216506,CH Gayle,12
1216506,CJ Jordan,4
1216506,DJ Hooda,62
1216506,F du Plessis,48
1216506,JDS Neesham,2
1216506,KL Rahul,29
1216506,MA Agarwal,26
1216506,Mandeep Singh,14
1216506,N Pooran,2
1216506,RD Gaikwad,62
1216507,BA Stokes,5
1216507,DA Warner,48
1216507,JC Buttler,16
1216507,JM Bairstow,16
1216507,KS Williamson,22
1216507,MK Pandey,54
1216507,PK Garg,15
1216507,R Parag,42
1216507,R Tewatia,45
1216507,RV Uthappa,18
1216507,SPD Smith,5
1216507,SV Samson,26
1216508,AD Russell,11
1216508,EJG Morgan,16
1216508,HH Pandya,18
1216508,KA Pollard,13
1216508,KD Karthik,30
1216508,KH Pandya,1
1216508,Kuldeep Yadav,1
1216508,N Rana,24
1216508,NS Naik,1
1216508,PJ Cummins,33
1216508,Q de Kock,1
1216508,RG Sharma,80
1216508,SA Yadav,47
1216508,SP Narine,9
1216508,SS Tiwary,21
1216508,Shivam Mavi,9
1216508,Shubman Gill,7
1216509,AM Rahane,8
1216509,AR Patel,21
1216509,AT Carey,4
1216509,AT Rayudu,45
1216509,F du Plessis,58
1216509,MP Stoinis,24
1216509,MS Dhoni,3
1216509,PP Shaw,0
1216509,RA Jadeja,33
1216509,S Dhawan,101
1216509,SM Curran,0
1216509,SR Watson,36
1216509,SS Iyer,23
1216510,AB de Villiers,28
1216510,AJ Finch,20
1216510,D Padikkal,1
1216510,DW Steyn,1
1216510,GJ Maxwell,5
1216510,JR Philippe,0
1216510,KK Nair,15
1216510,KL Rahul,132
1216510,MA Agarwal,26
1216510,N Pooran,17
1216510,Navdeep Saini,6
1216510,S Dube,12
1216510,UT Yadav,0
1216510,V Kohli,1
1216510,Washington Sundar,30
1216510,YS Chahal,1
1216511,AS Rajpoot,2
1216511,HH Pandya,30
1216511,Ishan Kishan,0
1216511,JC Archer,24
1216511,JC Buttler,70
1216511,KH Pandya,12
1216511,MK Lomror,11
1216511,Q de Kock,23
1216511,R Tewatia,5
1216511,RG Sharma,35
1216511,S Gopal,1
1216511,SA Yadav,79
1216511,SPD Smith,6
1216511,SV Samson,0
1216511,TK Curran,15
1216511,YBK Jaiswal,0
1216512,AD Russell,9
1216512,Abdul Samad,25
1216512,DA Warner,47
1216512,EJG Morgan,35
1216512,JM Bairstow,36
1216512,KD Karthik,29
1216512,KS Williamson,29
1216512,MK Pandey,6
1216512,N Rana,29
1216512,PK Garg,4
1216512,RA Tripathi,23
1216512,Rashid Khan,1
1216512,Shubman Gill,36
1216512,V Shankar,7
1216513,F du Plessis,87
1216513,GJ Maxwell,11
1216513,KL Rahul,63
1216513,MA Agarwal,26
1216513,Mandeep Singh,27
1216513,N Pooran,33
1216513,SN Khan,14
1216513,SR Watson,83
1216514,AB de Villiers,12
1216514,AJ Finch,8
1216514,D Padikkal,63
1216514,JC Archer,16
1216514,JC Buttler,22
1216514,MK Lomror,47
1216514,R Parag,16
1216514,R Tewatia,24
1216514,RV Uthappa,17
1216514,SPD Smith,5
1216514,SV Samson,4
1216514,V Kohli,72
1216515,AD Russell,13
1216515,EJG Morgan,44
1216515,KD Karthik,6
1216515,KL Nagarkoti,3
1216515,MP Stoinis,1
1216515,N Rana,58
1216515,PJ Cummins,5
1216515,PP Shaw,66
1216515,RA Tripathi,36
1216515,RR Pant,38
1216515,S Dhawan,26
1216515,SO Hetmyer,7
1216515,SP Narine,3
1216515,SS Iyer,88
1216515,Shivam Mavi,1
1216515,Shubman Gill,28
1216516,AT Rayudu,8
1216516,Abdul Samad,8
1216516,Abhishek Sharma,31
1216516,DA Warner,28
1216516,F du Plessis,22
1216516,JM Bairstow,0
1216516,KM Jadhav,3
1216516,KS Williamson,9
1216516,MK Pandey,29
1216516,MS Dhoni,47
1216516,PK Garg,51
1216516,RA Jadeja,50
1216516,SM Curran,15
1216516,SR Watson,1
1216517,CH Gayle,31
1216517,CJ Jordan,13
1216517,DJ Hooda,24
1216517,GJ Maxwell,0
1216517,HH Pandya,9
1216517,Ishan Kishan,7
1216517,KA Pollard,42
1216517,KH Pandya,34
1216517,KL Rahul,81
1216517,MA Agarwal,19
1216517,N Pooran,24
1216517,NM Coulter-Nile,24
1216517,Q de Kock,56
1216517,RG Sharma,11
1216517,SA Yadav,0
1216518,BA Stokes,30
1216518,DA Warner,4
1216518,JC Archer,16
1216518,JC Buttler,9
1216518,JM Bairstow,10
1216518,MK Pandey,83
1216518,R Parag,20
1216518,R Tewatia,2
1216518,RV Uthappa,19
1216518,SPD Smith,19
1216518,SV Samson,36
1216518,V Shankar,52
1216519,AB de Villiers,9
1216519,AJ Finch,13
1216519,D Padikkal,4
1216519,I Udana,1
1216519,MM Ali,11
1216519,MP Stoinis,53
1216519,Mohammed Siraj,5
1216519,Navdeep Saini,12
1216519,PP Shaw,42
1216519,RR Pant,37
1216519,S Dhawan,32
1216519,S Dube,11
1216519,SO Hetmyer,11
1216519,SS Iyer,11
1216519,V Kohli,43
1216519,Washington Sundar,17
1216519,YS Chahal,0
1216520,CH Gayle,51
1216520,CV Varun,2
1216520,EJG Morgan,40
1216520,KD Karthik,0
1216520,KL Nagarkoti,6
1216520,KL Rahul,28
1216520,LH Ferguson,24
1216520,M Prasidh Krishna,0
1216520,Mandeep Singh,66
1216520,N Pooran,2
1216520,N Rana,0
1216520,PJ Cummins,1
1216520,RA Tripathi,7
1216520,SP Narine,6
1216520,Shubman Gill,57
1216521,AT Rayudu,2
1216521,DL Chahar,0
1216521,F du Plessis,1
1216521,Imran Tahir,13
1216521,Ishan Kishan,68
1216521,MS Dhoni,16
1216521,N Jagadeesan,0
1216521,Q de Kock,46
1216521,RA Jadeja,7
1216521,RD Gaikwad,0
1216521,SM Curran,52
1216521,SN Thakur,11
1216522,AB de Villiers,55
1216522,AJ Finch,14
1216522,BA Stokes,15
1216522,D Padikkal,35
1216522,Gurkeerat Singh,19
1216522,JC Archer,2
1216522,JC Buttler,24
1216522,R Tewatia,19
1216522,RV Uthappa,41
1216522,SPD Smith,57
1216522,SV Samson,9
1216522,V Kohli,43
1216523,AD Russell,5
1216523,EJG Morgan,24
1216523,GJ Maxwell,10
1216523,KD Karthik,58
1216523,KL Rahul,74
1216523,MA Agarwal,56
1216523,Mandeep Singh,0
1216523,N Pooran,16
1216523,N Rana,2
1216523,P Simran Singh,4
1216523,PJ Cummins,5
1216523,RA Tripathi,4
1216523,Shubman Gill,57
1216524,A Nortje,1
1216524,AM Rahane,26
1216524,AR Patel,1
1216524,DA Warner,66
1216524,K Rabada,3
1216524,KS Williamson,11
1216524,MK Pandey,44
1216524,MP Stoinis,5
1216524,R Ashwin,7
1216524,RR Pant,36
1216524,S Dhawan,0
1216524,SO Hetmyer,16
1216524,SS Iyer,7
1216524,TU Deshpande,20
1216524,WP Saha,87
1216525,AB de Villiers,0
1216525,AJ Finch,2
1216525,AT Rayudu,42
1216525,D Padikkal,33
1216525,DJ Bravo,7
1216525,DL Chahar,5
1216525,F du Plessis,8
1216525,MS Dhoni,10
1216525,N Jagadeesan,33
1216525,RA Jadeja,7
1216525,S Dube,22
1216525,SM Curran,0
1216525,SN Thakur,1
1216525,SR Watson,14
1216525,V Kohli,90
1216525,Washington Sundar,10
1216526,AD Russell,12
1216526,EJG Morgan,39
1216526,HH Pandya,21
1216526,KD Karthik,4
1216526,N Rana,5
1216526,PJ Cummins,53
1216526,Q de Kock,78
1216526,RA Tripathi,7
1216526,RG Sharma,35
1216526,SA Yadav,10
1216526,Shubman Gill,21
1216527,GJ Maxwell,13
1216527,JC Archer,13
1216527,JC Buttler,4
1216527,KL Rahul,69
1216527,MA Agarwal,106
1216527,N Pooran,25
1216527,R Parag,0
1216527,R Tewatia,53
1216527,RV Uthappa,9
1216527,SPD Smith,50
1216527,SV Samson,85
1216527,TK Curran,4
1216528,AT Rayudu,41
1216528,DA Warner,9
1216528,DJ Bravo,0
1216528,DL Chahar,2
1216528,F du Plessis,0
1216528,JM Bairstow,23
1216528,KS Williamson,57
1216528,MK Pandey,4
1216528,MS Dhoni,21
1216528,PK Garg,16
1216528,RA Jadeja,25
1216528,Rashid Khan,14
1216528,S Nadeem,5
1216528,SM Curran,31
1216528,SR Watson,42
1216528,Sandeep Sharma,1
1216528,T Natarajan,0
1216528,V Shankar,12
1216529,AM Rahane,15
1216529,AT Carey,14
1216529,HH Pandya,0
1216529,Ishan Kishan,28
1216529,KA Pollard,11
1216529,KH Pandya,12
1216529,MP Stoinis,13
1216529,PP Shaw,4
1216529,Q de Kock,53
1216529,RG Sharma,5
1216529,S Dhawan,69
1216529,SA Yadav,53
1216529,SS Iyer,42
1216530,AD Russell,25
1216530,BA Stokes,18
1216530,EJG Morgan,68
1216530,JC Archer,6
1216530,JC Buttler,35
1216530,KD Karthik,0
1216530,KL Nagarkoti,1
1216530,Kartik Tyagi,2
1216530,N Rana,0
1216530,PJ Cummins,15
1216530,R Parag,0
1216530,R Tewatia,31
1216530,RA Tripathi,39
1216530,RV Uthappa,6
1216530,S Gopal,23
1216530,SP Narine,0
1216530,SPD Smith,4
1216530,SV Samson,1
1216530,Shubman Gill,36
1216530,VR Aaron,0
1216531,AB de Villiers,2
1216531,AJ Finch,20
1216531,CH Gayle,53
1216531,CH Morris,25
1216531,D Padikkal,18
1216531,I Udana,10
1216531,KL Rahul,61
1216531,MA Agarwal,45
1216531,N Pooran,6
1216531,S Dube,23
1216531,V Kohli,48
1216531,Washington Sundar,13
1216532,A Nortje,3
1216532,AR Patel,5
1216532,Abdul Samad,12
1216532,Abhishek Sharma,1
1216532,DA Warner,45
1216532,JM Bairstow,53
1216532,K Rabada,15
1216532,KS Williamson,41
1216532,MK Pandey,3
1216532,MP Stoinis,11
1216532,PP Shaw,2
1216532,RR Pant,28
1216532,S Dhawan,34
1216532,SO Hetmyer,21
1216532,SS Iyer,17
1216533,AT Rayudu,13
1216533,BA Stokes,19
1216533,F du Plessis,10
1216533,JC Buttler,70
1216533,KM Jadhav,4
1216533,MS Dhoni,28
1216533,RA Jadeja,35
1216533,RV Uthappa,4
1216533,SM Curran,22
1216533,SPD Smith,26
1216533,SR Watson,8
1216533,SV Samson,0
1216534,AB de Villiers,51
1216534,AJ Finch,29
1216534,Abhishek Sharma,7
1216534,B Kumar,0
1216534,D Padikkal,56
1216534,DA Warner,6
1216534,JM Bairstow,61
1216534,JR Philippe,1
1216534,MK Pandey,34
1216534,MR Marsh,0
1216534,PK Garg,12
1216534,Rashid Khan,6
1216534,S Dube,7
1216534,Sandeep Sharma,9
1216534,T Natarajan,3
1216534,V Kohli,14
1216534,V Shankar,0
1216535,HV Patel,5
1216535,Ishan Kishan,72
1216535,K Rabada,12
1216535,MP Stoinis,2
1216535,P Dubey,7
1216535,PP Shaw,10
1216535,Q de Kock,26
1216535,R Ashwin,12
1216535,RR Pant,21
1216535,S Dhawan,0
1216535,SA Yadav,12
1216535,SO Hetmyer,11
1216535,SS Iyer,25
1216536,AT Rayudu,38
1216536,EJG Morgan,15
1216536,KD Karthik,21
1216536,MS Dhoni,1
1216536,N Rana,87
1216536,RA Jadeja,31
1216536,RA Tripathi,3
1216536,RD Gaikwad,72
1216536,RK Singh,11
1216536,SM Curran,13
1216536,SP Narine,7
1216536,SR Watson,14
1216536,Shubman Gill,26
1216537,BA Stokes,50
1216537,CH Gayle,99
1216537,DJ Hooda,1
1216537,GJ Maxwell,6
1216537,JC Buttler,22
1216537,KL Rahul,46
1216537,Mandeep Singh,0
1216537,N Pooran,22
1216537,RV Uthappa,30
1216537,SPD Smith,31
1216537,SV Samson,48
1216538,Abdul Samad,20
1216538,Abhishek Sharma,10
1216538,DA Warner,60
1216538,HH Pandya,28
1216538,Ishan Kishan,31
1216538,JM Bairstow,25
1216538,KA Pollard,25
1216538,KH Pandya,20
1216538,KS Williamson,3
1216538,MK Pandey,30
1216538,PK Garg,8
1216538,Q de Kock,67
1216538,RG Sharma,6
1216538,Rashid Khan,3
1216538,SA Yadav,27
1216538,Sandeep Sharma,0
1216539,F du Plessis,43
1216539,KM Jadhav,26
1216539,M Vijay,10
1216539,MP Stoinis,5
1216539,MS Dhoni,15
1216539,PP Shaw,64
1216539,RA Jadeja,12
1216539,RD Gaikwad,5
1216539,RR Pant,37
1216539,S Dhawan,35
1216539,SM Curran,1
1216539,SR Watson,14
1216539,SS Iyer,26
1216540,AB de Villiers,73
1216540,AD Russell,16
1216540,AJ Finch,47
1216540,CV Varun,7
1216540,D Padikkal,32
1216540,EJG Morgan,8
1216540,KD Karthik,1
1216540,KL Nagarkoti,4
1216540,M Prasidh Krishna,2
1216540,N Rana,9
1216540,PJ Cummins,1
1216540,RA Tripathi,16
1216540,Shubman Gill,34
1216540,T Banton,8
1216540,V Kohli,33
1216541,BA Stokes,107
1216541,HH Pandya,60
1216541,Ishan Kishan,37
1216541,KA Pollard,6
1216541,KH Pandya,3
1216541,Q de Kock,6
1216541,RV Uthappa,13
1216541,SA Yadav,40
1216541,SPD Smith,11
1216541,SS Tiwary,34
1216541,SV Samson,54
1216542,Abdul Samad,8
1216542,Abhishek Sharma,12
1216542,Arshdeep Singh,0
1216542,DA Warner,52
1216542,GJ Maxwell,7
1216542,JM Bairstow,97
1216542,KL Rahul,11
1216542,KS Williamson,20
1216542,MA Agarwal,9
1216542,MK Pandey,1
1216542,Mandeep Singh,6
1216542,Mohammed Shami,0
1216542,Mujeeb Ur Rahman,1
1216542,N Pooran,77
1216542,P Simran Singh,11
1216542,PK Garg,0
1216542,Ravi Bishnoi,6
1216542,SS Cottrell,0
1216543,AM Rahane,2
1216543,AR Patel,7
1216543,AT Carey,14
1216543,BA Stokes,41
1216543,JC Archer,1
1216543,JC Buttler,22
1216543,MP Stoinis,18
1216543,PP Shaw,0
1216543,R Parag,1
1216543,R Tewatia,14
1216543,RV Uthappa,32
1216543,S Dhawan,57
1216543,S Gopal,6
1216543,SPD Smith,1
1216543,SS Iyer,53
1216543,SV Samson,25
1216544,AB de Villiers,39
1216544,AJ Finch,15
1216544,AT Rayudu,39
1216544,CH Morris,2
1216544,D Padikkal,22
1216544,F du Plessis,25
1216544,Gurkeerat Singh,2
1216544,MM Ali,1
1216544,MS Dhoni,19
1216544,RD Gaikwad,65
1216544,V Kohli,50
1216544,Washington Sundar,5
1216545,Abhishek Sharma,2
1216545,DA Warner,36
1216545,EJG Morgan,42
1216545,JM Bairstow,5
1216545,KD Karthik,0
1216545,MK Pandey,51
1216545,Mohammad Nabi,11
1216545,N Rana,26
1216545,SP Narine,0
1216545,Shubman Gill,70
1216545,WP Saha,30
1216546,CH Gayle,29
1216546,DJ Hooda,15
1216546,GJ Maxwell,32
1216546,JDS Neesham,10
1216546,KL Rahul,15
1216546,MA Agarwal,5
1216546,MP Stoinis,9
1216546,N Pooran,53
1216546,PP Shaw,7
1216546,RR Pant,14
1216546,S Dhawan,106
1216546,SO Hetmyer,10
1216546,SS Iyer,14
1216547,AB de Villiers,61
1216547,AJ Finch,52
1216547,D Padikkal,54
1216547,HH Pandya,16
1216547,Ishan Kishan,99
1216547,KA Pollard,65
1216547,Q de Kock,14
1216547,RG Sharma,8
1216547,S Dube,27
1216547,SA Yadav,0
1216547,V Kohli,8
1237177,AM Rahane,0
1237177,AR Patel,42
1237177,DR Sams,0
1237177,HH Pandya,37
1237177,Ishan Kishan,55
1237177,K Rabada,15
1237177,KA Pollard,0
1237177,KH Pandya,13
1237177,MP Stoinis,65
1237177,PP Shaw,0
1237177,Q de Kock,40
1237177,RG Sharma,0
1237177,RR Pant,3
1237177,S Dhawan,0
1237177,SA Yadav,51
1237177,SS Iyer,12
1237178,AB de Villiers,56
1237178,AJ Finch,32
1237178,D Padikkal,1
1237178,DA Warner,17
1237178,JO Holder,24
1237178,KS Williamson,50
1237178,MK Pandey,24
1237178,MM Ali,0
1237178,Mohammed Siraj,10
1237178,Navdeep Saini,9
1237178,PK Garg,7
1237178,S Dube,8
1237178,SP Goswami,0
1237178,V Kohli,6
1237178,Washington Sundar,5
1237180,Abdul Samad,33
1237180,DA Warner,2
1237180,JO Holder,11
1237180,KS Williamson,67
1237180,MK Pandey,21
1237180,MP Stoinis,38
1237180,PK Garg,17
1237180,RR Pant,2
1237180,Rashid Khan,11
1237180,S Dhawan,78
1237180,S Nadeem,2
1237180,SO Hetmyer,42
1237180,SP Goswami,0
1237180,SS Iyer,21
1237180,Sandeep Sharma,2
1237181,AM Rahane,2
1237181,AR Patel,9
1237181,HH Pandya,3
1237181,Ishan Kishan,33
1237181,KA Pollard,9
1237181,KH Pandya,1
1237181,MP Stoinis,0
1237181,Q de Kock,20
1237181,RG Sharma,68
1237181,RR Pant,56
1237181,S Dhawan,15
1237181,SA Yadav,19
1237181,SO Hetmyer,5
1237181,SS Iyer,65
1254058,AB de Villiers,48
1254058,CA Lynn,49
1254058,DT Christian,1
1254058,GJ Maxwell,39
1254058,HH Pandya,13
1254058,HV Patel,4
1254058,Ishan Kishan,28
1254058,JJ Bumrah,1
1254058,KA Jamieson,4
1254058,KA Pollard,7
1254058,KH Pandya,7
1254058,M Jansen,0
1254058,Mohammed Siraj,0
1254058,RG Sharma,19
1254058,RM Patidar,8
1254058,SA Yadav,31
1254058,Shahbaz Ahmed,1
1254058,V Kohli,33
1254058,Washington Sundar,10
1254059,AT Rayudu,23
1254059,F du Plessis,0
1254059,MM Ali,36
1254059,MP Stoinis,14
1254059,MS Dhoni,0
1254059,PP Shaw,72
1254059,RA Jadeja,26
1254059,RD Gaikwad,5
1254059,RR Pant,15
1254059,S Dhawan,85
1254059,SK Raina,54
1254059,SM Curran,34
1254060,AD Russell,5
1254060,Abdul Samad,19
1254060,DA Warner,3
1254060,EJG Morgan,2
1254060,JM Bairstow,55
1254060,KD Karthik,22
1254060,MK Pandey,61
1254060,Mohammad Nabi,14
1254060,N Rana,80
1254060,RA Tripathi,53
1254060,Shakib Al Hasan,3
1254060,Shubman Gill,15
1254060,V Shankar,11
1254060,WP Saha,7
1254061,BA Stokes,0
1254061,CH Gayle,40
1254061,CH Morris,2
1254061,DJ Hooda,64
1254061,JA Richardson,0
1254061,JC Buttler,25
1254061,KL Rahul,91
1254061,M Shahrukh Khan,6
1254061,M Vohra,12
1254061,MA Agarwal,14
1254061,N Pooran,0
1254061,R Parag,25
1254061,R Tewatia,2
1254061,S Dube,23
1254061,SV Samson,119
1254062,AD Russell,9
1254062,EJG Morgan,7
1254062,HH Pandya,15
1254062,Harbhajan Singh,2
1254062,Ishan Kishan,1
1254062,JJ Bumrah,0
1254062,KA Pollard,5
1254062,KD Karthik,8
1254062,KH Pandya,15
1254062,M Jansen,0
1254062,N Rana,57
1254062,PJ Cummins,0
1254062,Q de Kock,2
1254062,RA Tripathi,5
1254062,RD Chahar,8
1254062,RG Sharma,43
1254062,SA Yadav,56
1254062,Shakib Al Hasan,9
1254062,Shubman Gill,33
1254063,AB de Villiers,1
1254063,Abdul Samad,0
1254063,B Kumar,2
1254063,D Padikkal,11
1254063,DA Warner,54
1254063,DT Christian,1
1254063,GJ Maxwell,59
1254063,JM Bairstow,12
1254063,JO Holder,4
1254063,KA Jamieson,12
1254063,MK Pandey,38
1254063,Rashid Khan,17
1254063,S Nadeem,0
1254063,Shahbaz Ahmed,14
1254063,V Kohli,33
1254063,V Shankar,3
1254063,WP Saha,1
1254063,Washington Sundar,8
1254064,AM Rahane,8
1254064,CH Morris,36
1254064,CR Woakes,15
1254064,DA Miller,62
1254064,JC Buttler,2
1254064,JD Unadkat,11
1254064,K Rabada,9
1254064,Lalit Yadav,20
1254064,M Vohra,9
1254064,MP Stoinis,0
1254064,PP Shaw,2
1254064,R Ashwin,7
1254064,R Parag,2
1254064,R Tewatia,19
1254064,RR Pant,51
1254064,S Dhawan,9
1254064,S Dube,2
1254064,SV Samson,4
1254064,TK Curran,21
1254065,AT Rayudu,0
1254065,CH Gayle,10
1254065,DJ Hooda,10
1254065,F du Plessis,36
1254065,JA Richardson,15
1254065,KL Rahul,5
1254065,M Ashwin,6
1254065,M Shahrukh Khan,47
1254065,MA Agarwal,0
1254065,MM Ali,46
1254065,Mohammed Shami,9
1254065,N Pooran,0
1254065,RD Gaikwad,5
1254065,SK Raina,8
1254065,SM Curran,5
1254066,Abdul Samad,7
1254066,Abhishek Sharma,2
1254066,B Kumar,1
1254066,DA Warner,36
1254066,HH Pandya,7
1254066,Ishan Kishan,12
1254066,JM Bairstow,43
1254066,KA Pollard,35
1254066,KH Pandya,3
1254066,KK Ahmed,1
1254066,MK Pandey,2
1254066,Mujeeb Ur Rahman,1
1254066,Q de Kock,40
1254066,RG Sharma,32
1254066,Rashid Khan,0
1254066,SA Yadav,10
1254066,V Shankar,28
1254066,Virat Singh,11
1254067,AB de Villiers,76
1254067,AD Russell,31
1254067,CV Varun,2
1254067,D Padikkal,25
1254067,EJG Morgan,29
1254067,GJ Maxwell,78
1254067,Harbhajan Singh,2
1254067,KA Jamieson,11
1254067,KD Karthik,2
1254067,N Rana,18
1254067,PJ Cummins,6
1254067,RA Tripathi,25
1254067,RM Patidar,1
1254067,Shakib Al Hasan,26
1254067,Shubman Gill,21
1254067,V Kohli,5
1254068,CH Gayle,11
1254068,DJ Hooda,22
1254068,KL Rahul,61
1254068,Lalit Yadav,12
1254068,M Shahrukh Khan,15
1254068,MA Agarwal,69
1254068,MP Stoinis,27
1254068,N Pooran,9
1254068,PP Shaw,32
1254068,RR Pant,15
1254068,S Dhawan,92
1254068,SPD Smith,9
1254069,AT Rayudu,27
1254069,CH Morris,0
1254069,DA Miller,2
1254069,DJ Bravo,20
1254069,F du Plessis,33
1254069,JC Buttler,49
1254069,JD Unadkat,24
1254069,M Vohra,14
1254069,MM Ali,26
1254069,MS Dhoni,18
1254069,Mustafizur Rahman,0
1254069,R Parag,3
1254069,R Tewatia,20
1254069,RA Jadeja,8
1254069,RD Gaikwad,10
1254069,S Dube,17
1254069,SK Raina,18
1254069,SM Curran,13
1254069,SN Thakur,1
1254069,SV Samson,1
1254070,HH Pandya,0
1254070,Ishan Kishan,26
1254070,J Yadav,23
1254070,JJ Bumrah,3
1254070,KA Pollard,2
1254070,KH Pandya,1
1254070,Lalit Yadav,22
1254070,PP Shaw,7
1254070,Q de Kock,2
1254070,RD Chahar,6
1254070,RG Sharma,44
1254070,RR Pant,7
1254070,S Dhawan,45
1254070,SA Yadav,24
1254070,SO Hetmyer,14
1254070,SPD Smith,33
1254070,TA Boult,1
1254071,Arshdeep Singh,1
1254071,CH Gayle,15
1254071,DA Warner,37
1254071,DJ Hooda,13
1254071,FA Allen,6
1254071,JM Bairstow,63
1254071,KL Rahul,4
1254071,KS Williamson,16
1254071,M Ashwin,9
1254071,M Shahrukh Khan,22
1254071,MA Agarwal,22
1254071,MC Henriques,14
1254071,Mohammed Shami,3
1254072,AD Russell,54
1254072,CV Varun,0
1254072,EJG Morgan,7
1254072,F du Plessis,95
1254072,KD Karthik,40
1254072,KL Nagarkoti,0
1254072,M Prasidh Krishna,0
1254072,MM Ali,25
1254072,MS Dhoni,17
1254072,N Rana,9
1254072,PJ Cummins,66
1254072,RA Jadeja,6
1254072,RA Tripathi,8
1254072,RD Gaikwad,64
1254072,SP Narine,4
1254072,Shubman Gill,0
1254073,C Sakariya,0
1254073,CH Morris,10
1254073,D Padikkal,101
1254073,DA Miller,0
1254073,JC Buttler,8
1254073,M Vohra,7
1254073,R Parag,25
1254073,R Tewatia,40
1254073,S Dube,46
1254073,S Gopal,7
1254073,SV Samson,21
1254073,V Kohli,72
1254074,CH Gayle,43
1254074,HH Pandya,1
1254074,Ishan Kishan,6
1254074,KA Pollard,16
1254074,KH Pandya,3
1254074,KL Rahul,60
1254074,MA Agarwal,25
1254074,Q de Kock,3
1254074,RG Sharma,63
1254074,SA Yadav,33
1254075,AD Russell,9
1254075,DA Miller,24
1254075,JC Buttler,5
1254075,KD Karthik,25
1254075,N Rana,22
1254075,PJ Cummins,10
1254075,R Tewatia,5
1254075,RA Tripathi,36
1254075,S Dube,22
1254075,SP Narine,6
1254075,SV Samson,42
1254075,Shivam Mavi,5
1254075,Shubman Gill,11
1254075,YBK Jaiswal,22
1254076,AB de Villiers,4
1254076,AT Rayudu,14
1254076,D Padikkal,34
1254076,DT Christian,1
1254076,F du Plessis,50
1254076,GJ Maxwell,22
1254076,HV Patel,0
1254076,KA Jamieson,16
1254076,MS Dhoni,2
1254076,Mohammed Siraj,12
1254076,Navdeep Saini,2
1254076,RA Jadeja,62
1254076,RD Gaikwad,33
1254076,SK Raina,24
1254076,V Kohli,8
1254076,Washington Sundar,7
1254076,YS Chahal,8
1254077,Abhishek Sharma,5
1254077,DA Warner,8
1254077,J Suchith,14
1254077,JM Bairstow,38
1254077,KM Jadhav,9
1254077,KS Williamson,70
1254077,MP Stoinis,2
1254077,PP Shaw,53
1254077,RR Pant,42
1254077,Rashid Khan,0
1254077,S Dhawan,28
1254077,SO Hetmyer,1
1254077,SPD Smith,34
1254077,V Shankar,8
1254077,Virat Singh,4
1254078,AD Russell,10
1254078,Arshdeep Singh,1
1254078,CH Gayle,0
1254078,CJ Jordan,30
1254078,DJ Hooda,1
1254078,EJG Morgan,47
1254078,KD Karthik,12
1254078,KL Rahul,19
1254078,M Shahrukh Khan,13
1254078,MA Agarwal,31
1254078,MC Henriques,2
1254078,Mohammed Shami,1
1254078,N Pooran,19
1254078,N Rana,0
1254078,RA Tripathi,41
1254078,Ravi Bishnoi,1
1254078,SP Narine,0
1254078,Shubman Gill,9
1254079,AB de Villiers,75
1254079,D Padikkal,17
1254079,DR Sams,3
1254079,GJ Maxwell,25
1254079,MP Stoinis,22
1254079,PP Shaw,21
1254079,RM Patidar,31
1254079,RR Pant,58
1254079,S Dhawan,6
1254079,SO Hetmyer,53
1254079,SPD Smith,4
1254079,V Kohli,12
1254079,Washington Sundar,6
1254080,DA Warner,57
1254080,F du Plessis,56
1254080,JM Bairstow,7
1254080,KM Jadhav,12
1254080,KS Williamson,26
1254080,MK Pandey,61
1254080,MM Ali,15
1254080,RA Jadeja,7
1254080,RD Gaikwad,75
1254080,SK Raina,17
1254081,DA Miller,7
1254081,JC Buttler,41
1254081,KA Pollard,16
1254081,KH Pandya,39
1254081,Q de Kock,70
1254081,R Parag,8
1254081,RG Sharma,14
1254081,S Dube,35
1254081,SA Yadav,16
1254081,SV Samson,42
1254081,YBK Jaiswal,32
1254082,AD Russell,45
1254082,EJG Morgan,0
1254082,KD Karthik,14
1254082,MP Stoinis,6
1254082,N Rana,15
1254082,PJ Cummins,11
1254082,PP Shaw,82
1254082,RA Tripathi,19
1254082,RR Pant,16
1254082,S Dhawan,46
1254082,SO Hetmyer,0
1254082,SP Narine,0
1254082,Shubman Gill,43
1254083,AB de Villiers,3
1254083,CH Gayle,46
1254083,D Padikkal,7
1254083,DJ Hooda,5
1254083,DR Sams,3
1254083,GJ Maxwell,0
1254083,HV Patel,31
1254083,Harpreet Brar,25
1254083,KA Jamieson,16
1254083,KL Rahul,91
1254083,M Shahrukh Khan,0
1254083,Mohammed Siraj,0
1254083,N Pooran,0
1254083,P Simran Singh,7
1254083,RM Patidar,31
1254083,Shahbaz Ahmed,8
1254083,V Kohli,35
1254084,AT Rayudu,72
1254084,F du Plessis,50
1254084,HH Pandya,16
1254084,JDS Neesham,0
1254084,KA Pollard,87
1254084,KH Pandya,32
1254084,MM Ali,58
1254084,Q de Kock,38
1254084,RA Jadeja,22
1254084,RD Gaikwad,4
1254084,RG Sharma,35
1254084,SA Yadav,3
1254084,SK Raina,2
1254085,Abdul Samad,10
1254085,B Kumar,14
1254085,DA Miller,7
1254085,JC Buttler,124
1254085,JM Bairstow,30
1254085,KM Jadhav,19
1254085,KS Williamson,20
1254085,MK Pandey,31
1254085,Mohammad Nabi,17
1254085,R Parag,15
1254085,Rashid Khan,0
1254085,SV Samson,48
1254085,Sandeep Sharma,8
1254085,V Shankar,8
1254085,YBK Jaiswal,12
1254086,CH Gayle,13
1254086,CJ Jordan,2
1254086,DJ Hooda,1
1254086,DJ Malan,26
1254086,Harpreet Brar,4
1254086,M Shahrukh Khan,4
1254086,MA Agarwal,99
1254086,P Simran Singh,12
1254086,PP Shaw,39
1254086,RR Pant,14
1254086,S Dhawan,69
1254086,SO Hetmyer,16
1254086,SPD Smith,24
1254087,AB de Villiers,0
1254087,D Padikkal,22
1254087,GJ Maxwell,10
1254087,HV Patel,12
1254087,KA Jamieson,4
1254087,KS Bharat,16
1254087,Mohammed Siraj,8
1254087,PWH de Silva,0
1254087,Sachin Baby,7
1254087,Shubman Gill,48
1254087,V Kohli,5
1254087,VR Iyer,41
1254087,YS Chahal,2
1254088,Abdul Samad,2
1254088,Abhishek Sharma,33
1254088,HH Pandya,10
1254088,Ishan Kishan,84
1254088,JDS Neesham,0
1254088,JJ Bumrah,5
1254088,JJ Roy,34
1254088,JO Holder,1
1254088,KA Pollard,13
1254088,KH Pandya,9
1254088,MK Pandey,69
1254088,Mohammad Nabi,3
1254088,NM Coulter-Nile,3
1254088,PK Garg,29
1254088,PP Chawla,0
1254088,RG Sharma,18
1254088,Rashid Khan,9
1254088,S Kaul,1
1254088,SA Yadav,82
1254088,WP Saha,2
1254089,AT Rayudu,2
1254089,E Lewis,27
1254089,F du Plessis,25
1254089,GD Phillips,14
1254089,MM Ali,21
1254089,RA Jadeja,32
1254089,RD Gaikwad,101
1254089,S Dube,64
1254089,SK Raina,3
1254089,SV Samson,28
1254089,YBK Jaiswal,50
1254090,AB de Villiers,23
1254090,AK Markram,20
1254090,D Padikkal,40
1254090,DT Christian,0
1254090,GHS Garton,0
1254090,GJ Maxwell,57
1254090,HV Patel,1
1254090,Harpreet Brar,3
1254090,KL Rahul,39
1254090,M Shahrukh Khan,16
1254090,MA Agarwal,57
1254090,MC Henriques,12
1254090,N Pooran,3
1254090,SN Khan,0
1254090,Shahbaz Ahmed,8
1254090,V Kohli,25
1254091,AT Rayudu,17
1254091,Abdul Samad,18
1254091,Abhishek Sharma,18
1254091,B Kumar,2
1254091,F du Plessis,41
1254091,JJ Roy,2
1254091,JO Holder,5
1254091,KS Williamson,11
1254091,MM Ali,17
1254091,MS Dhoni,14
1254091,PK Garg,7
1254091,RD Gaikwad,45
1254091,Rashid Khan,17
1254091,SK Raina,2
1254091,WP Saha,44
1254092,AR Patel,0
1254092,Avesh Khan,5
1254092,EJG Morgan,0
1254092,K Rabada,0
1254092,KD Karthik,12
1254092,Lalit Yadav,0
1254092,N Rana,36
1254092,R Ashwin,9
1254092,RA Tripathi,9
1254092,RR Pant,39
1254092,S Dhawan,24
1254092,SO Hetmyer,4
1254092,SP Narine,21
1254092,SPD Smith,39
1254092,SS Iyer,1
1254092,Shubman Gill,30
1254092,TG Southee,3
1254092,VR Iyer,14
1254093,C Sakariya,6
1254093,DA Miller,15
1254093,E Lewis,24
1254093,GD Phillips,4
1254093,HH Pandya,5
1254093,Ishan Kishan,50
1254093,K Yadav,0
1254093,Mustafizur Rahman,8
1254093,R Tewatia,12
1254093,RG Sharma,22
1254093,S Dube,3
1254093,S Gopal,0
1254093,SA Yadav,13
1254093,SV Samson,3
1254093,YBK Jaiswal,12
1254094,AK Markram,13
1254094,AT Rayudu,4
1254094,DJ Bravo,4
1254094,F du Plessis,76
1254094,KL Rahul,98
1254094,M Shahrukh Khan,8
1254094,MA Agarwal,12
1254094,MC Henriques,3
1254094,MM Ali,0
1254094,MS Dhoni,12
1254094,RA Jadeja,15
1254094,RD Gaikwad,12
1254094,RV Uthappa,2
1254094,SN Khan,0
1254095,AB de Villiers,19
1254095,Abdul Samad,1
1254095,Abhishek Sharma,13
1254095,D Padikkal,41
1254095,DT Christian,1
1254095,GHS Garton,2
1254095,GJ Maxwell,40
1254095,JJ Roy,44
1254095,JO Holder,16
1254095,KS Bharat,12
1254095,KS Williamson,31
1254095,PK Garg,15
1254095,Rashid Khan,7
1254095,Shahbaz Ahmed,14
1254095,V Kohli,5
1254095,WP Saha,10
1254096,AF Milne,1
1254096,EJG Morgan,7
1254096,Ishan Kishan,14
1254096,KA Pollard,21
1254096,KH Pandya,12
1254096,N Rana,5
1254096,Q de Kock,55
1254096,RA Tripathi,74
1254096,RG Sharma,33
1254096,SA Yadav,5
1254096,SS Tiwary,5
1254096,Shubman Gill,13
1254096,VR Iyer,53
1254097,AR Patel,12
1254097,DA Miller,7
1254097,LS Livingstone,1
1254097,Lalit Yadav,14
1254097,MK Lomror,19
1254097,PP Shaw,10
1254097,R Ashwin,6
1254097,R Parag,2
1254097,R Tewatia,9
1254097,RR Pant,24
1254097,S Dhawan,8
1254097,SO Hetmyer,28
1254097,SS Iyer,43
1254097,SV Samson,70
1254097,T Shamsi,2
1254097,YBK Jaiswal,5
1254098,AD Russell,20
1254098,AT Rayudu,10
1254098,DL Chahar,1
1254098,EJG Morgan,8
1254098,F du Plessis,43
1254098,KD Karthik,26
1254098,MM Ali,32
1254098,MS Dhoni,1
1254098,N Rana,37
1254098,RA Jadeja,22
1254098,RA Tripathi,45
1254098,RD Gaikwad,40
1254098,SK Raina,11
1254098,SM Curran,4
1254098,SN Thakur,3
1254098,SP Narine,0
1254098,Shubman Gill,9
1254098,VR Iyer,18
1254099,AK Markram,42
1254099,CH Gayle,1
1254099,DJ Hooda,28
1254099,HH Pandya,40
1254099,Harpreet Brar,14
1254099,KA Pollard,15
1254099,KL Rahul,21
1254099,Mandeep Singh,15
1254099,N Pooran,2
1254099,NT Ellis,6
1254099,Q de Kock,27
1254099,RG Sharma,8
1254099,SA Yadav,0
1254099,SS Tiwary,45
1254100,Abhishek Sharma,21
1254100,E Lewis,6
1254100,JJ Roy,60
1254100,KS Williamson,51
1254100,LS Livingstone,4
1254100,MK Lomror,29
1254100,PK Garg,0
1254100,R Parag,0
1254100,R Tewatia,0
1254100,SV Samson,82
1254100,WP Saha,18
1254100,YBK Jaiswal,36
1254101,AB de Villiers,26
1254101,D Padikkal,0
1254101,GJ Maxwell,51
1254101,KS Bharat,78
1254101,PP Shaw,48
1254101,RR Pant,10
1254101,RV Patel,7
1254101,S Dhawan,43
1254101,SO Hetmyer,29
1254101,SS Iyer,18
1254101,V Kohli,4
1254102,AK Markram,18
1254102,DJ Hooda,3
1254102,EJG Morgan,2
1254102,KD Karthik,11
1254102,KL Rahul,67
1254102,M Shahrukh Khan,22
1254102,MA Agarwal,40
1254102,N Pooran,12
1254102,N Rana,31
1254102,RA Tripathi,34
1254102,SP Narine,3
1254102,Shubman Gill,7
1254102,TL Seifert,2
1254102,VR Iyer,67
1254103,AB de Villiers,4
1254103,C Sakariya,2
1254103,CH Morris,14
1254103,D Padikkal,22
1254103,E Lewis,58
1254103,GJ Maxwell,50
1254103,KS Bharat,44
1254103,Kartik Tyagi,1
1254103,LS Livingstone,6
1254103,MK Lomror,3
1254103,R Parag,9
1254103,R Tewatia,2
1254103,SV Samson,19
1254103,V Kohli,25
1254103,YBK Jaiswal,31
1254104,AF Milne,15
1254104,AT Rayudu,0
1254104,Anmolpreet Singh,16
1254104,DJ Bravo,23
1254104,F du Plessis,0
1254104,Ishan Kishan,11
1254104,JJ Bumrah,1
1254104,KA Pollard,15
1254104,KH Pandya,4
1254104,MM Ali,0
1254104,MS Dhoni,3
1254104,Q de Kock,17
1254104,RA Jadeja,26
1254104,RD Chahar,0
1254104,RD Gaikwad,88
1254104,SA Yadav,3
1254104,SK Raina,4
1254104,SN Thakur,1
1254104,SS Tiwary,50
1254105,Abdul Samad,28
1254105,B Kumar,5
1254105,DA Warner,0
1254105,JO Holder,10
1254105,KM Jadhav,3
1254105,KS Williamson,18
1254105,MK Pandey,17
1254105,PP Shaw,11
1254105,RR Pant,35
1254105,Rashid Khan,22
1254105,S Dhawan,42
1254105,SS Iyer,47
1254105,Sandeep Sharma,0
1254105,WP Saha,18
1254106,Anuj Rawat,0
1254106,C Sakariya,1
1254106,CH Morris,0
1254106,EJG Morgan,13
1254106,GD Phillips,8
1254106,JD Unadkat,6
1254106,KD Karthik,14
1254106,LS Livingstone,6
1254106,Mustafizur Rahman,0
1254106,N Rana,12
1254106,R Tewatia,44
1254106,RA Tripathi,21
1254106,S Dube,18
1254106,SV Samson,1
1254106,Shubman Gill,56
1254106,VR Iyer,38
1254106,YBK Jaiswal,0
1254107,AK Markram,27
1254107,Abdul Samad,1
1254107,B Kumar,3
1254107,CH Gayle,14
1254107,DA Warner,2
1254107,DJ Hooda,13
1254107,Harpreet Brar,18
1254107,JO Holder,47
1254107,KL Rahul,21
1254107,KM Jadhav,12
1254107,KS Williamson,1
1254107,MA Agarwal,5
1254107,MK Pandey,13
1254107,N Pooran,8
1254107,NT Ellis,12
1254107,Rashid Khan,3
1254107,WP Saha,31
1254108,AB de Villiers,11
1254108,AF Milne,0
1254108,D Padikkal,0
1254108,DT Christian,1
1254108,GJ Maxwell,56
1254108,HH Pandya,3
1254108,Ishan Kishan,9
1254108,JJ Bumrah,5
1254108,KA Jamieson,2
1254108,KA Pollard,7
1254108,KH Pandya,5
1254108,KS Bharat,32
1254108,Q de Kock,24
1254108,RD Chahar,0
1254108,RG Sharma,43
1254108,SA Yadav,8
1254108,Shahbaz Ahmed,1
1254108,TA Boult,0
1254108,V Kohli,51
1254109,Abdul Samad,25
1254109,Abhishek Sharma,6
1254109,B Kumar,7
1254109,EJG Morgan,2
1254109,JJ Roy,10
1254109,JO Holder,2
1254109,KD Karthik,18
1254109,KS Williamson,26
1254109,N Rana,25
1254109,PK Garg,21
1254109,RA Tripathi,7
1254109,Rashid Khan,8
1254109,S Kaul,7
1254109,Shubman Gill,57
1254109,VR Iyer,8
1254109,WP Saha,0
1254110,AR Patel,5
1254110,AT Rayudu,55
1254110,F du Plessis,10
1254110,K Rabada,4
1254110,MM Ali,5
1254110,MS Dhoni,18
1254110,PP Shaw,18
1254110,R Ashwin,2
1254110,RA Jadeja,1
1254110,RD Gaikwad,13
1254110,RR Pant,15
1254110,RV Patel,18
1254110,RV Uthappa,19
1254110,S Dhawan,39
1254110,SO Hetmyer,28
1254110,SS Iyer,2
1254111,AK Markram,26
1254111,C Sakariya,7
1254111,CH Morris,5
1254111,DJ Hooda,0
1254111,E Lewis,36
1254111,FA Allen,0
1254111,KL Rahul,49
1254111,Kartik Tyagi,1
1254111,LS Livingstone,25
1254111,MA Agarwal,67
1254111,MK Lomror,43
1254111,N Pooran,32
1254111,R Parag,4
1254111,R Tewatia,2
1254111,SV Samson,4
1254111,YBK Jaiswal,49
1254112,AR Patel,9
1254112,HH Pandya,17
1254112,J Yadav,11
1254112,JJ Bumrah,1
1254112,KA Pollard,6
1254112,KH Pandya,13
1254112,NM Coulter-Nile,1
1254112,PP Shaw,6
1254112,Q de Kock,19
1254112,R Ashwin,20
1254112,RG Sharma,7
1254112,RR Pant,26
1254112,S Dhawan,8
1254112,SA Yadav,33
1254112,SO Hetmyer,15
1254112,SPD Smith,9
1254112,SS Iyer,33
1254112,SS Tiwary,15
1254113,AB de Villiers,12
1254113,AT Rayudu,32
1254113,D Padikkal,70
1254113,F du Plessis,31
1254113,GJ Maxwell,11
1254113,HV Patel,3
1254113,MM Ali,23
1254113,MS Dhoni,11
1254113,PWH de Silva,1
1254113,RD Gaikwad,38
1254113,SK Raina,17
1254113,TH David,1
1254113,V Kohli,53
1254114,AR Patel,10
1254114,AT Rayudu,1
1254114,F du Plessis,1
1254114,MM Ali,16
1254114,MS Dhoni,18
1254114,PP Shaw,60
1254114,RD Gaikwad,70
1254114,RR Pant,51
1254114,RV Uthappa,63
1254114,S Dhawan,7
1254114,SN Thakur,0
1254114,SO Hetmyer,37
1254114,SS Iyer,1
1254114,TK Curran,0
1254115,AB de Villiers,11
1254115,D Padikkal,21
1254115,DT Christian,9
1254115,EJG Morgan,5
1254115,GJ Maxwell,15
1254115,HV Patel,8
1254115,KD Karthik,10
1254115,KS Bharat,9
1254115,N Rana,23
1254115,RA Tripathi,6
1254115,SP Narine,26
1254115,Shahbaz Ahmed,13
1254115,Shakib Al Hasan,9
1254115,Shubman Gill,29
1254115,V Kohli,39
1254115,VR Iyer,26
1254116,AR Patel,4
1254116,EJG Morgan,0
1254116,KD Karthik,0
1254116,MP Stoinis,18
1254116,N Rana,13
1254116,PP Shaw,18
1254116,RA Tripathi,12
1254116,RR Pant,6
1254116,S Dhawan,36
1254116,SO Hetmyer,17
1254116,SP Narine,0
1254116,SS Iyer,30
1254116,Shakib Al Hasan,0
1254116,Shubman Gill,46
1254116,VR Iyer,55
1254117,EJG Morgan,4
1254117,F du Plessis,86
1254117,KD Karthik,9
1254117,LH Ferguson,18
1254117,MM Ali,37
1254117,N Rana,0
1254117,RA Tripathi,2
1254117,RD Gaikwad,32
1254117,RV Uthappa,31
1254117,SP Narine,2
1254117,Shakib Al Hasan,0
1254117,Shivam Mavi,20
1254117,Shubman Gill,51
1254117,VR Iyer,50
1304047,AM Rahane,44
1304047,AT Rayudu,15
1304047,DP Conway,3
1304047,MS Dhoni,50
1304047,N Rana,21
1304047,RA Jadeja,26
1304047,RD Gaikwad,0
1304047,RV Uthappa,28
1304047,S Dube,3
1304047,SP Jackson,3
1304047,SS Iyer,20
1304047,SW Billings,25
1304047,VR Iyer,16
1304048,AR Patel,38
1304048,Anmolpreet Singh,8
1304048,DR Sams,7
1304048,Ishan Kishan,81
1304048,KA Pollard,3
1304048,Lalit Yadav,48
1304048,Mandeep Singh,0
1304048,PP Shaw,38
1304048,R Powell,0
1304048,RG Sharma,41
1304048,RR Pant,1
1304048,SN Thakur,22
1304048,TH David,12
1304048,TL Seifert,21
1304048,Tilak Varma,22
1304049,Anuj Rawat,21
1304049,F du Plessis,88
1304049,KD Karthik,32
1304049,LS Livingstone,19
1304049,M Shahrukh Khan,24
1304049,MA Agarwal,32
1304049,OF Smith,25
1304049,PBB Rajapaksa,43
1304049,RA Bawa,0
1304049,S Dhawan,43
1304049,V Kohli,41
1304050,A Badoni,54
1304050,A Manohar,15
1304050,DA Miller,30
1304050,DJ Hooda,55
1304050,E Lewis,10
1304050,HH Pandya,33
1304050,KH Pandya,21
1304050,KL Rahul,0
1304050,MK Pandey,6
1304050,MS Wade,30
1304050,PVD Chameera,1
1304050,Q de Kock,7
1304050,R Tewatia,40
1304050,Shubman Gill,0
1304050,V Shankar,4
1304051,AK Markram,57
1304051,Abdul Samad,4
1304051,Abhishek Sharma,9
1304051,B Kumar,3
1304051,D Padikkal,41
1304051,JC Buttler,35
1304051,KS Williamson,2
1304051,N Pooran,0
1304051,NM Coulter-Nile,1
1304051,R Parag,12
1304051,R Shepherd,24
1304051,RA Tripathi,0
1304051,SO Hetmyer,32
1304051,SV Samson,55
1304051,Washington Sundar,40
1304051,YBK Jaiswal,20
1304052,AD Russell,25
1304052,AM Rahane,9
1304052,Anuj Rawat,0
1304052,CV Varun,10
1304052,DJ Willey,18
1304052,F du Plessis,5
1304052,HV Patel,10
1304052,KD Karthik,14
1304052,N Rana,10
1304052,PWH de Silva,4
1304052,SE Rutherford,28
1304052,SP Jackson,0
1304052,SP Narine,12
1304052,SS Iyer,13
1304052,SW Billings,14
1304052,Shahbaz Ahmed,27
1304052,TG Southee,1
1304052,UT Yadav,18
1304052,V Kohli,12
1304052,VR Iyer,10
1304053,A Badoni,19
1304053,AT Rayudu,27
1304053,D Pretorius,0
1304053,DJ Bravo,1
1304053,DJ Hooda,13
1304053,E Lewis,55
1304053,KL Rahul,40
1304053,MK Pandey,5
1304053,MM Ali,35
1304053,MS Dhoni,16
1304053,Q de Kock,61
1304053,RA Jadeja,17
1304053,RD Gaikwad,1
1304053,RV Uthappa,50
1304053,S Dube,49
1304054,AD Russell,70
1304054,AM Rahane,12
1304054,Arshdeep Singh,0
1304054,Harpreet Brar,14
1304054,K Rabada,25
1304054,LS Livingstone,19
1304054,M Shahrukh Khan,0
1304054,MA Agarwal,1
1304054,N Rana,0
1304054,OF Smith,9
1304054,PBB Rajapaksa,31
1304054,RA Bawa,11
1304054,RD Chahar,0
1304054,S Dhawan,16
1304054,SS Iyer,26
1304054,SW Billings,24
1304054,VR Iyer,3
1304055,Anmolpreet Singh,5
1304055,D Padikkal,7
1304055,DR Sams,0
1304055,Ishan Kishan,54
1304055,JC Buttler,100
1304055,JJ Bumrah,0
1304055,KA Pollard,22
1304055,M Ashwin,6
1304055,Navdeep Saini,2
1304055,R Ashwin,1
1304055,R Parag,5
1304055,RG Sharma,10
1304055,SO Hetmyer,35
1304055,SV Samson,30
1304055,TA Boult,1
1304055,TH David,1
1304055,Tilak Varma,61
1304055,YBK Jaiswal,1
1304056,A Manohar,1
1304056,AR Patel,8
1304056,DA Miller,20
1304056,HH Pandya,31
1304056,KK Ahmed,0
1304056,Kuldeep Yadav,14
1304056,Lalit Yadav,25
1304056,MS Wade,1
1304056,Mandeep Singh,18
1304056,Mustafizur Rahman,3
1304056,PP Shaw,10
1304056,R Powell,20
1304056,R Tewatia,14
1304056,RR Pant,43
1304056,Rashid Khan,0
1304056,SN Thakur,2
1304056,Shubman Gill,84
1304056,TL Seifert,3
1304056,V Shankar,13
1304057,AT Rayudu,13
1304057,CJ Jordan,5
1304057,D Pretorius,8
1304057,DJ Bravo,0
1304057,JM Sharma,26
1304057,K Rabada,12
1304057,LS Livingstone,60
1304057,M Shahrukh Khan,6
1304057,MA Agarwal,4
1304057,MM Ali,0
1304057,MS Dhoni,23
1304057,Mukesh Choudhary,2
1304057,OF Smith,3
1304057,PBB Rajapaksa,9
1304057,RA Jadeja,0
1304057,RD Chahar,12
1304057,RD Gaikwad,1
1304057,RV Uthappa,13
1304057,S Dhawan,33
1304057,S Dube,57
1304057,VG Arora,1
1304058,A Badoni,19
1304058,AK Markram,12
1304058,Abdul Samad,0
1304058,Abhishek Sharma,13
1304058,B Kumar,1
1304058,DJ Hooda,51
1304058,E Lewis,1
1304058,JO Holder,8
1304058,KH Pandya,6
1304058,KL Rahul,68
1304058,KS Williamson,16
1304058,MK Pandey,11
1304058,N Pooran,34
1304058,Q de Kock,1
1304058,R Shepherd,8
1304058,RA Tripathi,44
1304058,Umran Malik,1
1304058,Washington Sundar,18
1304059,Anuj Rawat,26
1304059,D Padikkal,37
1304059,DJ Willey,0
1304059,F du Plessis,29
1304059,HV Patel,9
1304059,JC Buttler,70
1304059,KD Karthik,44
1304059,SE Rutherford,5
1304059,SO Hetmyer,42
1304059,SV Samson,8
1304059,Shahbaz Ahmed,45
1304059,V Kohli,5
1304059,YBK Jaiswal,4
1304060,AD Russell,11
1304060,AM Rahane,7
1304060,D Brevis,29
1304060,Ishan Kishan,14
1304060,KA Pollard,22
1304060,N Rana,8
1304060,PJ Cummins,56
1304060,RG Sharma,3
1304060,SA Yadav,52
1304060,SS Iyer,10
1304060,SW Billings,17
1304060,Tilak Varma,38
1304060,VR Iyer,50
1304061,A Badoni,10
1304061,DA Warner,4
1304061,DJ Hooda,11
1304061,E Lewis,5
1304061,KH Pandya,19
1304061,KL Rahul,24
1304061,PP Shaw,61
1304061,Q de Kock,80
1304061,R Powell,3
1304061,RR Pant,39
1304061,SN Khan,36
1304062,Arshdeep Singh,10
1304062,B Sai Sudharsan,35
1304062,DA Miller,6
1304062,HH Pandya,27
1304062,JM Bairstow,8
1304062,JM Sharma,23
1304062,K Rabada,1
1304062,LS Livingstone,64
1304062,M Shahrukh Khan,15
1304062,MA Agarwal,5
1304062,MS Wade,6
1304062,OF Smith,0
1304062,R Tewatia,13
1304062,RD Chahar,22
1304062,S Dhawan,35
1304062,Shubman Gill,96
1304062,VG Arora,2
1304063,AT Rayudu,27
1304063,Abhishek Sharma,75
1304063,CJ Jordan,6
1304063,DJ Bravo,8
1304063,KS Williamson,32
1304063,MM Ali,48
1304063,MS Dhoni,3
1304063,N Pooran,5
1304063,RA Jadeja,23
1304063,RA Tripathi,39
1304063,RD Gaikwad,16
1304063,RV Uthappa,15
1304063,S Dube,3
1304064,Anuj Rawat,66
1304064,D Brevis,8
1304064,F du Plessis,16
1304064,GJ Maxwell,8
1304064,Ishan Kishan,26
1304064,JD Unadkat,13
1304064,KA Pollard,0
1304064,KD Karthik,7
1304064,RG Sharma,26
1304064,Ramandeep Singh,6
1304064,SA Yadav,68
1304064,Tilak Varma,0
1304064,V Kohli,48
1304065,AD Russell,24
1304065,AM Rahane,8
1304065,AR Patel,22
1304065,CV Varun,1
1304065,DA Warner,61
1304065,Lalit Yadav,1
1304065,N Rana,30
1304065,PJ Cummins,4
1304065,PP Shaw,51
1304065,R Powell,8
1304065,RR Pant,27
1304065,Rasikh Salam,7
1304065,SN Thakur,29
1304065,SP Narine,4
1304065,SS Iyer,54
1304065,SW Billings,15
1304065,UT Yadav,0
1304065,VR Iyer,18
1304066,A Badoni,5
1304066,Avesh Khan,7
1304066,D Padikkal,29
1304066,DJ Hooda,25
1304066,HE van der Dussen,4
1304066,JC Buttler,13
1304066,JO Holder,8
1304066,K Gowtham,0
1304066,KH Pandya,22
1304066,KL Rahul,0
1304066,MP Stoinis,38
1304066,PVD Chameera,13
1304066,Q de Kock,39
1304066,R Ashwin,28
1304066,R Parag,8
1304066,SO Hetmyer,59
1304066,SV Samson,13
1304066,TA Boult,2
1304067,A Manohar,35
1304067,AK Markram,12
1304067,Abhishek Sharma,42
1304067,B Sai Sudharsan,11
1304067,DA Miller,12
1304067,HH Pandya,50
1304067,KS Williamson,57
1304067,MS Wade,19
1304067,N Pooran,34
1304067,R Tewatia,6
1304067,RA Tripathi,17
1304067,Rashid Khan,0
1304067,Shubman Gill,7
1304068,Akash Deep,0
1304068,Anuj Rawat,12
1304068,F du Plessis,8
1304068,GJ Maxwell,26
1304068,JR Hazlewood,7
1304068,KD Karthik,34
1304068,MM Ali,3
1304068,Mohammed Siraj,14
1304068,PWH de Silva,7
1304068,RA Jadeja,0
1304068,RD Gaikwad,17
1304068,RV Uthappa,88
1304068,S Dube,95
1304068,SS Prabhudessai,34
1304068,Shahbaz Ahmed,41
1304068,V Kohli,1
1304069,D Brevis,49
1304069,Ishan Kishan,3
1304069,JD Unadkat,12
1304069,JJ Bumrah,0
1304069,JM Bairstow,12
1304069,JM Sharma,30
1304069,KA Pollard,10
1304069,LS Livingstone,2
1304069,M Ashwin,0
1304069,M Shahrukh Khan,15
1304069,MA Agarwal,52
1304069,OF Smith,1
1304069,RG Sharma,28
1304069,S Dhawan,70
1304069,SA Yadav,43
1304069,TS Mills,0
1304069,Tilak Varma,36
1304070,A Manohar,43
1304070,D Padikkal,0
1304070,DA Miller,31
1304070,HE van der Dussen,6
1304070,HH Pandya,87
1304070,JC Buttler,54
1304070,JDS Neesham,17
1304070,KR Sen,0
1304070,M Prasidh Krishna,4
1304070,MS Wade,12
1304070,R Ashwin,8
1304070,R Parag,18
1304070,SO Hetmyer,29
1304070,SV Samson,11
1304070,Shubman Gill,13
1304070,V Shankar,2
1304070,YS Chahal,5
1304071,AD Russell,49
1304071,AJ Finch,7
1304071,AK Markram,68
1304071,Abhishek Sharma,3
1304071,Aman Hakim Khan,5
1304071,KS Williamson,17
1304071,N Pooran,5
1304071,N Rana,54
1304071,PJ Cummins,3
1304071,RA Tripathi,71
1304071,SP Jackson,7
1304071,SP Narine,6
1304071,SS Iyer,28
1304071,UT Yadav,1
1304071,VR Iyer,6
1304072,D Brevis,31
1304072,DJ Hooda,15
1304072,FA Allen,8
1304072,Ishan Kishan,13
1304072,JD Unadkat,14
1304072,KA Pollard,25
1304072,KH Pandya,1
1304072,KL Rahul,103
1304072,M Ashwin,6
1304072,MK Pandey,38
1304072,MP Stoinis,10
1304072,Q de Kock,24
1304072,RG Sharma,6
1304072,SA Yadav,37
1304072,TS Mills,0
1304072,Tilak Varma,26
1304073,AR Patel,10
1304073,Anuj Rawat,0
1304073,DA Warner,66
1304073,F du Plessis,8
1304073,GJ Maxwell,55
1304073,KD Karthik,66
1304073,Kuldeep Yadav,10
1304073,Lalit Yadav,1
1304073,MR Marsh,14
1304073,PP Shaw,16
1304073,R Powell,0
1304073,RR Pant,34
1304073,SN Thakur,17
1304073,SS Prabhudessai,6
1304073,Shahbaz Ahmed,32
1304073,V Kohli,12
1304074,AK Markram,41
1304074,Abhishek Sharma,31
1304074,Arshdeep Singh,0
1304074,JM Bairstow,12
1304074,JM Sharma,11
1304074,KS Williamson,3
1304074,LS Livingstone,60
1304074,M Shahrukh Khan,26
1304074,N Pooran,35
1304074,OF Smith,13
1304074,P Simran Singh,14
1304074,RA Tripathi,34
1304074,RD Chahar,0
1304074,S Dhawan,8
1304074,VG Arora,0
1304075,A Manohar,12
1304075,AS Joseph,0
1304075,AT Rayudu,46
1304075,DA Miller,94
1304075,MM Ali,1
1304075,R Tewatia,6
1304075,RA Jadeja,22
1304075,RD Gaikwad,73
1304075,RV Uthappa,3
1304075,Rashid Khan,40
1304075,S Dube,19
1304075,Shubman Gill,0
1304075,V Shankar,0
1304075,WP Saha,11
1304076,AD Russell,0
1304076,AJ Finch,58
1304076,CV Varun,1
1304076,D Padikkal,24
1304076,JC Buttler,103
1304076,KK Nair,3
1304076,N Rana,18
1304076,PJ Cummins,0
1304076,R Ashwin,2
1304076,R Parag,5
1304076,SO Hetmyer,26
1304076,SP Jackson,8
1304076,SS Iyer,85
1304076,SV Samson,38
1304076,Shivam Mavi,0
1304076,UT Yadav,21
1304076,VR Iyer,6
1304077,A Badoni,13
1304077,Anuj Rawat,4
1304077,DJ Hooda,13
1304077,F du Plessis,96
1304077,GJ Maxwell,23
1304077,HV Patel,0
1304077,JO Holder,16
1304077,KD Karthik,13
1304077,KH Pandya,42
1304077,KL Rahul,30
1304077,MK Pandey,6
1304077,MP Stoinis,24
1304077,PVD Chameera,1
1304077,Q de Kock,3
1304077,Ravi Bishnoi,0
1304077,SS Prabhudessai,10
1304077,Shahbaz Ahmed,26
1304077,V Kohli,0
1304078,Arshdeep Singh,9
1304078,DA Warner,60
1304078,JM Bairstow,9
1304078,JM Sharma,32
1304078,K Rabada,2
1304078,LS Livingstone,2
1304078,M Shahrukh Khan,12
1304078,MA Agarwal,24
1304078,NT Ellis,0
1304078,PP Shaw,41
1304078,RD Chahar,12
1304078,S Dhawan,9
1304078,SN Khan,12
1304078,VG Arora,2
1304079,AT Rayudu,40
1304079,D Brevis,4
1304079,D Pretorius,22
1304079,DJ Bravo,1
1304079,DR Sams,5
1304079,HR Shokeen,25
1304079,Ishan Kishan,0
1304079,JD Unadkat,19
1304079,KA Pollard,14
1304079,MJ Santner,11
1304079,MS Dhoni,28
1304079,RA Jadeja,3
1304079,RD Gaikwad,0
1304079,RG Sharma,0
1304079,RV Uthappa,30
1304079,S Dube,13
1304079,SA Yadav,32
1304079,Tilak Varma,51
1304080,AR Patel,1
1304080,D Padikkal,54
1304080,DA Warner,28
1304080,JC Buttler,116
1304080,Kuldeep Yadav,0
1304080,Lalit Yadav,37
1304080,PP Shaw,37
1304080,R Powell,36
1304080,RR Pant,44
1304080,SN Khan,1
1304080,SN Thakur,10
1304080,SO Hetmyer,1
1304080,SV Samson,46
1304081,A Manohar,2
1304081,AD Russell,48
1304081,AS Joseph,1
1304081,DA Miller,27
1304081,HH Pandya,67
1304081,LH Ferguson,0
1304081,N Rana,2
1304081,R Tewatia,17
1304081,RK Singh,35
1304081,Rashid Khan,0
1304081,SP Narine,5
1304081,SS Iyer,12
1304081,SW Billings,4
1304081,Shivam Mavi,2
1304081,Shubman Gill,7
1304081,TG Southee,1
1304081,UT Yadav,15
1304081,VR Iyer,17
1304081,WP Saha,25
1304081,Yash Dayal,0
1304082,Abhishek Sharma,47
1304082,Anuj Rawat,0
1304082,F du Plessis,5
1304082,GJ Maxwell,12
1304082,HV Patel,4
1304082,JR Hazlewood,3
1304082,KD Karthik,0
1304082,KS Williamson,16
1304082,Mohammed Siraj,2
1304082,PWH de Silva,8
1304082,RA Tripathi,7
1304082,SS Prabhudessai,15
1304082,Shahbaz Ahmed,7
1304082,V Kohli,0
1304083,A Badoni,14
1304083,D Brevis,3
1304083,DJ Hooda,10
1304083,DR Sams,3
1304083,Ishan Kishan,8
1304083,JD Unadkat,1
1304083,JJ Bumrah,0
1304083,JO Holder,0
1304083,KA Pollard,19
1304083,KH Pandya,1
1304083,KL Rahul,103
1304083,MK Pandey,22
1304083,MP Stoinis,0
1304083,Q de Kock,10
1304083,RG Sharma,39
1304083,SA Yadav,7
1304083,Tilak Varma,38
1304084,AT Rayudu,78
1304084,D Pretorius,1
1304084,JM Bairstow,6
1304084,LS Livingstone,19
1304084,MA Agarwal,18
1304084,MJ Santner,9
1304084,MS Dhoni,12
1304084,PBB Rajapaksa,42
1304084,RA Jadeja,21
1304084,RD Gaikwad,30
1304084,RV Uthappa,1
1304084,S Dhawan,88
1304084,S Dube,8
1304085,D Padikkal,7
1304085,DJ Mitchell,16
1304085,F du Plessis,23
1304085,GJ Maxwell,0
1304085,HV Patel,8
1304085,JC Buttler,8
1304085,JR Hazlewood,0
1304085,KD Karthik,6
1304085,M Prasidh Krishna,2
1304085,Mohammed Siraj,5
1304085,PWH de Silva,18
1304085,R Ashwin,17
1304085,R Parag,56
1304085,RM Patidar,16
1304085,SO Hetmyer,3
1304085,SS Prabhudessai,2
1304085,SV Samson,27
1304085,Shahbaz Ahmed,17
1304085,TA Boult,5
1304085,V Kohli,9
1304086,A Manohar,0
1304086,AK Markram,56
1304086,Abhishek Sharma,65
1304086,DA Miller,17
1304086,HH Pandya,10
1304086,KS Williamson,5
1304086,M Jansen,8
1304086,N Pooran,3
1304086,R Tewatia,40
1304086,RA Tripathi,16
1304086,Rashid Khan,31
1304086,Shashank Singh,25
1304086,Shubman Gill,22
1304086,WP Saha,68
1304086,Washington Sundar,3
1304087,AD Russell,0
1304087,AJ Finch,3
1304087,AR Patel,24
1304087,B Indrajith,6
1304087,DA Warner,42
1304087,Harshit Rana,0
1304087,Lalit Yadav,22
1304087,MR Marsh,13
1304087,N Rana,57
1304087,PP Shaw,0
1304087,R Powell,33
1304087,RK Singh,23
1304087,RR Pant,2
1304087,SN Thakur,8
1304087,SP Narine,0
1304087,SS Iyer,42
1304087,TG Southee,0
1304087,UT Yadav,0
1304087,VR Iyer,6
1304088,A Badoni,4
1304088,Arshdeep Singh,0
1304088,Avesh Khan,2
1304088,DJ Hooda,34
1304088,JM Bairstow,32
1304088,JM Sharma,2
1304088,JO Holder,11
1304088,K Rabada,2
1304088,KH Pandya,7
1304088,KL Rahul,6
1304088,LS Livingstone,18
1304088,MA Agarwal,25
1304088,MP Stoinis,1
1304088,Mohsin Khan,13
1304088,PBB Rajapaksa,9
1304088,PVD Chameera,17
1304088,Q de Kock,46
1304088,R Dhawan,21
1304088,RD Chahar,4
1304088,S Dhawan,5
1304089,B Sai Sudharsan,20
1304089,DA Miller,39
1304089,F du Plessis,0
1304089,GJ Maxwell,33
1304089,HH Pandya,3
1304089,KD Karthik,2
1304089,MK Lomror,16
1304089,R Tewatia,43
1304089,RM Patidar,52
1304089,Shahbaz Ahmed,2
1304089,Shubman Gill,31
1304089,V Kohli,58
1304089,WP Saha,29
1304090,D Padikkal,15
1304090,DJ Mitchell,17
1304090,DR Sams,6
1304090,Ishan Kishan,26
1304090,JC Buttler,67
1304090,KA Pollard,10
1304090,R Ashwin,21
1304090,R Parag,3
1304090,RG Sharma,2
1304090,SA Yadav,51
1304090,SO Hetmyer,6
1304090,SV Samson,16
1304090,TA Boult,1
1304090,TH David,20
1304090,Tilak Varma,35
1304091,AR Patel,42
1304091,DA Warner,3
1304091,DJ Hooda,52
1304091,KH Pandya,9
1304091,KL Rahul,77
1304091,Kuldeep Yadav,16
1304091,Lalit Yadav,3
1304091,MP Stoinis,17
1304091,MR Marsh,37
1304091,PP Shaw,5
1304091,Q de Kock,23
1304091,R Powell,35
1304091,RR Pant,44
1304091,SN Thakur,1
1304092,AK Markram,17
1304092,Abhishek Sharma,39
1304092,DP Conway,85
1304092,KS Williamson,47
1304092,MS Dhoni,8
1304092,N Pooran,64
1304092,RA Jadeja,1
1304092,RA Tripathi,0
1304092,RD Gaikwad,99
1304092,Shashank Singh,15
1304092,Washington Sundar,2
1304093,AJ Finch,4
1304093,B Indrajith,15
1304093,D Padikkal,2
1304093,JC Buttler,22
1304093,KK Nair,13
1304093,N Rana,48
1304093,R Ashwin,6
1304093,R Parag,19
1304093,RK Singh,42
1304093,SO Hetmyer,27
1304093,SS Iyer,34
1304093,SV Samson,54
1304094,AS Joseph,4
1304094,B Sai Sudharsan,65
1304094,DA Miller,11
1304094,HH Pandya,1
1304094,JM Bairstow,1
1304094,LH Ferguson,5
1304094,LS Livingstone,30
1304094,PBB Rajapaksa,40
1304094,PJ Sangwan,2
1304094,R Tewatia,11
1304094,Rashid Khan,0
1304094,S Dhawan,62
1304094,Shubman Gill,9
1304094,WP Saha,21
1304095,AT Rayudu,10
1304095,D Pretorius,13
1304095,DP Conway,56
1304095,F du Plessis,38
1304095,GJ Maxwell,3
1304095,KD Karthik,26
1304095,M Theekshana,7
1304095,MK Lomror,42
1304095,MM Ali,34
1304095,MS Dhoni,2
1304095,PWH de Silva,0
1304095,RA Jadeja,3
1304095,RD Gaikwad,28
1304095,RM Patidar,21
1304095,RV Uthappa,1
1304095,Shahbaz Ahmed,1
1304095,Simarjeet Singh,2
1304095,V Kohli,30
1304096,AK Markram,42
1304096,Abhishek Sharma,7
1304096,B Kumar,5
1304096,DA Warner,92
1304096,KS Williamson,4
1304096,Kartik Tyagi,7
1304096,MR Marsh,10
1304096,Mandeep Singh,0
1304096,N Pooran,62
1304096,R Powell,67
1304096,RA Tripathi,22
1304096,RR Pant,26
1304096,S Gopal,9
1304096,SA Abbott,7
1304096,Shashank Singh,10
1304097,B Sai Sudharsan,14
1304097,DA Miller,19
1304097,DR Sams,0
1304097,HH Pandya,24
1304097,Ishan Kishan,45
1304097,KA Pollard,4
1304097,R Tewatia,3
1304097,RG Sharma,43
1304097,Rashid Khan,1
1304097,SA Yadav,13
1304097,Shubman Gill,52
1304097,TH David,44
1304097,Tilak Varma,21
1304097,WP Saha,55
1304098,D Padikkal,31
1304098,JC Buttler,30
1304098,JM Bairstow,56
1304098,JM Sharma,38
1304098,LS Livingstone,22
1304098,MA Agarwal,15
1304098,PBB Rajapaksa,27
1304098,R Dhawan,5
1304098,R Parag,0
1304098,S Dhawan,12
1304098,SO Hetmyer,31
1304098,SV Samson,23
1304098,YBK Jaiswal,68
1304099,A Badoni,15
1304099,AD Russell,45
1304099,AJ Finch,14
1304099,AS Roy,0
1304099,B Indrajith,0
1304099,DJ Hooda,41
1304099,Harshit Rana,2
1304099,JO Holder,13
1304099,KH Pandya,25
1304099,MP Stoinis,28
1304099,N Rana,2
1304099,PVD Chameera,0
1304099,Q de Kock,50
1304099,RK Singh,6
1304099,SP Narine,22
1304099,SS Iyer,6
1304099,Shivam Mavi,1
1304099,TG Southee,0
1304100,AK Markram,21
1304100,Abhishek Sharma,0
1304100,B Kumar,8
1304100,F du Plessis,73
1304100,Fazalhaq Farooqi,2
1304100,GJ Maxwell,33
1304100,J Suchith,2
1304100,KD Karthik,30
1304100,Kartik Tyagi,0
1304100,N Pooran,19
1304100,RA Tripathi,58
1304100,RM Patidar,48
1304100,Shashank Singh,8
1304100,Umran Malik,0
1304100,V Kohli,0
1304101,A Nortje,1
1304101,AR Patel,1
1304101,AT Rayudu,5
1304101,DA Warner,19
1304101,DJ Bravo,1
1304101,DP Conway,87
1304101,KK Ahmed,0
1304101,KS Bharat,8
1304101,Kuldeep Yadav,5
1304101,MM Ali,9
1304101,MR Marsh,25
1304101,MS Dhoni,21
1304101,R Powell,3
1304101,RD Gaikwad,41
1304101,RR Pant,21
1304101,RV Patel,6
1304101,RV Uthappa,0
1304101,S Dube,32
1304101,SN Thakur,24
1304102,AD Russell,9
1304102,AM Rahane,25
1304102,DR Sams,1
1304102,Ishan Kishan,51
1304102,K Kartikeya,3
1304102,KA Pollard,15
1304102,M Ashwin,0
1304102,N Rana,43
1304102,PJ Cummins,0
1304102,RG Sharma,2
1304102,RK Singh,23
1304102,RP Meredith,0
1304102,Ramandeep Singh,12
1304102,SP Jackson,5
1304102,SP Narine,0
1304102,SS Iyer,6
1304102,TG Southee,0
1304102,TH David,13
1304102,Tilak Varma,6
1304102,VR Iyer,43
1304103,A Badoni,8
1304103,Avesh Khan,12
1304103,DA Miller,26
1304103,DJ Hooda,27
1304103,HH Pandya,11
1304103,JO Holder,1
1304103,KH Pandya,5
1304103,KL Rahul,8
1304103,KS Sharma,4
1304103,MP Stoinis,2
1304103,MS Wade,10
1304103,Mohsin Khan,1
1304103,Q de Kock,11
1304103,R Tewatia,22
1304103,Shubman Gill,63
1304103,WP Saha,5
1304104,D Padikkal,48
1304104,DA Warner,52
1304104,HE van der Dussen,12
1304104,JC Buttler,7
1304104,KS Bharat,0
1304104,MR Marsh,89
1304104,R Ashwin,50
1304104,R Parag,9
1304104,RR Pant,13
1304104,SV Samson,6
1304104,TA Boult,3
1304104,YBK Jaiswal,19
1304105,AT Rayudu,10
1304105,DJ Bravo,12
1304105,DP Conway,0
1304105,DR Sams,1
1304105,HR Shokeen,18
1304105,Ishan Kishan,6
1304105,M Theekshana,0
1304105,MM Ali,0
1304105,MS Dhoni,36
1304105,Mukesh Choudhary,4
1304105,RD Gaikwad,7
1304105,RG Sharma,18
1304105,RV Uthappa,1
1304105,S Dube,10
1304105,Simarjeet Singh,2
1304105,T Stubbs,0
1304105,TH David,16
1304105,Tilak Varma,34
1304106,F du Plessis,10
1304106,GJ Maxwell,35
1304106,HV Patel,11
1304106,Harpreet Brar,7
1304106,JM Bairstow,66
1304106,JM Sharma,9
1304106,JR Hazlewood,7
1304106,K Rabada,0
1304106,KD Karthik,11
1304106,LS Livingstone,70
1304106,MA Agarwal,19
1304106,MK Lomror,6
1304106,Mohammed Siraj,9
1304106,PBB Rajapaksa,1
1304106,PWH de Silva,1
1304106,R Dhawan,7
1304106,RD Chahar,2
1304106,RM Patidar,26
1304106,S Dhawan,21
1304106,Shahbaz Ahmed,9
1304106,V Kohli,20
1304107,AD Russell,49
1304107,AK Markram,32
1304107,AM Rahane,28
1304107,Abhishek Sharma,43
1304107,B Kumar,6
1304107,KS Williamson,9
1304107,M Jansen,1
1304107,N Pooran,2
1304107,N Rana,26
1304107,RA Tripathi,9
1304107,RK Singh,5
1304107,SP Narine,1
1304107,SS Iyer,15
1304107,SW Billings,34
1304107,Shashank Singh,11
1304107,Umran Malik,3
1304107,VR Iyer,7
1304107,Washington Sundar,4
1304108,DA Miller,15
1304108,DP Conway,5
1304108,HH Pandya,7
1304108,MJ Santner,1
1304108,MM Ali,21
1304108,MS Dhoni,7
1304108,MS Wade,20
1304108,N Jagadeesan,39
1304108,RD Gaikwad,53
1304108,S Dube,0
1304108,Shubman Gill,18
1304108,WP Saha,67
1304109,A Badoni,0
1304109,Avesh Khan,1
1304109,D Padikkal,39
1304109,DJ Hooda,59
1304109,JC Buttler,2
1304109,JDS Neesham,14
1304109,JO Holder,1
1304109,KH Pandya,25
1304109,KL Rahul,10
1304109,MP Stoinis,27
1304109,Mohsin Khan,9
1304109,PVD Chameera,0
1304109,Q de Kock,7
1304109,R Ashwin,10
1304109,R Parag,19
1304109,SV Samson,32
1304109,TA Boult,17
1304109,YBK Jaiswal,41
1304110,AR Patel,17
1304110,Arshdeep Singh,2
1304110,DA Warner,0
1304110,Harpreet Brar,1
1304110,JM Bairstow,28
1304110,JM Sharma,44
1304110,K Rabada,6
1304110,Kuldeep Yadav,2
1304110,LS Livingstone,3
1304110,Lalit Yadav,24
1304110,MA Agarwal,0
1304110,MR Marsh,63
1304110,PBB Rajapaksa,4
1304110,R Dhawan,4
1304110,R Powell,2
1304110,RD Chahar,25
1304110,RR Pant,7
1304110,S Dhawan,19
1304110,SN Khan,32
1304110,SN Thakur,3
1304111,AK Markram,2
1304111,Abhishek Sharma,9
1304111,DR Sams,15
1304111,Ishan Kishan,43
1304111,JJ Bumrah,0
1304111,KS Williamson,8
1304111,N Pooran,38
1304111,PK Garg,42
1304111,R Sanjay Yadav,0
1304111,RA Tripathi,76
1304111,RG Sharma,48
1304111,Ramandeep Singh,14
1304111,T Stubbs,2
1304111,TH David,46
1304111,Tilak Varma,8
1304111,Washington Sundar,9
1304112,A Tomar,4
1304112,AD Russell,5
1304112,KL Rahul,68
1304112,N Rana,42
1304112,Q de Kock,140
1304112,RK Singh,40
1304112,SP Narine,21
1304112,SS Iyer,50
1304112,SW Billings,36
1304112,UT Yadav,0
1304112,VR Iyer,0
1304113,DA Miller,34
1304113,F du Plessis,44
1304113,GJ Maxwell,40
1304113,HH Pandya,62
1304113,KD Karthik,2
1304113,MS Wade,16
1304113,R Tewatia,2
1304113,Rashid Khan,19
1304113,Shubman Gill,1
1304113,V Kohli,73
1304113,WP Saha,31
1304114,AT Rayudu,3
1304114,D Padikkal,3
1304114,DP Conway,16
1304114,JC Buttler,2
1304114,MJ Santner,1
1304114,MM Ali,93
1304114,MS Dhoni,26
1304114,N Jagadeesan,1
1304114,R Ashwin,40
1304114,R Parag,10
1304114,RD Gaikwad,2
1304114,SO Hetmyer,6
1304114,SV Samson,15
1304114,Simarjeet Singh,3
1304114,YBK Jaiswal,59
1304115,AR Patel,19
1304115,D Brevis,37
1304115,DA Warner,5
1304115,DR Sams,0
1304115,Ishan Kishan,48
1304115,Kuldeep Yadav,1
1304115,MR Marsh,0
1304115,PP Shaw,24
1304115,R Powell,43
1304115,RG Sharma,2
1304115,RR Pant,39
1304115,Ramandeep Singh,13
1304115,SN Khan,10
1304115,SN Thakur,4
1304115,TH David,34
1304115,Tilak Varma,21
1304116,AK Markram,21
1304116,Abhishek Sharma,43
1304116,B Kumar,1
1304116,J Suchith,0
1304116,JM Bairstow,23
1304116,JM Sharma,19
1304116,LS Livingstone,49
1304116,M Shahrukh Khan,19
1304116,MA Agarwal,1
1304116,N Pooran,5
1304116,PK Garg,4
1304116,PN Mankad,4
1304116,R Shepherd,26
1304116,RA Tripathi,20
1304116,S Dhawan,39
1304116,Umran Malik,0
1304116,Washington Sundar,25
1312197,D Padikkal,28
1312197,DA Miller,68
1312197,HH Pandya,40
1312197,JC Buttler,89
1312197,MS Wade,35
1312197,R Ashwin,2
1312197,R Parag,4
1312197,SO Hetmyer,4
1312197,SV Samson,47
1312197,Shubman Gill,35
1312197,WP Saha,0
1312197,YBK Jaiswal,3
1312198,DJ Hooda,45
1312198,E Lewis,2
1312198,F du Plessis,0
1312198,GJ Maxwell,9
1312198,KD Karthik,37
1312198,KH Pandya,0
1312198,KL Rahul,79
1312198,M Vohra,19
1312198,MK Lomror,14
1312198,MP Stoinis,9
1312198,PVD Chameera,11
1312198,Q de Kock,6
1312198,RM Patidar,112
1312198,V Kohli,25
1312199,D Padikkal,9
1312199,F du Plessis,25
1312199,GJ Maxwell,24
1312199,HV Patel,1
1312199,JC Buttler,106
1312199,JR Hazlewood,1
1312199,KD Karthik,6
1312199,MK Lomror,8
1312199,PWH de Silva,0
1312199,RM Patidar,58
1312199,SO Hetmyer,2
1312199,SV Samson,23
1312199,Shahbaz Ahmed,12
1312199,V Kohli,7
1312199,YBK Jaiswal,21
1312200,D Padikkal,2
1312200,DA Miller,32
1312200,HH Pandya,34
1312200,JC Buttler,39
1312200,MS Wade,8
1312200,OC McCoy,8
1312200,R Ashwin,6
1312200,R Parag,15
1312200,SO Hetmyer,11
1312200,SV Samson,14
1312200,Shubman Gill,45
1312200,TA Boult,11
1312200,WP Saha,5
1312200,YBK Jaiswal,22
1359475,AT Rayudu,12
1359475,B Sai Sudharsan,22
1359475,BA Stokes,7
1359475,DP Conway,1
1359475,HH Pandya,8
1359475,MJ Santner,1
1359475,MM Ali,23
1359475,MS Dhoni,14
1359475,R Tewatia,15
1359475,RA Jadeja,1
1359475,RD Gaikwad,92
1359475,Rashid Khan,10
1359475,S Dube,19
1359475,Shubman Gill,63
1359475,V Shankar,27
1359475,WP Saha,25
1359476,AD Russell,35
1359476,AS Roy,4
1359476,JM Sharma,21
1359476,M Shahrukh Khan,11
1359476,Mandeep Singh,2
1359476,N Rana,24
1359476,P Simran Singh,23
1359476,PBB Rajapaksa,50
1359476,RK Singh,4
1359476,Rahmanullah Gurbaz,22
1359476,S Dhawan,40
1359476,SM Curran,26
1359476,SN Thakur,8
1359476,SP Narine,7
1359476,Sikandar Raza,16
1359476,VR Iyer,34
1359477,A Badoni,18
1359477,AR Patel,16
1359477,Aman Hakim Khan,4
1359477,C Sakariya,4
1359477,DA Warner,56
1359477,DJ Hooda,17
1359477,K Gowtham,6
1359477,KH Pandya,15
1359477,KL Rahul,8
1359477,KR Mayers,73
1359477,Kuldeep Yadav,6
1359477,MP Stoinis,12
1359477,MR Marsh,0
1359477,Mukesh Kumar,0
1359477,N Pooran,36
1359477,PP Shaw,12
1359477,R Powell,1
1359477,RR Rossouw,30
1359477,SN Khan,4
1359478,AU Rashid,18
1359478,Abdul Samad,32
1359478,Abhishek Sharma,0
1359478,B Kumar,6
1359478,D Padikkal,2
1359478,GD Phillips,8
1359478,HC Brook,13
1359478,JC Buttler,54
1359478,MA Agarwal,27
1359478,R Ashwin,1
1359478,R Parag,7
1359478,RA Tripathi,0
1359478,SO Hetmyer,22
1359478,SV Samson,55
1359478,Umran Malik,19
1359478,Washington Sundar,1
1359478,YBK Jaiswal,54
1359479,Arshad Khan,15
1359479,C Green,5
1359479,F du Plessis,73
1359479,GJ Maxwell,12
1359479,HR Shokeen,5
1359479,Ishan Kishan,10
1359479,KD Karthik,0
1359479,N Wadhera,21
1359479,RG Sharma,1
1359479,SA Yadav,15
1359479,TH David,4
1359479,Tilak Varma,84
1359479,V Kohli,82
1359480,A Badoni,23
1359480,AT Rayudu,27
1359480,BA Stokes,8
1359480,DJ Hooda,2
1359480,DP Conway,47
1359480,K Gowtham,17
1359480,KH Pandya,9
1359480,KL Rahul,20
1359480,KR Mayers,53
1359480,MA Wood,10
1359480,MJ Santner,1
1359480,MM Ali,19
1359480,MP Stoinis,21
1359480,MS Dhoni,12
1359480,N Pooran,32
1359480,RA Jadeja,3
1359480,RD Gaikwad,57
1359480,S Dube,27
1359481,A Nortje,4
1359481,AR Patel,36
1359481,Abishek Porel,20
1359481,Aman Hakim Khan,8
1359481,B Sai Sudharsan,62
1359481,DA Miller,31
1359481,DA Warner,37
1359481,HH Pandya,5
1359481,Kuldeep Yadav,1
1359481,MR Marsh,4
1359481,PP Shaw,7
1359481,RR Rossouw,0
1359481,SN Khan,30
1359481,Shubman Gill,14
1359481,V Shankar,29
1359481,WP Saha,14
1359482,D Padikkal,21
1359482,Dhruv Jurel,32
1359482,JC Buttler,19
1359482,JM Sharma,27
1359482,JO Holder,1
1359482,M Shahrukh Khan,11
1359482,P Simran Singh,60
1359482,PBB Rajapaksa,1
1359482,R Ashwin,0
1359482,R Parag,20
1359482,S Dhawan,86
1359482,SM Curran,1
1359482,SO Hetmyer,36
1359482,SV Samson,42
1359482,Sikandar Raza,1
1359482,YBK Jaiswal,11
1359483,AD Russell,0
1359483,Akash Deep,17
1359483,Anuj Rawat,1
1359483,DJ Willey,20
1359483,F du Plessis,23
1359483,GJ Maxwell,5
1359483,HV Patel,0
1359483,KD Karthik,9
1359483,KV Sharma,1
1359483,MG Bracewell,19
1359483,Mandeep Singh,0
1359483,N Rana,1
1359483,RK Singh,46
1359483,Rahmanullah Gurbaz,57
1359483,SN Thakur,68
1359483,SP Narine,0
1359483,Shahbaz Ahmed,1
1359483,UT Yadav,6
1359483,V Kohli,21
1359483,VR Iyer,3
1359484,AK Markram,0
1359484,AU Rashid,4
1359484,Abdul Samad,21
1359484,Anmolpreet Singh,31
1359484,DJ Hooda,7
1359484,HC Brook,3
1359484,KH Pandya,34
1359484,KL Rahul,35
1359484,KR Mayers,13
1359484,MA Agarwal,8
1359484,MP Stoinis,10
1359484,N Pooran,11
1359484,R Shepherd,0
1359484,RA Tripathi,34
1359484,Washington Sundar,16
1359485,A Nortje,0
1359485,AR Patel,2
1359485,Abishek Porel,7
1359485,DA Warner,65
1359485,Dhruv Jurel,8
1359485,JC Buttler,79
1359485,Kuldeep Yadav,3
1359485,Lalit Yadav,38
1359485,MK Pandey,0
1359485,Mukesh Kumar,1
1359485,PP Shaw,0
1359485,R Parag,7
1359485,R Powell,2
1359485,RR Rossouw,14
1359485,SO Hetmyer,39
1359485,SV Samson,0
1359485,YBK Jaiswal,60
1359486,AM Rahane,61
1359486,AT Rayudu,20
1359486,Arshad Khan,2
1359486,C Green,12
1359486,DP Conway,0
1359486,HR Shokeen,18
1359486,Ishan Kishan,32
1359486,PP Chawla,5
1359486,RD Gaikwad,40
1359486,RG Sharma,21
1359486,S Dube,28
1359486,SA Yadav,1
1359486,T Stubbs,5
1359486,TH David,31
1359486,Tilak Varma,22
1359487,A Manohar,14
1359487,AD Russell,1
1359487,B Sai Sudharsan,53
1359487,DA Miller,2
1359487,N Jagadeesan,6
1359487,N Rana,45
1359487,RK Singh,48
1359487,Rahmanullah Gurbaz,15
1359487,SN Thakur,0
1359487,SP Narine,0
1359487,Shubman Gill,39
1359487,UT Yadav,5
1359487,V Shankar,63
1359487,VR Iyer,83
1359487,WP Saha,17
1359488,AK Markram,37
1359488,HC Brook,13
1359488,Harpreet Brar,1
1359488,JM Sharma,4
1359488,M Shahrukh Khan,4
1359488,MA Agarwal,21
1359488,MW Short,1
1359488,Mohit Rathee,1
1359488,NT Ellis,0
1359488,P Simran Singh,0
1359488,RA Tripathi,74
1359488,RD Chahar,0
1359488,S Dhawan,99
1359488,SM Curran,22
1359488,Sikandar Raza,5
1359489,A Badoni,30
1359489,Avesh Khan,0
1359489,DJ Hooda,9
1359489,F du Plessis,79
1359489,GJ Maxwell,59
1359489,JD Unadkat,9
1359489,KD Karthik,1
1359489,KH Pandya,0
1359489,KL Rahul,18
1359489,KR Mayers,0
1359489,MA Wood,1
1359489,MP Stoinis,65
1359489,N Pooran,62
1359489,Ravi Bishnoi,3
1359489,V Kohli,61
1359490,A Nortje,5
1359490,AR Patel,54
1359490,Abishek Porel,1
1359490,C Green,17
1359490,DA Warner,51
1359490,Ishan Kishan,31
1359490,Kuldeep Yadav,0
1359490,Lalit Yadav,2
1359490,MK Pandey,26
1359490,Mustafizur Rahman,1
1359490,PP Shaw,15
1359490,R Powell,4
1359490,RG Sharma,65
1359490,SA Yadav,0
1359490,TH David,13
1359490,Tilak Varma,41
1359490,YV Dhull,2
1359491,A Zampa,1
1359491,AM Rahane,31
1359491,AT Rayudu,1
1359491,D Padikkal,38
1359491,DP Conway,50
1359491,Dhruv Jurel,4
1359491,JC Buttler,52
1359491,JO Holder,0
1359491,MM Ali,7
1359491,MS Dhoni,32
1359491,R Ashwin,30
1359491,RA Jadeja,25
1359491,RD Gaikwad,8
1359491,S Dube,8
1359491,SO Hetmyer,30
1359491,SV Samson,0
1359491,YBK Jaiswal,10
1359492,B Sai Sudharsan,19
1359492,DA Miller,17
1359492,HH Pandya,8
1359492,Harpreet Brar,8
1359492,JM Sharma,25
1359492,M Shahrukh Khan,22
1359492,MW Short,36
1359492,P Simran Singh,0
1359492,PBB Rajapaksa,20
1359492,R Dhawan,1
1359492,R Tewatia,5
1359492,S Dhawan,8
1359492,SM Curran,22
1359492,Shubman Gill,67
1359492,WP Saha,30
1359493,AD Russell,3
1359493,AK Markram,50
1359493,Abhishek Sharma,32
1359493,H Klaasen,16
1359493,HC Brook,100
1359493,MA Agarwal,9
1359493,N Jagadeesan,36
1359493,N Rana,75
1359493,RA Tripathi,9
1359493,RK Singh,58
1359493,Rahmanullah Gurbaz,0
1359493,SN Thakur,12
1359493,SP Narine,0
1359493,UT Yadav,1
1359493,VR Iyer,10
1359494,A Nortje,23
1359494,AR Patel,21
1359494,Abishek Porel,5
1359494,Aman Hakim Khan,18
1359494,Anuj Rawat,15
1359494,DA Warner,19
1359494,F du Plessis,22
1359494,GJ Maxwell,24
1359494,HV Patel,6
1359494,KD Karthik,0
1359494,Kuldeep Yadav,7
1359494,Lalit Yadav,4
1359494,MK Lomror,26
1359494,MK Pandey,50
1359494,MR Marsh,0
1359494,PP Shaw,0
1359494,Shahbaz Ahmed,20
1359494,V Kohli,50
1359494,YV Dhull,1
1359495,A Badoni,5
1359495,Atharva Taide,0
1359495,DJ Hooda,2
1359495,Harpreet Brar,6
1359495,Harpreet Singh,22
1359495,JM Sharma,2
1359495,K Gowtham,1
1359495,K Rabada,0
1359495,KH Pandya,18
1359495,KL Rahul,74
1359495,KR Mayers,29
1359495,M Shahrukh Khan,23
1359495,MP Stoinis,15
1359495,MW Short,34
1359495,N Pooran,0
1359495,P Simran Singh,4
1359495,Ravi Bishnoi,3
1359495,SM Curran,6
1359495,Sikandar Raza,57
1359495,Yudhvir Singh,0
1359496,AD Russell,21
1359496,C Green,1
1359496,Ishan Kishan,58
1359496,N Jagadeesan,0
1359496,N Rana,5
1359496,N Wadhera,6
1359496,RG Sharma,20
1359496,RK Singh,18
1359496,Rahmanullah Gurbaz,8
1359496,SA Yadav,43
1359496,SN Thakur,13
1359496,SP Narine,2
1359496,TH David,24
1359496,Tilak Varma,30
1359496,VR Iyer,104
1359497,A Manohar,27
1359497,B Sai Sudharsan,20
1359497,D Padikkal,26
1359497,DA Miller,46
1359497,Dhruv Jurel,18
1359497,HH Pandya,28
1359497,JC Buttler,0
1359497,R Ashwin,10
1359497,R Parag,5
1359497,R Tewatia,1
1359497,Rashid Khan,1
1359497,SO Hetmyer,56
1359497,SV Samson,60
1359497,Shubman Gill,45
1359497,TA Boult,0
1359497,WP Saha,4
1359497,YBK Jaiswal,1
1359498,AM Rahane,37
1359498,AT Rayudu,14
1359498,DP Conway,83
1359498,F du Plessis,62
1359498,GJ Maxwell,76
1359498,KD Karthik,28
1359498,MK Lomror,0
1359498,MM Ali,19
1359498,MS Dhoni,1
1359498,PWH de Silva,2
1359498,RA Jadeja,10
1359498,RD Gaikwad,3
1359498,S Dube,52
1359498,SS Prabhudessai,19
1359498,Shahbaz Ahmed,12
1359498,V Kohli,6
1359498,WD Parnell,2
1359499,AK Markram,22
1359499,Abdul Samad,9
1359499,Abhishek Sharma,1
1359499,B Kumar,2
1359499,C Green,64
1359499,H Klaasen,36
1359499,HC Brook,9
1359499,Ishan Kishan,38
1359499,M Jansen,13
1359499,M Markande,2
1359499,MA Agarwal,48
1359499,RA Tripathi,7
1359499,RG Sharma,28
1359499,SA Yadav,7
1359499,TH David,16
1359499,Tilak Varma,37
1359499,Washington Sundar,10
1359500,A Badoni,1
1359500,D Padikkal,26
1359500,DJ Hooda,2
1359500,Dhruv Jurel,0
1359500,JC Buttler,40
1359500,KH Pandya,4
1359500,KL Rahul,39
1359500,KR Mayers,51
1359500,MP Stoinis,21
1359500,N Pooran,29
1359500,R Ashwin,3
1359500,R Parag,15
1359500,SO Hetmyer,2
1359500,SV Samson,2
1359500,YBK Jaiswal,44
1359500,Yudhvir Singh,1
1359501,Atharva Taide,4
1359501,F du Plessis,84
1359501,GJ Maxwell,0
1359501,Harpreet Brar,13
1359501,Harpreet Singh,13
1359501,JM Sharma,41
1359501,KD Karthik,7
1359501,LS Livingstone,2
1359501,M Shahrukh Khan,7
1359501,MK Lomror,7
1359501,MW Short,8
1359501,NT Ellis,1
1359501,P Simran Singh,46
1359501,SM Curran,10
1359501,Shahbaz Ahmed,5
1359501,V Kohli,59
1359502,AD Russell,38
1359502,AR Patel,19
1359502,AS Roy,0
1359502,Aman Hakim Khan,0
1359502,CV Varun,1
1359502,DA Warner,57
1359502,JJ Roy,43
1359502,Lalit Yadav,4
1359502,Liton Das,4
1359502,MK Pandey,21
1359502,MR Marsh,2
1359502,Mandeep Singh,12
1359502,N Rana,4
1359502,PD Salt,5
1359502,PP Shaw,13
1359502,RK Singh,6
1359502,SP Narine,4
1359502,UT Yadav,3
1359502,VR Iyer,0
1359503,AK Markram,12
1359503,AM Rahane,9
1359503,AT Rayudu,9
1359503,Abhishek Sharma,34
1359503,DP Conway,77
1359503,H Klaasen,17
1359503,HC Brook,18
1359503,M Jansen,17
1359503,MA Agarwal,2
1359503,MM Ali,6
1359503,RA Tripathi,21
1359503,RD Gaikwad,35
1359503,Washington Sundar,9
1359504,A Badoni,8
1359504,A Manohar,3
1359504,DA Miller,6
1359504,DJ Hooda,2
1359504,HH Pandya,66
1359504,KH Pandya,23
1359504,KL Rahul,68
1359504,KR Mayers,24
1359504,MP Stoinis,0
1359504,N Pooran,1
1359504,R Tewatia,2
1359504,Ravi Bishnoi,0
1359504,Shubman Gill,0
1359504,V Shankar,10
1359504,WP Saha,47
1359505,Atharva Taide,29
1359505,C Green,67
1359505,Harpreet Brar,5
1359505,Harpreet Singh,41
1359505,Ishan Kishan,1
1359505,JC Archer,1
1359505,JM Sharma,25
1359505,LS Livingstone,10
1359505,MW Short,11
1359505,N Wadhera,0
1359505,P Simran Singh,26
1359505,RG Sharma,44
1359505,SA Yadav,57
1359505,SM Curran,55
1359505,TH David,25
1359505,Tilak Varma,3
1359506,Abdul Basith,1
1359506,D Padikkal,52
1359506,DJ Willey,4
1359506,Dhruv Jurel,34
1359506,F du Plessis,62
1359506,GJ Maxwell,77
1359506,JC Buttler,0
1359506,KD Karthik,16
1359506,MK Lomror,8
1359506,Mohammed Siraj,1
1359506,PWH de Silva,6
1359506,R Ashwin,12
1359506,SO Hetmyer,3
1359506,SS Prabhudessai,0
1359506,SV Samson,22
1359506,Shahbaz Ahmed,2
1359506,V Kohli,0
1359506,Vijaykumar Vyshak,0
1359506,YBK Jaiswal,47
1359507,AD Russell,9
1359507,AM Rahane,71
1359507,CV Varun,0
1359507,D Wiese,1
1359507,DP Conway,56
1359507,JJ Roy,61
1359507,MS Dhoni,2
1359507,N Jagadeesan,1
1359507,N Rana,27
1359507,RA Jadeja,18
1359507,RD Gaikwad,35
1359507,RK Singh,53
1359507,S Dube,50
1359507,SP Narine,0
1359507,UT Yadav,4
1359507,VR Iyer,20
1359508,A Nortje,2
1359508,AK Markram,3
1359508,AR Patel,34
1359508,Abhishek Sharma,5
1359508,Aman Hakim Khan,4
1359508,DA Warner,21
1359508,H Klaasen,31
1359508,HC Brook,7
1359508,I Sharma,1
1359508,Kuldeep Yadav,4
1359508,M Jansen,2
1359508,MA Agarwal,49
1359508,MK Pandey,34
1359508,MR Marsh,25
1359508,PD Salt,0
1359508,RA Tripathi,15
1359508,RV Patel,5
1359508,SN Khan,10
1359508,Washington Sundar,24
1359509,A Manohar,42
1359509,Arjun Tendulkar,13
1359509,C Green,33
1359509,DA Miller,46
1359509,HH Pandya,13
1359509,Ishan Kishan,13
1359509,JP Behrendorff,3
1359509,N Wadhera,40
1359509,PP Chawla,18
1359509,R Tewatia,20
1359509,RG Sharma,2
1359509,RP Meredith,0
1359509,Rashid Khan,2
1359509,SA Yadav,23
1359509,Shubman Gill,56
1359509,TH David,0
1359509,Tilak Varma,2
1359509,V Shankar,19
1359509,WP Saha,4
1359510,AD Russell,1
1359510,D Wiese,12
1359510,DJ Willey,11
1359510,F du Plessis,17
1359510,GJ Maxwell,5
1359510,JJ Roy,56
1359510,KD Karthik,22
1359510,MK Lomror,34
1359510,N Jagadeesan,27
1359510,N Rana,48
1359510,PWH de Silva,5
1359510,RK Singh,18
1359510,SS Prabhudessai,10
1359510,Shahbaz Ahmed,2
1359510,V Kohli,54
1359510,VR Iyer,31
1359510,Vijaykumar Vyshak,13
1359511,AM Rahane,15
1359511,AT Rayudu,0
1359511,D Padikkal,27
1359511,DP Conway,8
1359511,Dhruv Jurel,34
1359511,JC Buttler,27
1359511,MM Ali,23
1359511,R Ashwin,1
1359511,RA Jadeja,23
1359511,RD Gaikwad,47
1359511,S Dube,52
1359511,SO Hetmyer,8
1359511,SV Samson,17
1359511,YBK Jaiswal,77
1359512,A Badoni,43
1359512,Arshdeep Singh,2
1359512,Atharva Taide,66
1359512,DJ Hooda,11
1359512,JM Sharma,24
1359512,K Rabada,0
1359512,KH Pandya,5
1359512,KL Rahul,12
1359512,KR Mayers,54
1359512,LS Livingstone,23
1359512,M Shahrukh Khan,6
1359512,MP Stoinis,72
1359512,N Pooran,45
1359512,P Simran Singh,9
1359512,RD Chahar,0
1359512,S Dhawan,1
1359512,SM Curran,21
1359512,Sikandar Raza,36
1359513,AD Russell,34
1359513,D Wiese,8
1359513,DA Miller,32
1359513,HH Pandya,26
1359513,N Jagadeesan,19
1359513,N Rana,4
1359513,RK Singh,19
1359513,Rahmanullah Gurbaz,81
1359513,SN Thakur,0
1359513,Shubman Gill,49
1359513,V Shankar,51
1359513,VR Iyer,11
1359513,WP Saha,10
1359514,AJ Hosein,16
1359514,AK Markram,8
1359514,AR Patel,29
1359514,Abdul Samad,28
1359514,Abhishek Sharma,67
1359514,DA Warner,0
1359514,H Klaasen,53
1359514,HC Brook,0
1359514,MA Agarwal,5
1359514,MK Pandey,1
1359514,MR Marsh,63
1359514,PD Salt,59
1359514,PK Garg,12
1359514,RA Tripathi,10
1359514,RV Patel,11
1359514,SN Khan,9
1359515,Atharva Taide,13
1359515,DP Conway,92
1359515,JM Sharma,21
1359515,LS Livingstone,40
1359515,M Shahrukh Khan,2
1359515,MM Ali,10
1359515,MS Dhoni,13
1359515,P Simran Singh,42
1359515,RA Jadeja,12
1359515,RD Gaikwad,37
1359515,S Dhawan,28
1359515,S Dube,28
1359515,SM Curran,29
1359515,Sikandar Raza,13
1359516,C Green,44
1359516,D Padikkal,2
1359516,Dhruv Jurel,2
1359516,Ishan Kishan,28
1359516,JC Buttler,18
1359516,JO Holder,11
1359516,R Ashwin,8
1359516,RG Sharma,3
1359516,SA Yadav,55
1359516,SO Hetmyer,8
1359516,SV Samson,14
1359516,TA Boult,0
1359516,TH David,45
1359516,Tilak Varma,29
1359516,YBK Jaiswal,124
1359517,A Badoni,4
1359517,A Mishra,19
1359517,Anuj Rawat,9
1359517,DJ Hooda,1
1359517,F du Plessis,44
1359517,GJ Maxwell,4
1359517,JR Hazlewood,1
1359517,K Gowtham,23
1359517,KD Karthik,16
1359517,KH Pandya,14
1359517,KL Rahul,0
1359517,KR Mayers,0
1359517,KV Sharma,2
1359517,MK Lomror,3
1359517,MP Stoinis,13
1359517,Mohammed Siraj,0
1359517,N Pooran,9
1359517,Naveen-ul-Haq,13
1359517,PWH de Silva,8
1359517,Ravi Bishnoi,5
1359517,SS Prabhudessai,6
1359517,V Kohli,31
1359518,A Manohar,26
1359518,A Nortje,3
1359518,AR Patel,27
1359518,Aman Hakim Khan,51
1359518,DA Miller,0
1359518,DA Warner,2
1359518,HH Pandya,59
1359518,Kuldeep Yadav,0
1359518,MK Pandey,1
1359518,PD Salt,0
1359518,PK Garg,10
1359518,R Tewatia,20
1359518,RR Rossouw,8
1359518,RV Patel,23
1359518,Rashid Khan,3
1359518,Shubman Gill,6
1359518,V Shankar,6
1359518,WP Saha,0
1359519,A Badoni,59
1359519,K Gowtham,1
1359519,KH Pandya,0
1359519,KR Mayers,14
1359519,KS Sharma,9
1359519,M Vohra,10
1359519,MP Stoinis,6
1359519,N Pooran,20
1359520,C Green,23
1359520,Ishan Kishan,75
1359520,JM Sharma,49
1359520,LS Livingstone,82
1359520,MW Short,27
1359520,P Simran Singh,9
1359520,RG Sharma,0
1359520,S Dhawan,30
1359520,SA Yadav,66
1359520,TH David,19
1359520,Tilak Varma,26
1359521,AD Russell,24
1359521,AK Markram,41
1359521,AS Roy,13
1359521,Abdul Samad,21
1359521,Abhishek Sharma,9
1359521,B Kumar,5
1359521,H Klaasen,36
1359521,HC Brook,0
1359521,Harshit Rana,0
1359521,JJ Roy,20
1359521,M Jansen,1
1359521,M Markande,1
1359521,MA Agarwal,18
1359521,N Rana,42
1359521,RA Tripathi,20
1359521,RK Singh,46
1359521,Rahmanullah Gurbaz,0
1359521,SN Thakur,8
1359521,SP Narine,1
1359521,VG Arora,2
1359521,VR Iyer,7
1359522,A Zampa,7
1359522,D Padikkal,12
1359522,Dhruv Jurel,9
1359522,HH Pandya,39
1359522,JC Buttler,8
1359522,R Ashwin,2
1359522,R Parag,4
1359522,SO Hetmyer,7
1359522,SV Samson,30
1359522,Sandeep Sharma,2
1359522,Shubman Gill,36
1359522,TA Boult,15
1359522,WP Saha,41
1359522,YBK Jaiswal,14
1359523,AM Rahane,21
1359523,AT Rayudu,12
1359523,Arshad Khan,1
1359523,C Green,6
1359523,DP Conway,44
1359523,Ishan Kishan,7
1359523,JC Archer,3
1359523,MS Dhoni,2
1359523,N Wadhera,64
1359523,PP Chawla,2
1359523,RD Gaikwad,30
1359523,RG Sharma,0
1359523,S Dube,26
1359523,SA Yadav,26
1359523,T Stubbs,20
1359523,TH David,2
1359524,AR Patel,8
1359524,Anuj Rawat,8
1359524,DA Warner,22
1359524,F du Plessis,45
1359524,GJ Maxwell,0
1359524,KD Karthik,11
1359524,MK Lomror,54
1359524,MR Marsh,26
1359524,PD Salt,87
1359524,RR Rossouw,35
1359524,V Kohli,55
1359525,A Badoni,21
1359525,DA Miller,21
1359525,DJ Hooda,11
1359525,HH Pandya,25
1359525,KH Pandya,0
1359525,KR Mayers,48
1359525,MP Stoinis,4
1359525,N Pooran,3
1359525,Q de Kock,70
1359525,Ravi Bishnoi,4
1359525,Shubman Gill,94
1359525,Swapnil Singh,2
1359525,WP Saha,81
1359526,AK Markram,6
1359526,Abdul Samad,17
1359526,Abhishek Sharma,55
1359526,Anmolpreet Singh,33
1359526,GD Phillips,25
1359526,H Klaasen,26
1359526,JC Buttler,95
1359526,M Jansen,3
1359526,RA Tripathi,47
1359526,SO Hetmyer,7
1359526,SV Samson,66
1359526,YBK Jaiswal,35
1359527,AD Russell,42
1359527,Harpreet Brar,17
1359527,JJ Roy,38
1359527,JM Sharma,21
1359527,LS Livingstone,15
1359527,M Shahrukh Khan,21
1359527,N Rana,51
1359527,P Simran Singh,12
1359527,PBB Rajapaksa,0
1359527,R Dhawan,19
1359527,RK Singh,21
1359527,Rahmanullah Gurbaz,15
1359527,S Dhawan,57
1359527,SM Curran,4
1359527,VR Iyer,11
1359528,Anuj Rawat,6
1359528,C Green,2
1359528,F du Plessis,65
1359528,GJ Maxwell,68
1359528,Ishan Kishan,42
1359528,KD Karthik,30
1359528,KM Jadhav,12
1359528,MK Lomror,1
1359528,N Wadhera,52
1359528,PWH de Silva,12
1359528,RG Sharma,7
1359528,SA Yadav,83
1359528,TH David,0
1359528,V Kohli,1
1359529,AM Rahane,21
1359529,AR Patel,21
1359529,AT Rayudu,23
1359529,Aman Hakim Khan,2
1359529,DA Warner,0
1359529,DL Chahar,1
1359529,DP Conway,10
1359529,Kuldeep Yadav,0
1359529,Lalit Yadav,12
1359529,MK Pandey,27
1359529,MM Ali,7
1359529,MR Marsh,5
1359529,MS Dhoni,20
1359529,PD Salt,17
1359529,RA Jadeja,21
1359529,RD Gaikwad,24
1359529,RR Rossouw,35
1359529,RV Patel,10
1359529,S Dube,25
1359529,TU Deshpande,0
1359530,AD Russell,10
1359530,AS Roy,6
1359530,JC Buttler,0
1359530,JJ Roy,10
1359530,N Rana,22
1359530,RK Singh,16
1359530,Rahmanullah Gurbaz,18
1359530,SN Thakur,1
1359530,SP Narine,6
1359530,SV Samson,48
1359530,VR Iyer,57
1359530,YBK Jaiswal,98
1359531,A Manohar,2
1359531,AS Joseph,7
1359531,C Green,3
1359531,DA Miller,41
1359531,HH Pandya,4
1359531,Ishan Kishan,31
1359531,N Wadhera,15
1359531,Noor Ahmad,1
1359531,R Tewatia,14
1359531,RG Sharma,29
1359531,Rashid Khan,79
1359531,SA Yadav,103
1359531,Shubman Gill,6
1359531,TH David,5
1359531,V Shankar,29
1359531,Vishnu Vinod,30
1359531,WP Saha,2
1359532,AK Markram,28
1359532,Abdul Samad,37
1359532,Abhishek Sharma,7
1359532,Anmolpreet Singh,36
1359532,B Kumar,2
1359532,GD Phillips,0
1359532,H Klaasen,47
1359532,KR Mayers,2
1359532,MP Stoinis,40
1359532,N Pooran,44
1359532,PN Mankad,64
1359532,Q de Kock,29
1359532,RA Tripathi,20
1359533,AR Patel,1
1359533,Aman Hakim Khan,16
1359533,DA Warner,54
1359533,Harpreet Brar,2
1359533,JM Sharma,5
1359533,Kuldeep Yadav,10
1359533,LS Livingstone,4
1359533,M Shahrukh Khan,2
1359533,MK Pandey,0
1359533,MR Marsh,3
1359533,Mukesh Kumar,6
1359533,P Dubey,16
1359533,P Simran Singh,103
1359533,PD Salt,21
1359533,RR Rossouw,5
1359533,S Dhawan,7
1359533,SM Curran,20
1359533,Sikandar Raza,11
1359534,A Zampa,2
1359534,Anuj Rawat,29
1359534,D Padikkal,4
1359534,Dhruv Jurel,1
1359534,F du Plessis,55
1359534,GJ Maxwell,54
1359534,JC Buttler,0
1359534,JE Root,10
1359534,KD Karthik,0
1359534,KM Asif,0
1359534,MG Bracewell,9
1359534,MK Lomror,1
1359534,SO Hetmyer,35
1359534,SV Samson,4
1359534,Sandeep Sharma,0
1359534,V Kohli,18
1359534,YBK Jaiswal,0
1359535,AD Russell,2
1359535,AM Rahane,16
1359535,AT Rayudu,4
1359535,DP Conway,30
1359535,JJ Roy,12
1359535,MM Ali,1
1359535,MS Dhoni,2
1359535,N Rana,57
1359535,RA Jadeja,20
1359535,RD Gaikwad,17
1359535,RK Singh,54
1359535,Rahmanullah Gurbaz,1
1359535,S Dube,48
1359535,VR Iyer,9
1359536,AK Markram,10
1359536,Abdul Samad,4
1359536,Abhishek Sharma,5
1359536,Anmolpreet Singh,5
1359536,B Kumar,27
1359536,B Sai Sudharsan,47
1359536,DA Miller,7
1359536,Fazalhaq Farooqi,1
1359536,H Klaasen,64
1359536,HH Pandya,8
1359536,M Jansen,3
1359536,M Markande,18
1359536,MD Shanaka,9
1359536,MM Sharma,0
1359536,Mohammed Shami,0
1359536,Noor Ahmad,0
1359536,R Tewatia,3
1359536,RA Tripathi,1
1359536,Rashid Khan,0
1359536,Sanvir Singh,7
1359536,Shubman Gill,101
1359536,WP Saha,0
1359537,C Green,4
1359537,DJ Hooda,5
1359537,Ishan Kishan,59
1359537,KH Pandya,49
1359537,MP Stoinis,89
1359537,N Pooran,8
1359537,N Wadhera,16
1359537,PN Mankad,0
1359537,Q de Kock,16
1359537,RG Sharma,37
1359537,SA Yadav,7
1359537,TH David,32
1359537,Vishnu Vinod,2
1359538,Atharva Taide,55
1359538,DA Warner,46
1359538,Harpreet Brar,0
1359538,JM Sharma,0
1359538,LS Livingstone,94
1359538,M Shahrukh Khan,6
1359538,P Simran Singh,22
1359538,PD Salt,26
1359538,PP Shaw,54
1359538,RR Rossouw,82
1359538,S Dhawan,0
1359538,SM Curran,11
1359539,AK Markram,18
1359539,Abhishek Sharma,11
1359539,F du Plessis,71
1359539,GD Phillips,5
1359539,GJ Maxwell,5
1359539,H Klaasen,104
1359539,HC Brook,27
1359539,MG Bracewell,4
1359539,RA Tripathi,15
1359539,V Kohli,100
1359540,Atharva Taide,19
1359540,D Padikkal,51
1359540,Dhruv Jurel,10
1359540,JC Buttler,0
1359540,JM Sharma,44
1359540,LS Livingstone,9
1359540,M Shahrukh Khan,41
1359540,P Simran Singh,2
1359540,R Parag,20
1359540,S Dhawan,17
1359540,SM Curran,49
1359540,SO Hetmyer,46
1359540,SV Samson,2
1359540,TA Boult,1
1359540,YBK Jaiswal,50
1359541,A Nortje,0
1359541,AR Patel,15
1359541,Aman Hakim Khan,7
1359541,C Sakariya,0
1359541,DA Warner,86
1359541,DP Conway,87
1359541,Kuldeep Yadav,0
1359541,Lalit Yadav,6
1359541,MS Dhoni,5
1359541,PD Salt,3
1359541,PP Shaw,5
1359541,RA Jadeja,20
1359541,RD Gaikwad,79
1359541,RR Rossouw,0
1359541,S Dube,22
1359541,YV Dhull,13
1359542,A Badoni,25
1359542,AD Russell,7
1359542,JJ Roy,45
1359542,K Gowtham,11
1359542,KH Pandya,9
1359542,KS Sharma,3
1359542,MP Stoinis,0
1359542,N Pooran,58
1359542,N Rana,8
1359542,Naveen-ul-Haq,2
1359542,PN Mankad,26
1359542,Q de Kock,28
1359542,RK Singh,67
1359542,Rahmanullah Gurbaz,10
1359542,Ravi Bishnoi,2
1359542,SN Thakur,3
1359542,SP Narine,1
1359542,VG Arora,1
1359542,VR Iyer,24
1359543,AK Markram,13
1359543,C Green,100
1359543,GD Phillips,1
1359543,H Klaasen,18
1359543,HC Brook,0
1359543,Ishan Kishan,14
1359543,MA Agarwal,83
1359543,RG Sharma,56
1359543,SA Yadav,25
1359543,Sanvir Singh,4
1359543,Vivrant Sharma,69
1359544,Anuj Rawat,23
1359544,DA Miller,6
1359544,F du Plessis,28
1359544,GJ Maxwell,11
1359544,KD Karthik,0
1359544,MD Shanaka,0
1359544,MG Bracewell,26
1359544,MK Lomror,1
1359544,R Tewatia,4
1359544,Shubman Gill,104
1359544,V Kohli,101
1359544,V Shankar,53
1359544,WP Saha,12
1370350,AM Rahane,17
1370350,AT Rayudu,17
1370350,DA Miller,4
1370350,DG Nalkande,0
1370350,DP Conway,40
1370350,HH Pandya,8
1370350,MD Shanaka,17
1370350,MM Ali,9
1370350,MS Dhoni,1
1370350,Mohammed Shami,5
1370350,Noor Ahmad,7
1370350,R Tewatia,3
1370350,RA Jadeja,22
1370350,RD Gaikwad,60
1370350,Rashid Khan,30
1370350,S Dube,1
1370350,Shubman Gill,42
1370350,V Shankar,14
1370350,WP Saha,12
1370351,A Badoni,1
1370351,C Green,41
1370351,CJ Jordan,4
1370351,DJ Hooda,15
1370351,HR Shokeen,0
1370351,Ishan Kishan,15
1370351,K Gowtham,2
1370351,KH Pandya,8
1370351,KR Mayers,18
1370351,MP Stoinis,40
1370351,Mohsin Khan,0
1370351,N Pooran,0
1370351,N Wadhera,23
1370351,Naveen-ul-Haq,1
1370351,PN Mankad,3
1370351,RG Sharma,11
1370351,Ravi Bishnoi,3
1370351,SA Yadav,33
1370351,TH David,13
1370351,Tilak Varma,26
1370352,B Sai Sudharsan,43
1370352,C Green,30
1370352,CJ Jordan,2
1370352,HH Pandya,28
1370352,JP Behrendorff,3
1370352,K Kartikeya,6
1370352,N Wadhera,4
1370352,PP Chawla,0
1370352,RG Sharma,8
1370352,Rashid Khan,5
1370352,SA Yadav,61
1370352,Shubman Gill,129
1370352,TH David,2
1370352,Tilak Varma,43
1370352,Vishnu Vinod,5
1370352,WP Saha,18
1370353,AM Rahane,27
1370353,AT Rayudu,19
1370353,B Sai Sudharsan,96
1370353,DP Conway,47
1370353,HH Pandya,21
1370353,MS Dhoni,0
1370353,RA Jadeja,15
1370353,RD Gaikwad,26
1370353,Rashid Khan,0
1370353,S Dube,32
1370353,Shubman Gill,39
1370353,WP Saha,54
1422119,AM Rahane,27
1422119,Anuj Rawat,48
1422119,C Green,18
1422119,DJ Mitchell,22
1422119,F du Plessis,35
1422119,GJ Maxwell,0
1422119,KD Karthik,38
1422119,R Ravindra,37
1422119,RA Jadeja,25
1422119,RD Gaikwad,15
1422119,RM Patidar,0
1422119,S Dube,34
1422119,V Kohli,21
1422120,AR Patel,21
1422120,Abishek Porel,32
1422120,DA Warner,29
1422120,Harpreet Brar,2
1422120,JM Bairstow,9
1422120,JM Sharma,9
1422120,Kuldeep Yadav,1
1422120,LS Livingstone,38
1422120,MR Marsh,20
1422120,P Simran Singh,26
1422120,RK Bhui,3
1422120,RR Pant,18
1422120,S Dhawan,22
1422120,SD Hope,33
1422120,SM Curran,63
1422120,Shashank Singh,0
1422120,Sumit Kumar,2
1422120,T Stubbs,5
1422121,AD Russell,64
1422121,AK Markram,18
1422121,Abdul Samad,15
1422121,Abhishek Sharma,32
1422121,H Klaasen,63
1422121,M Jansen,1
1422121,MA Agarwal,32
1422121,MA Starc,6
1422121,N Rana,9
1422121,PD Salt,54
1422121,PJ Cummins,0
1422121,RA Tripathi,20
1422121,RK Singh,23
1422121,Ramandeep Singh,35
1422121,SP Narine,2
1422121,SS Iyer,0
1422121,Shahbaz Ahmed,16
1422121,VR Iyer,7
1422122,A Badoni,1
1422122,D Padikkal,0
1422122,DJ Hooda,26
1422122,Dhruv Jurel,20
1422122,JC Buttler,11
1422122,KH Pandya,3
1422122,KL Rahul,58
1422122,MP Stoinis,3
1422122,N Pooran,64
1422122,Q de Kock,4
1422122,R Parag,43
1422122,SO Hetmyer,5
1422122,SV Samson,82
1422122,YBK Jaiswal,24
1422123,Azmatullah Omarzai,17
1422123,B Sai Sudharsan,45
1422123,D Brevis,46
1422123,DA Miller,12
1422123,G Coetzee,1
1422123,HH Pandya,11
1422123,Ishan Kishan,0
1422123,JJ Bumrah,1
1422123,Naman Dhir,20
1422123,PP Chawla,0
1422123,R Tewatia,22
1422123,RG Sharma,43
1422123,Rashid Khan,4
1422123,SZ Mulani,1
1422123,Shubman Gill,31
1422123,TH David,11
1422123,Tilak Varma,25
1422123,V Shankar,6
1422123,WP Saha,19
1422124,Anuj Rawat,11
1422124,C Green,3
1422124,F du Plessis,3
1422124,GJ Maxwell,3
1422124,Harpreet Brar,2
1422124,JM Bairstow,8
1422124,JM Sharma,27
1422124,KD Karthik,28
1422124,LS Livingstone,17
1422124,MK Lomror,17
1422124,P Simran Singh,25
1422124,RM Patidar,18
1422124,S Dhawan,45
1422124,SM Curran,23
1422124,Shashank Singh,21
1422124,V Kohli,77
1422125,AM Rahane,12
1422125,Azmatullah Omarzai,11
1422125,B Sai Sudharsan,37
1422125,DA Miller,21
1422125,DJ Mitchell,24
1422125,R Ravindra,46
1422125,R Tewatia,6
1422125,RA Jadeja,7
1422125,RD Gaikwad,46
1422125,Rashid Khan,1
1422125,S Dube,51
1422125,SH Johnson,5
1422125,Sameer Rizvi,14
1422125,Shubman Gill,8
1422125,UT Yadav,10
1422125,V Shankar,12
1422125,WP Saha,21
1422126,AK Markram,42
1422126,Abhishek Sharma,63
1422126,H Klaasen,80
1422126,HH Pandya,24
1422126,Ishan Kishan,34
1422126,MA Agarwal,11
1422126,Naman Dhir,30
1422126,R Shepherd,15
1422126,RG Sharma,26
1422126,TH David,42
1422126,TM Head,62
1422126,Tilak Varma,64
1422127,AR Patel,15
1422127,Abishek Porel,9
1422127,DA Warner,49
1422127,Dhruv Jurel,20
1422127,JC Buttler,11
1422127,MR Marsh,23
1422127,R Ashwin,29
1422127,R Parag,84
1422127,RK Bhui,0
1422127,RR Pant,28
1422127,SO Hetmyer,14
1422127,SV Samson,15
1422127,T Stubbs,44
1422127,YBK Jaiswal,5
1422128,Anuj Rawat,3
1422128,C Green,33
1422128,F du Plessis,8
1422128,GJ Maxwell,28
1422128,KD Karthik,20
1422128,PD Salt,30
1422128,RK Singh,5
1422128,RM Patidar,3
1422128,SP Narine,47
1422128,SS Iyer,39
1422128,V Kohli,83
1422128,VR Iyer,50
1422129,A Badoni,8
1422129,D Padikkal,9
1422129,JM Bairstow,42
1422129,JM Sharma,6
1422129,KH Pandya,43
1422129,KL Rahul,15
1422129,LS Livingstone,28
1422129,MP Stoinis,19
1422129,Mohsin Khan,2
1422129,N Pooran,42
1422129,P Simran Singh,19
1422129,Q de Kock,54
1422129,Ravi Bishnoi,0
1422129,S Dhawan,70
1422129,SM Curran,0
1422129,Shashank Singh,9
1422130,AK Markram,17
1422130,Abdul Samad,29
1422130,Abhishek Sharma,29
1422130,B Sai Sudharsan,45
1422130,DA Miller,44
1422130,H Klaasen,24
1422130,MA Agarwal,16
1422130,PJ Cummins,2
1422130,Shahbaz Ahmed,22
1422130,Shubman Gill,36
1422130,TM Head,19
1422130,V Shankar,14
1422130,WP Saha,25
1422130,Washington Sundar,0
1422131,AM Rahane,45
1422131,AR Patel,7
1422131,Abishek Porel,9
1422131,DA Warner,52
1422131,DJ Mitchell,34
1422131,MR Marsh,18
1422131,MS Dhoni,37
1422131,PP Shaw,43
1422131,R Ravindra,2
1422131,RA Jadeja,21
1422131,RD Gaikwad,1
1422131,RR Pant,51
1422131,S Dube,18
1422131,Sameer Rizvi,0
1422131,T Stubbs,0
1422132,Akash Madhwal,4
1422132,D Brevis,0
1422132,G Coetzee,4
1422132,HH Pandya,34
1422132,Ishan Kishan,16
1422132,JC Buttler,13
1422132,JJ Bumrah,8
1422132,Naman Dhir,0
1422132,PP Chawla,3
1422132,R Ashwin,16
1422132,R Parag,54
1422132,RG Sharma,0
1422132,SB Dubey,8
1422132,SV Samson,12
1422132,TH David,17
1422132,Tilak Varma,32
1422132,YBK Jaiswal,10
1422133,A Badoni,0
1422133,Anuj Rawat,11
1422133,C Green,9
1422133,D Padikkal,6
1422133,F du Plessis,19
1422133,GJ Maxwell,0
1422133,KD Karthik,4
1422133,KL Rahul,20
1422133,MK Lomror,33
1422133,MP Stoinis,24
1422133,Mayank Dagar,0
1422133,Mohammed Siraj,12
1422133,N Pooran,40
1422133,Q de Kock,81
1422133,RJW Topley,3
1422133,RM Patidar,29
1422133,V Kohli,22
1422134,A Nortje,4
1422134,A Raghuvanshi,54
1422134,AD Russell,41
1422134,AR Patel,0
1422134,Abishek Porel,0
1422134,DA Warner,18
1422134,I Sharma,1
1422134,MA Starc,1
1422134,MR Marsh,0
1422134,PD Salt,18
1422134,PP Shaw,10
1422134,RK Singh,26
1422134,RR Pant,55
1422134,Ramandeep Singh,2
1422134,Rasikh Salam,1
1422134,SP Narine,85
1422134,SS Iyer,18
1422134,Sumit Kumar,7
1422134,T Stubbs,54
1422134,VR Iyer,5
1422135,Ashutosh Sharma,31
1422135,B Sai Sudharsan,33
1422135,Harpreet Brar,1
1422135,JM Bairstow,22
1422135,JM Sharma,16
1422135,KS Williamson,26
1422135,P Simran Singh,35
1422135,R Tewatia,23
1422135,S Dhawan,1
1422135,SM Curran,5
1422135,Shashank Singh,61
1422135,Shubman Gill,89
1422135,Sikandar Raza,15
1422135,V Shankar,8
1422135,WP Saha,11
1422136,AK Markram,50
1422136,AM Rahane,35
1422136,Abhishek Sharma,37
1422136,DJ Mitchell,13
1422136,H Klaasen,10
1422136,MS Dhoni,1
1422136,Nithish Kumar Reddy,14
1422136,R Ravindra,12
1422136,RA Jadeja,31
1422136,RD Gaikwad,26
1422136,S Dube,45
1422136,Shahbaz Ahmed,18
1422136,TM Head,31
1422137,C Green,5
1422137,Dhruv Jurel,2
1422137,F du Plessis,44
1422137,GJ Maxwell,1
1422137,JC Buttler,100
1422137,R Parag,4
1422137,SO Hetmyer,11
1422137,SV Samson,69
1422137,Saurav Chauhan,9
1422137,V Kohli,113
1422137,YBK Jaiswal,0
1422138,AR Patel,8
1422138,Abishek Porel,41
1422138,DA Warner,10
1422138,HH Pandya,39
1422138,Ishan Kishan,42
1422138,JA Richardson,2
1422138,Kumar Kushagra,0
1422138,Lalit Yadav,3
1422138,PP Shaw,66
1422138,R Shepherd,39
1422138,RG Sharma,49
1422138,RR Pant,1
1422138,SA Yadav,0
1422138,T Stubbs,71
1422138,TH David,45
1422138,Tilak Varma,6
1422139,A Badoni,20
1422139,B Sai Sudharsan,31
1422139,BR Sharath,2
1422139,D Padikkal,7
1422139,DG Nalkande,12
1422139,KH Pandya,2
1422139,KL Rahul,33
1422139,KS Williamson,1
1422139,MP Stoinis,58
1422139,N Pooran,32
1422139,Noor Ahmad,4
1422139,Q de Kock,6
1422139,R Tewatia,30
1422139,Rashid Khan,0
1422139,SH Johnson,0
1422139,Shubman Gill,19
1422139,UT Yadav,2
1422139,V Shankar,17
1426260,A Raghuvanshi,24
1426260,AD Russell,10
1426260,AS Roy,3
1426260,DJ Mitchell,25
1426260,MA Starc,0
1426260,MS Dhoni,1
1426260,PD Salt,0
1426260,R Ravindra,15
1426260,RD Gaikwad,67
1426260,RK Singh,9
1426260,Ramandeep Singh,13
1426260,S Dube,28
1426260,SP Narine,27
1426260,SS Iyer,34
1426260,VG Arora,1
1426260,VR Iyer,3
1426261,AK Markram,0
1426261,Abdul Samad,25
1426261,Abhishek Sharma,16
1426261,Ashutosh Sharma,33
1426261,B Kumar,6
1426261,H Klaasen,9
1426261,JD Unadkat,6
1426261,JM Bairstow,0
1426261,JM Sharma,19
1426261,Nithish Kumar Reddy,64
1426261,P Simran Singh,4
1426261,PJ Cummins,3
1426261,RA Tripathi,11
1426261,S Dhawan,14
1426261,SM Curran,29
1426261,Shahbaz Ahmed,14
1426261,Shashank Singh,46
1426261,Sikandar Raza,28
1426261,TM Head,21
1426262,A Manohar,1
1426262,B Sai Sudharsan,35
1426262,JC Buttler,8
1426262,M Shahrukh Khan,14
1426262,MS Wade,4
1426262,R Parag,76
1426262,R Tewatia,22
1426262,Rashid Khan,24
1426262,SO Hetmyer,13
1426262,SV Samson,68
1426262,Shubman Gill,72
1426262,V Shankar,16
1426262,YBK Jaiswal,24
1426263,Akash Deep,2
1426263,F du Plessis,61
1426263,GJ Maxwell,0
1426263,HH Pandya,21
1426263,Ishan Kishan,69
1426263,KD Karthik,53
1426263,MK Lomror,0
1426263,RG Sharma,38
1426263,RM Patidar,50
1426263,SA Yadav,52
1426263,Saurav Chauhan,9
1426263,Tilak Varma,16
1426263,V Kohli,3
1426263,Vijaykumar Vyshak,0
1426263,WG Jacks,8
1426264,A Badoni,55
1426264,Arshad Khan,20
1426264,D Padikkal,3
1426264,DA Warner,8
1426264,DJ Hooda,10
1426264,J Fraser-McGurk,55
1426264,KH Pandya,3
1426264,KL Rahul,39
1426264,MP Stoinis,8
1426264,N Pooran,0
1426264,PP Shaw,32
1426264,Q de Kock,19
1426264,RR Pant,41
1426264,SD Hope,11
1426264,T Stubbs,15
1426265,Ashutosh Sharma,31
1426265,Atharva Taide,15
1426265,Dhruv Jurel,6
1426265,Harpreet Brar,3
1426265,JM Bairstow,15
1426265,JM Sharma,29
1426265,KA Maharaj,1
1426265,LS Livingstone,21
1426265,P Simran Singh,10
1426265,R Parag,23
1426265,R Powell,11
1426265,SM Curran,6
1426265,SO Hetmyer,27
1426265,SV Samson,18
1426265,Shashank Singh,9
1426265,Tanush Kotian,24
1426265,YBK Jaiswal,39
1426266,A Badoni,29
1426266,A Raghuvanshi,7
1426266,Arshad Khan (2),5
1426266,DJ Hooda,8
1426266,KH Pandya,7
1426266,KL Rahul,39
1426266,MP Stoinis,10
1426266,N Pooran,45
1426266,PD Salt,89
1426266,Q de Kock,10
1426266,SP Narine,6
1426266,SS Iyer,38
1426267,AM Rahane,5
1426267,DJ Mitchell,17
1426267,HH Pandya,2
1426267,Ishan Kishan,23
1426267,MS Dhoni,20
1426267,Mohammad Nabi,4
1426267,R Ravindra,21
1426267,R Shepherd,1
1426267,RD Gaikwad,69
1426267,RG Sharma,105
1426267,S Dube,66
1426267,SA Yadav,0
1426267,TH David,13
1426267,Tilak Varma,31
1426268,AK Markram,32
1426268,Abdul Samad,37
1426268,Abhishek Sharma,34
1426268,Anuj Rawat,25
1426268,F du Plessis,62
1426268,H Klaasen,67
1426268,KD Karthik,83
1426268,MK Lomror,19
1426268,RM Patidar,9
1426268,Saurav Chauhan,0
1426268,TM Head,102
1426268,V Kohli,42
1426268,Vijaykumar Vyshak,1
1426268,WG Jacks,7
1426269,A Raghuvanshi,30
1426269,AD Russell,13
1426269,Dhruv Jurel,2
1426269,JC Buttler,107
1426269,PD Salt,10
1426269,R Ashwin,8
1426269,R Parag,34
1426269,R Powell,26
1426269,RK Singh,20
1426269,Ramandeep Singh,1
1426269,SO Hetmyer,0
1426269,SP Narine,109
1426269,SS Iyer,11
1426269,SV Samson,12
1426269,TA Boult,0
1426269,VR Iyer,8
1426269,YBK Jaiswal,19
1426270,A Manohar,8
1426270,Abishek Porel,15
1426270,B Sai Sudharsan,12
1426270,DA Miller,2
1426270,J Fraser-McGurk,20
1426270,M Shahrukh Khan,0
1426270,MM Sharma,2
1426270,Noor Ahmad,1
1426270,PP Shaw,7
1426270,R Tewatia,10
1426270,RR Pant,16
1426270,Rashid Khan,31
1426270,SD Hope,19
1426270,SH Johnson,1
1426270,Shubman Gill,8
1426270,Sumit Kumar,9
1426270,WP Saha,2
1426271,Ashutosh Sharma,61
1426271,HH Pandya,10
1426271,HV Patel,1
1426271,Harpreet Brar,21
1426271,Harpreet Singh,13
1426271,Ishan Kishan,8
1426271,JM Sharma,9
1426271,K Rabada,8
1426271,LS Livingstone,1
1426271,Mohammad Nabi,0
1426271,P Simran Singh,0
1426271,R Shepherd,1
1426271,RG Sharma,36
1426271,RR Rossouw,1
1426271,SA Yadav,78
1426271,SM Curran,6
1426271,Shashank Singh,41
1426271,TH David,14
1426271,Tilak Varma,34
1426272,AM Rahane,36
1426272,KL Rahul,82
1426272,MM Ali,30
1426272,MP Stoinis,8
1426272,MS Dhoni,28
1426272,N Pooran,23
1426272,Q de Kock,54
1426272,R Ravindra,0
1426272,RA Jadeja,57
1426272,RD Gaikwad,17
1426272,S Dube,3
1426272,Sameer Rizvi,1
1426273,A Nortje,0
1426273,AK Markram,1
1426273,AR Patel,6
1426273,Abdul Samad,13
1426273,Abhishek Sharma,46
1426273,Abishek Porel,42
1426273,DA Warner,1
1426273,H Klaasen,15
1426273,J Fraser-McGurk,65
1426273,Kuldeep Yadav,0
1426273,Lalit Yadav,7
1426273,Mukesh Kumar,0
1426273,Nithish Kumar Reddy,37
1426273,PJ Cummins,1
1426273,PP Shaw,16
1426273,RR Pant,44
1426273,Shahbaz Ahmed,59
1426273,T Stubbs,10
1426273,TM Head,89
1426274,A Raghuvanshi,3
1426274,AD Russell,27
1426274,C Green,6
1426274,F du Plessis,7
1426274,KD Karthik,25
1426274,KV Sharma,20
1426274,LH Ferguson,1
1426274,MK Lomror,4
1426274,PD Salt,48
1426274,RK Singh,24
1426274,RM Patidar,52
1426274,Ramandeep Singh,24
1426274,SP Narine,10
1426274,SS Iyer,50
1426274,SS Prabhudessai,24
1426274,V Kohli,18
1426274,VR Iyer,16
1426274,WG Jacks,55
1426275,Ashutosh Sharma,3
1426275,Azmatullah Omarzai,13
1426275,B Sai Sudharsan,31
1426275,DA Miller,4
1426275,HV Patel,0
1426275,Harpreet Brar,29
1426275,Harpreet Singh,14
1426275,JM Sharma,13
1426275,K Rabada,1
1426275,LS Livingstone,6
1426275,M Shahrukh Khan,8
1426275,P Simran Singh,35
1426275,R Tewatia,36
1426275,RR Rossouw,9
1426275,Rashid Khan,3
1426275,SM Curran,20
1426275,Shashank Singh,8
1426275,Shubman Gill,35
1426275,WP Saha,13
1426276,G Coetzee,0
1426276,HH Pandya,10
1426276,Ishan Kishan,0
1426276,JC Buttler,35
1426276,JJ Bumrah,2
1426276,Mohammad Nabi,23
1426276,N Wadhera,49
1426276,PP Chawla,1
1426276,RG Sharma,6
1426276,SA Yadav,10
1426276,SV Samson,38
1426276,TH David,3
1426276,Tilak Varma,65
1426276,YBK Jaiswal,104
1426277,AM Rahane,1
1426277,D Padikkal,13
1426277,DJ Hooda,17
1426277,DJ Mitchell,11
1426277,KL Rahul,16
1426277,MP Stoinis,124
1426277,MS Dhoni,4
1426277,N Pooran,34
1426277,Q de Kock,0
1426277,RA Jadeja,16
1426277,RD Gaikwad,108
1426277,S Dube,66
1426278,AR Patel,66
1426278,Azmatullah Omarzai,1
1426278,B Sai Sudharsan,65
1426278,DA Miller,55
1426278,J Fraser-McGurk,23
1426278,M Shahrukh Khan,8
1426278,PP Shaw,11
1426278,R Sai Kishore,13
1426278,R Tewatia,4
1426278,RR Pant,88
1426278,Rashid Khan,21
1426278,SD Hope,5
1426278,Shubman Gill,6
1426278,T Stubbs,26
1426278,WP Saha,39
1426279,AK Markram,7
1426279,Abdul Samad,10
1426279,Abhishek Sharma,31
1426279,B Kumar,13
1426279,C Green,37
1426279,F du Plessis,25
1426279,H Klaasen,7
1426279,JD Unadkat,8
1426279,KD Karthik,11
1426279,MK Lomror,7
1426279,Nithish Kumar Reddy,13
1426279,PJ Cummins,31
1426279,RM Patidar,50
1426279,Shahbaz Ahmed,40
1426279,Swapnil Singh,12
1426279,TM Head,1
1426279,V Kohli,51
1426279,WG Jacks,6
1426280,AD Russell,24
1426280,JM Bairstow,108
1426280,P Simran Singh,54
1426280,PD Salt,75
1426280,RK Singh,5
1426280,RR Rossouw,26
1426280,Ramandeep Singh,6
1426280,SP Narine,71
1426280,SS Iyer,28
1426280,Shashank Singh,68
1426280,VR Iyer,39
1426281,AR Patel,11
1426281,Abishek Porel,36
1426281,HH Pandya,46
1426281,Ishan Kishan,20
1426281,J Fraser-McGurk,84
1426281,L Wood,9
1426281,Mohammad Nabi,7
1426281,N Wadhera,4
1426281,PP Chawla,10
1426281,RG Sharma,8
1426281,RR Pant,29
1426281,SA Yadav,26
1426281,SD Hope,41
1426281,T Stubbs,48
1426281,TH David,37
1426281,Tilak Varma,63
1426282,A Badoni,18
1426282,DJ Hooda,50
1426282,Dhruv Jurel,52
1426282,JC Buttler,34
1426282,KH Pandya,15
1426282,KL Rahul,76
1426282,MP Stoinis,0
1426282,N Pooran,11
1426282,Q de Kock,8
1426282,R Parag,14
1426282,SV Samson,71
1426282,YBK Jaiswal,24
1426283,B Sai Sudharsan,84
1426283,DA Miller,26
1426283,F du Plessis,24
1426283,M Shahrukh Khan,58
1426283,Shubman Gill,16
1426283,V Kohli,70
1426283,WG Jacks,100
1426283,WP Saha,5
1426284,AK Markram,32
1426284,AM Rahane,9
1426284,Abdul Samad,19
1426284,Abhishek Sharma,15
1426284,Anmolpreet Singh,0
1426284,B Kumar,4
1426284,DJ Mitchell,52
1426284,H Klaasen,20
1426284,JD Unadkat,1
1426284,MS Dhoni,5
1426284,Nithish Kumar Reddy,15
1426284,PJ Cummins,5
1426284,RD Gaikwad,98
1426284,S Dube,39
1426284,Shahbaz Ahmed,7
1426284,TM Head,13
1426285,AR Patel,15
1426285,Abishek Porel,18
1426285,J Fraser-McGurk,12
1426285,Kuldeep Yadav,35
1426285,Kumar Kushagra,1
1426285,LB Williams,1
1426285,PD Salt,68
1426285,PP Shaw,13
1426285,RK Singh,11
1426285,RR Pant,27
1426285,Rasikh Salam,8
1426285,SD Hope,6
1426285,SP Narine,15
1426285,SS Iyer,33
1426285,T Stubbs,4
1426285,VR Iyer,26
1426286,A Badoni,6
1426286,AA Kulkarni,0
1426286,AJ Turner,5
1426286,DJ Hooda,18
1426286,G Coetzee,1
1426286,HH Pandya,0
1426286,Ishan Kishan,32
1426286,KH Pandya,1
1426286,KL Rahul,28
1426286,MP Stoinis,62
1426286,Mohammad Nabi,1
1426286,N Pooran,14
1426286,N Wadhera,46
1426286,RG Sharma,4
1426286,SA Yadav,10
1426286,TH David,35
1426286,Tilak Varma,7
1426287,AM Rahane,29
1426287,DJ Mitchell,1
1426287,JM Bairstow,46
1426287,MM Ali,15
1426287,MS Dhoni,14
1426287,P Simran Singh,13
1426287,RA Jadeja,2
1426287,RD Gaikwad,62
1426287,RR Rossouw,43
1426287,S Dube,0
1426287,SM Curran,26
1426287,Sameer Rizvi,21
1426287,Shashank Singh,25
1426288,Abhishek Sharma,12
1426288,Anmolpreet Singh,5
1426288,Dhruv Jurel,1
1426288,H Klaasen,42
1426288,JC Buttler,0
1426288,Nithish Kumar Reddy,76
1426288,R Ashwin,2
1426288,R Parag,77
1426288,R Powell,27
1426288,SO Hetmyer,13
1426288,SV Samson,0
1426288,TM Head,58
1426288,YBK Jaiswal,67
1426289,A Raghuvanshi,13
1426289,AD Russell,7
1426289,G Coetzee,8
1426289,HH Pandya,1
1426289,Ishan Kishan,13
1426289,JJ Bumrah,1
1426289,MA Starc,0
1426289,MK Pandey,42
1426289,N Wadhera,6
1426289,Naman Dhir,11
1426289,PD Salt,5
1426289,PP Chawla,0
1426289,RG Sharma,11
1426289,RK Singh,9
1426289,Ramandeep Singh,2
1426289,SA Yadav,56
1426289,SP Narine,8
1426289,SS Iyer,6
1426289,TH David,24
1426289,Tilak Varma,4
1426289,VR Iyer,70
1426290,B Sai Sudharsan,6
1426290,C Green,1
1426290,DA Miller,30
1426290,F du Plessis,64
1426290,GJ Maxwell,4
1426290,KD Karthik,21
1426290,M Shahrukh Khan,37
1426290,MJ Suthar,1
1426290,MM Sharma,0
1426290,R Tewatia,35
1426290,RM Patidar,2
1426290,Rashid Khan,18
1426290,Shubman Gill,2
1426290,Swapnil Singh,15
1426290,V Kohli,42
1426290,V Shankar,10
1426290,WG Jacks,1
1426290,WP Saha,1
1426291,AM Rahane,9
1426291,Ashutosh Sharma,3
1426291,DJ Mitchell,30
1426291,HV Patel,12
1426291,Harpreet Brar,17
1426291,JM Bairstow,7
1426291,JM Sharma,0
1426291,K Rabada,11
1426291,MJ Santner,11
1426291,MM Ali,17
1426291,MS Dhoni,0
1426291,P Simran Singh,30
1426291,RA Jadeja,43
1426291,RD Chahar,16
1426291,RD Gaikwad,32
1426291,RJ Gleeson,2
1426291,RR Rossouw,0
1426291,S Dube,0
1426291,SM Curran,7
1426291,SN Thakur,17
1426291,Shashank Singh,27
1426291,TU Deshpande,0
1426292,A Badoni,15
1426292,A Raghuvanshi,32
1426292,AA Kulkarni,9
1426292,AD Russell,12
1426292,AJ Turner,16
1426292,DJ Hooda,5
1426292,KH Pandya,5
1426292,KL Rahul,25
1426292,MP Stoinis,36
1426292,N Pooran,10
1426292,PD Salt,32
1426292,RK Singh,16
1426292,Ramandeep Singh,25
1426292,Ravi Bishnoi,2
1426292,SP Narine,81
1426292,SS Iyer,23
1426292,VR Iyer,1
1426292,Yudhvir Singh,7
1426293,Abdul Samad,3
1426293,Abhishek Sharma,11
1426293,H Klaasen,2
1426293,Ishan Kishan,9
1426293,M Jansen,17
1426293,MA Agarwal,5
1426293,Naman Dhir,0
1426293,Nithish Kumar Reddy,20
1426293,PJ Cummins,35
1426293,RG Sharma,4
1426293,SA Yadav,102
1426293,Sanvir Singh,8
1426293,Shahbaz Ahmed,10
1426293,TM Head,48
1426293,Tilak Varma,37
1426294,AR Patel,15
1426294,Abishek Porel,65
1426294,Avesh Khan,7
1426294,D Ferreira,1
1426294,Gulbadin Naib,19
1426294,J Fraser-McGurk,50
1426294,JC Buttler,19
1426294,Kuldeep Yadav,5
1426294,R Ashwin,2
1426294,R Parag,27
1426294,R Powell,13
1426294,RR Pant,15
1426294,Rasikh Salam,9
1426294,SB Dubey,25
1426294,SD Hope,1
1426294,SV Samson,86
1426294,T Stubbs,41
1426294,TA Boult,2
1426294,YBK Jaiswal,4
1426295,A Badoni,55
1426295,Abhishek Sharma,75
1426295,KH Pandya,24
1426295,KL Rahul,29
1426295,MP Stoinis,3
1426295,N Pooran,48
1426295,Q de Kock,2
1426295,TM Head,89
1426296,Arshdeep Singh,4
1426296,Ashutosh Sharma,8
1426296,C Green,46
1426296,F du Plessis,9
1426296,HV Patel,0
1426296,JM Bairstow,27
1426296,JM Sharma,5
1426296,KD Karthik,18
1426296,LS Livingstone,0
1426296,MK Lomror,0
1426296,P Simran Singh,6
1426296,RD Chahar,5
1426296,RM Patidar,55
1426296,RR Rossouw,61
1426296,SM Curran,22
1426296,Shashank Singh,37
1426296,Swapnil Singh,1
1426296,V Kohli,92
1426296,WG Jacks,12
1426297,AM Rahane,1
1426297,B Sai Sudharsan,103
1426297,DA Miller,16
1426297,DJ Mitchell,63
1426297,M Shahrukh Khan,2
1426297,MJ Santner,0
1426297,MM Ali,56
1426297,MS Dhoni,26
1426297,R Ravindra,1
1426297,RA Jadeja,18
1426297,RD Gaikwad,0
1426297,S Dube,21
1426297,SN Thakur,3
1426297,Shubman Gill,104
1426298,A Kamboj,2
1426298,AD Russell,24
1426298,HH Pandya,2
1426298,Ishan Kishan,40
1426298,MA Starc,2
1426298,N Rana,33
1426298,N Wadhera,3
1426298,Naman Dhir,17
1426298,PD Salt,6
1426298,PP Chawla,1
1426298,RG Sharma,19
1426298,RK Singh,20
1426298,Ramandeep Singh,17
1426298,SA Yadav,11
1426298,SP Narine,0
1426298,SS Iyer,7
1426298,TH David,0
1426298,Tilak Varma,32
1426298,VR Iyer,42
1426299,DJ Mitchell,22
1426299,Dhruv Jurel,28
1426299,JC Buttler,21
1426299,MM Ali,10
1426299,R Ashwin,1
1426299,R Parag,47
1426299,R Ravindra,27
1426299,RA Jadeja,5
1426299,RD Gaikwad,42
1426299,S Dube,18
1426299,SB Dubey,0
1426299,SV Samson,15
1426299,Sameer Rizvi,15
1426299,YBK Jaiswal,24
1426300,AR Patel,57
1426300,Abishek Porel,2
1426300,C Green,32
1426300,DA Warner,1
1426300,F du Plessis,6
1426300,I Sharma,0
1426300,J Fraser-McGurk,21
1426300,KD Karthik,0
1426300,KV Sharma,6
1426300,Kuldeep Yadav,6
1426300,Kumar Kushagra,2
1426300,MK Lomror,13
1426300,Mukesh Kumar,3
1426300,RM Patidar,52
1426300,Rasikh Salam,10
1426300,SD Hope,29
1426300,Swapnil Singh,0
1426300,T Stubbs,3
1426300,V Kohli,27
1426300,WG Jacks,41
1426302,A Badoni,6
1426302,AR Patel,14
1426302,Abishek Porel,58
1426302,Arshad Khan,58
1426302,DJ Hooda,0
1426302,J Fraser-McGurk,0
1426302,KH Pandya,18
1426302,KL Rahul,5
1426302,MP Stoinis,5
1426302,N Pooran,61
1426302,Naveen-ul-Haq,2
1426302,Q de Kock,12
1426302,RR Pant,33
1426302,Ravi Bishnoi,2
1426302,SD Hope,38
1426302,T Stubbs,57
1426302,Yudhvir Singh,14
1426303,Ashutosh Sharma,17
1426303,Avesh Khan,3
1426303,D Ferreira,7
1426303,Dhruv Jurel,0
1426303,JM Bairstow,14
1426303,JM Sharma,22
1426303,P Simran Singh,6
1426303,R Ashwin,28
1426303,R Parag,48
1426303,R Powell,4
1426303,RR Rossouw,22
1426303,SM Curran,63
1426303,SV Samson,18
1426303,Shashank Singh,0
1426303,T Kohler-Cadmore,18
1426303,TA Boult,12
1426303,YBK Jaiswal,4
1426305,A Badoni,22
1426305,Arshad Khan,0
1426305,D Brevis,23
1426305,D Padikkal,0
1426305,DJ Hooda,11
1426305,HH Pandya,16
1426305,Ishan Kishan,14
1426305,KH Pandya,12
1426305,KL Rahul,55
1426305,MP Stoinis,28
1426305,N Pooran,75
1426305,N Wadhera,1
1426305,Naman Dhir,62
1426305,R Shepherd,1
1426305,RG Sharma,68
1426305,SA Yadav,0
1426306,AM Rahane,33
1426306,C Green,38
1426306,DJ Mitchell,4
1426306,F du Plessis,54
1426306,GJ Maxwell,16
1426306,KD Karthik,14
1426306,MJ Santner,3
1426306,MK Lomror,0
1426306,MS Dhoni,25
1426306,R Ravindra,61
1426306,RA Jadeja,42
1426306,RD Gaikwad,0
1426306,RM Patidar,41
1426306,S Dube,7
1426306,SN Thakur,1
1426306,V Kohli,47
1426307,Abdul Samad,11
1426307,Abhishek Sharma,66
1426307,Ashutosh Sharma,2
1426307,Atharva Taide,46
1426307,H Klaasen,42
1426307,JM Sharma,32
1426307,Nithish Kumar Reddy,37
1426307,P Simran Singh,71
1426307,RA Tripathi,33
1426307,RR Rossouw,49
1426307,Sanvir Singh,6
1426307,Shahbaz Ahmed,3
1426307,Shashank Singh,2
1426307,Shivam Singh,2
1426307,TM Head,0
1426309,Abdul Samad,16
1426309,Abhishek Sharma,3
1426309,B Kumar,0
1426309,H Klaasen,32
1426309,Nithish Kumar Reddy,9
1426309,PJ Cummins,30
1426309,RA Tripathi,55
1426309,Rahmanullah Gurbaz,23
1426309,SP Narine,21
1426309,SS Iyer,58
1426309,Sanvir Singh,0
1426309,Shahbaz Ahmed,0
1426309,TM Head,0
1426309,V Viyaskanth,7
1426309,VR Iyer,51
1426310,C Green,27
1426310,Dhruv Jurel,8
1426310,F du Plessis,17
1426310,GJ Maxwell,0
1426310,KD Karthik,11
1426310,KV Sharma,5
1426310,MK Lomror,32
1426310,R Parag,36
1426310,R Powell,16
1426310,RM Patidar,34
1426310,SO Hetmyer,26
1426310,SV Samson,17
1426310,Swapnil Singh,9
1426310,T Kohler-Cadmore,20
1426310,V Kohli,33
1426310,YBK Jaiswal,45
1426311,AK Markram,1
1426311,Abdul Samad,0
1426311,Abhishek Sharma,12
1426311,Dhruv Jurel,56
1426311,H Klaasen,50
1426311,JD Unadkat,5
1426311,Nithish Kumar Reddy,5
1426311,PJ Cummins,5
1426311,R Ashwin,0
1426311,R Parag,6
1426311,R Powell,6
1426311,RA Tripathi,37
1426311,SO Hetmyer,4
1426311,SV Samson,10
1426311,Shahbaz Ahmed,18
1426311,T Kohler-Cadmore,10
1426311,TA Boult,0
1426311,TM Head,34
1426311,YBK Jaiswal,42
1426312,AK Markram,20
1426312,Abdul Samad,4
1426312,Abhishek Sharma,2
1426312,B Kumar,0
1426312,H Klaasen,16
1426312,JD Unadkat,4
1426312,Nithish Kumar Reddy,13
1426312,PJ Cummins,24
1426312,RA Tripathi,9
1426312,Rahmanullah Gurbaz,39
1426312,SP Narine,6
1426312,SS Iyer,6
1426312,Shahbaz Ahmed,8
1426312,TM Head,0
1426312,VR Iyer,52
